arm,bg_bound_ok,bg_max_abs_err,bg_psnr_db,bin_factor,cmp_gbs,compressed_bytes,cr,dataset,dec_gbs,eb_bg,eb_roi,frame,global_max_abs_err,global_psnr_db,half_width,npeaks,roi_bound_ok,roi_frac_pct,roi_max_abs_err,roi_pixels,roi_psnr_db,status,tuning,value_range
roibin_b1,1,100.0,45.651091060016284,1,87.48324,761072,12.072234952803415,CXIDB21,87.750611,100.0,10.0,run0015_145854_38bb,100.0,45.65340632777702,4,16,1,0.05385378935636668,10.0,1237,65.50480447686616,ok,,9957.0
roibin_b2,n/a,5253.0,38.09442306364439,2,119.28542,191184,48.05757804000335,CXIDB21,97.693092,100.0,10.0,run0015_145854_38bb,5253.0,38.09675828588828,4,16,1,0.05385378935636668,10.0,1237,65.50480447686616,ok,,9957.0
cuszhi,1,10.0,65.25901674294923,1,26.210233237482317,1232264,7.456064609531723,CXIDB21,22.965925451927692,100.0,10.0,run0015_145854_38bb,10.0,65.25886172163645,4,16,1,0.05385378935636668,9.99267578125,1237,64.98029411242395,ok,spline/cr-first/cr,9957.0
pfpl,1,10.0,64.84536942403373,1,176.41781874039938,1332219,6.896643870114448,CXIDB21,162.3063877897117,100.0,10.0,run0015_145854_38bb,10.0,64.84569892003015,4,16,1,0.05385378935636668,10.0,1237,65.50480447686616,ok,,9957.0
cuszp3,1,10.0,64.84536942403373,1,134.67167,1582112,5.8073259036022735,CXIDB21,130.21315,100.0,10.0,run0015_145854_38bb,10.0,64.84569892003015,4,16,1,0.05385378935636668,10.0,1237,65.50480447686616,ok,,9957.0
roibin_b1,1,100.0,44.68144276753348,1,84.422227,447936,20.51150164309187,CXIDB21,90.88952,100.0,10.0,run0015_145855_3981,100.0,44.68431841557021,4,19,1,0.0670016021175815,10.0,1539,63.8613286261331,ok,,8793.0
roibin_b2,n/a,1330.0,42.34955777161246,2,120.33529,100208,91.6876896056203,CXIDB21,102.32359,100.0,10.0,run0015_145855_3981,1330.0,42.35244803140053,4,19,1,0.0670016021175815,10.0,1539,63.8613286261331,ok,,8793.0
cuszhi,1,10.0,64.38913680249337,1,27.28872256378271,894687,10.269334415275956,CXIDB21,25.327040973845545,100.0,10.0,run0015_145855_3981,10.0,64.38858938317432,4,19,1,0.0670016021175815,9.989501953125,1539,63.640465614825736,ok,spline/cr-first/cr,8793.0
pfpl,1,10.0,63.504855464760865,1,178.77957658779576,975318,9.420353156611485,CXIDB21,164.16237850200113,100.0,10.0,run0015_145855_3981,10.0,63.50508477409908,4,19,1,0.0670016021175815,10.0,1539,63.8613286261331,ok,,8793.0
cuszp3,1,10.0,63.504855464760865,1,139.71776,1138736,8.068454848182546,CXIDB21,135.88263,100.0,10.0,run0015_145855_3981,10.0,63.50508477409908,4,19,1,0.0670016021175815,10.0,1539,63.8613286261331,ok,,8793.0
roibin_b1,1,100.0,44.384738865551434,1,87.777438,652272,14.085902813550176,CXIDB21,88.781696,100.0,10.0,run0015_145901_42cc,100.0,44.38738058133606,4,18,1,0.061429019225410976,10.0,1411,64.3462273596683,ok,,9066.0
roibin_b2,n/a,4467.0,39.56232952631197,2,116.71544,162016,56.70946079399565,CXIDB21,105.94834,100.0,10.0,run0015_145901_42cc,4467.0,39.564989302200416,4,18,1,0.061429019225410976,10.0,1411,64.3462273596683,ok,,9066.0
cuszhi,1,10.0,64.49864410261748,1,26.79635378919232,1110273,8.27529805732464,CXIDB21,23.70835225630651,100.0,10.0,run0015_145901_42cc,10.0,64.49836607184031,4,18,1,0.061429019225410976,9.99542236328125,1411,64.06809007649117,ok,spline/cr-first/cr,9066.0
pfpl,1,10.0,64.06839760674653,1,178.0037197768134,1219555,7.533764364870793,CXIDB21,161.94021432600113,100.0,10.0,run0015_145901_42cc,10.0,64.06856293351105,4,18,1,0.061429019225410976,10.0,1411,64.3462273596683,ok,,9066.0
cuszp3,1,10.0,64.06839760674653,1,135.68998,1426256,6.441929078650677,CXIDB21,132.9875,100.0,10.0,run0015_145901_42cc,10.0,64.06856293351105,4,18,1,0.061429019225410976,10.0,1411,64.3462273596683,ok,,9066.0
roibin_b1,1,100.0,45.94033256596206,1,84.896513,749312,12.261701400751623,CXIDB21,87.111652,100.0,10.0,run0015_145905_471f,100.0,45.94831189922688,4,53,1,0.18572373920312063,10.0,4266,65.28148872780737,ok,,10290.0
roibin_b2,n/a,5320.0,38.67550681789588,2,111.63297,191104,48.07769591426658,CXIDB21,102.28714,100.0,10.0,run0015_145905_471f,5320.0,38.68356254213286,4,53,1,0.18572373920312063,10.0,4266,65.28148872780737,ok,,10290.0
cuszhi,1,10.0,65.56870961990006,1,26.223361974606735,1215851,7.556715419899313,CXIDB21,23.184754521963825,100.0,10.0,run0015_145905_471f,10.0,65.56776175693855,4,53,1,0.18572373920312063,10.0,4266,65.0861256219666,ok,spline/cr-first/cr,10290.0
pfpl,1,10.0,65.07961284524154,1,175.50122249388752,1324219,6.9383085426202165,CXIDB21,160.62657342657346,100.0,10.0,run0015_145905_471f,10.0,65.07997921150921,4,53,1,0.18572373920312063,10.0,4266,65.28148872780737,ok,,10290.0
cuszp3,1,10.0,65.07961284524154,1,136.91942,1563776,5.875419497421626,CXIDB21,134.35658,100.0,10.0,run0015_145905_471f,10.0,65.07997921150921,4,53,1,0.18572373920312063,10.0,4266,65.28148872780737,ok,,10290.0
roibin_b1,1,100.0,45.30373222838365,1,87.858018,352608,26.056810962882295,CXIDB21,93.009395,100.0,10.0,run0015_145909_4e03,100.0,45.30932426017186,4,37,1,0.13047680412371132,10.0,2997,63.91026143102694,ok,,8989.0
roibin_b2,n/a,1665.0,43.60004600520604,2,114.89396,78320,117.31154239019408,CXIDB21,102.79985,100.0,10.0,run0015_145909_4e03,1665.0,43.605663413237814,4,37,1,0.13047680412371132,10.0,2997,63.91026143102694,ok,,8989.0
cuszhi,1,10.0,64.65833501410589,1,27.824485852813538,770483,11.924779651205801,CXIDB21,26.268984446477585,100.0,10.0,run0015_145909_4e03,10.0,64.65715310253648,4,37,1,0.13047680412371132,9.996337890625,2997,63.835488136065024,ok,spline/cr-first/cr,8989.0
pfpl,1,10.0,63.5490923238042,1,178.44623990055936,877091,10.475355464826341,CXIDB21,159.15742793791574,100.0,10.0,run0015_145909_4e03,10.0,63.54954452655735,4,37,1,0.13047680412371132,10.0,2997,63.91026143102694,ok,,8989.0
cuszp3,1,10.0,63.5490923238042,1,142.20901,1016192,9.041440987529915,CXIDB21,138.77236,100.0,10.0,run0015_145909_4e03,10.0,63.54954452655735,4,37,1,0.13047680412371132,10.0,2997,63.91026143102694,ok,,8989.0
roibin_b1,1,100.0,49.63698208440962,1,82.695855,754352,12.179778140708846,CXIDB21,54.668698,100.0,10.0,run0015_145910_4eb4,100.0,49.64079576470276,4,26,1,0.0887695040401226,10.0,2039,69.14219828487182,ok,,15729.0
roibin_b2,n/a,2480.0,42.21356512146123,2,116.19587,190448,48.24330000840124,CXIDB21,103.31774,100.0,10.0,run0015_145910_4eb4,2480.0,42.217414217631735,4,26,1,0.0887695040401226,10.0,2039,69.14219828487182,ok,,15729.0
cuszhi,1,10.0,69.24083336951014,1,24.36598409076142,1223841,7.507380452199264,CXIDB21,23.139909735654417,100.0,10.0,run0015_145910_4eb4,10.0,69.2404186199762,4,26,1,0.0887695040401226,9.998046875,2039,68.79705609465672,ok,spline/cr-first/cr,15729.0
pfpl,1,10.0,68.70100206782664,1,177.23456790123456,1334428,6.885227228445446,CXIDB21,160.98682366134005,100.0,10.0,run0015_145910_4eb4,10.0,68.70137449479427,4,26,1,0.0887695040401226,10.0,2039,69.14219828487182,ok,,15729.0
cuszp3,1,10.0,68.70100206782664,1,135.43396,1573776,5.83808623336485,CXIDB21,131.88792,100.0,10.0,run0015_145910_4eb4,10.0,68.70137449479427,4,26,1,0.0887695040401226,10.0,2039,69.14219828487182,ok,,15729.0
roibin_b1,1,100.0,49.62919050873146,1,88.399013,706880,12.997736532367588,CXIDB21,92.440441,100.0,10.0,run0015_145912_517e,100.0,49.632710916136816,4,24,1,0.08193438283644469,10.0,1882,69.1884893954503,ok,,15823.0
roibin_b2,n/a,10854.0,43.15552504725335,2,115.21669,176880,51.94391677973768,CXIDB21,96.803776,100.0,10.0,run0015_145912_517e,10854.0,43.159075992959956,4,24,1,0.08193438283644469,10.0,1882,69.1884893954503,ok,,15823.0
cuszhi,1,10.0,69.32253990197817,1,25.893967598157403,1181412,7.776999048596087,CXIDB21,23.02485966319166,100.0,10.0,run0015_145912_517e,10.0,69.32199942806443,4,24,1,0.08193438283644469,9.9974365234375,1882,68.70840070463724,ok,spline/cr-first/cr,15823.0
pfpl,1,10.0,68.9801712514594,1,176.85247921157992,1275628,7.20260138535686,CXIDB21,162.1688788477831,100.0,10.0,run0015_145912_517e,10.0,68.98033790991164,4,24,1,0.08193438283644469,10.0,1882,69.1884893954503,ok,,15823.0
cuszp3,1,10.0,68.9801712514594,1,134.79813,1512928,6.072886482370609,CXIDB21,135.88263,100.0,10.0,run0015_145912_517e,10.0,68.98033790991164,4,24,1,0.08193438283644469,10.0,1882,69.1884893954503,ok,,15823.0
roibin_b1,1,100.0,49.18329206375498,1,85.989816,631120,14.557992140955761,CXIDB21,91.062479,100.0,10.0,run0015_145924_62af,100.0,49.18551571028352,4,15,1,0.05172053496795765,10.0,1188,69.05846243228726,ok,,15706.0
roibin_b2,n/a,10854.0,44.6042873279965,2,115.03206,155424,59.11467984352481,CXIDB21,100.60266,100.0,10.0,run0015_145924_62af,10854.0,44.60652604486483,4,15,1,0.05172053496795765,10.0,1188,69.05846243228726,ok,,15706.0
cuszhi,1,10.0,69.31763295191396,1,26.709924241102836,1077266,8.528849884800968,CXIDB21,23.800721183736062,100.0,10.0,run0015_145924_62af,10.0,69.31724074971955,4,15,1,0.05172053496795765,9.994489669799805,1188,68.61867639427935,ok,spline/cr-first/cr,15706.0
pfpl,1,10.0,68.72033533728617,1,176.36363636363637,1187731,7.735623638685864,CXIDB21,163.32195676905573,100.0,10.0,run0015_145924_62af,10.0,68.72050358715066,4,15,1,0.05172053496795765,10.0,1188,69.05846243228726,ok,,15706.0
cuszp3,1,10.0,68.72033533728617,1,136.33428,1388960,6.61490611680682,CXIDB21,133.60632,100.0,10.0,run0015_145924_62af,10.0,68.72050358715066,4,15,1,0.05172053496795765,10.0,1188,69.05846243228726,ok,,15706.0
roibin_b1,1,100.0,44.825025159844046,1,87.509904,693424,13.24995962066499,CXIDB21,86.769415,100.0,10.0,run0015_145939_77f7,100.0,44.82718021871655,4,15,1,0.05015324602953469,10.0,1152,64.47608889422801,ok,,9165.0
roibin_b2,n/a,2052.0,38.686149852630926,2,115.91441,173008,53.1064459446962,CXIDB21,101.7074,100.0,10.0,run0015_145939_77f7,2052.0,38.68832278158963,4,15,1,0.05015324602953469,10.0,1152,64.47608889422801,ok,,9165.0
cuszhi,1,10.0,64.59754035159615,1,26.32370005128455,1160027,7.9203673707594735,CXIDB21,23.337397382752176,100.0,10.0,run0015_145939_77f7,10.0,64.59729456689571,4,15,1,0.05015324602953469,9.9989013671875,1152,64.13319208670922,ok,spline/cr-first/cr,9165.0
pfpl,1,10.0,64.02657165492838,1,170.54945054945054,1276273,7.198961350745491,CXIDB21,24.379723189267217,100.0,10.0,run0015_145939_77f7,10.0,64.02678583255033,4,15,1,0.05015324602953469,10.0,1152,64.47608889422801,ok,,9165.0
cuszp3,1,10.0,64.02657165492838,1,137.37799,1494320,6.148509020825526,CXIDB21,129.74243,100.0,10.0,run0015_145939_77f7,10.0,64.02678583255033,4,15,1,0.05015324602953469,10.0,1152,64.47608889422801,ok,,9165.0
roibin_b1,1,100.0,49.380576548876356,1,66.44758,665360,13.808825297583263,CXIDB21,66.741048,100.0,10.0,run0015_145940_78c0,100.0,49.38379538644324,4,22,1,0.0748380468096963,10.0,1719,69.37679552765246,ok,,15881.0
roibin_b2,n/a,10854.0,43.87846931356232,2,112.81729,165872,55.391144979261114,CXIDB21,105.67538,100.0,10.0,run0015_145940_78c0,10854.0,43.88171153480734,4,22,1,0.0748380468096963,10.0,1719,69.37679552765246,ok,,15881.0
cuszhi,1,10.0,69.38080388759506,1,25.996282138703954,1130546,8.126905052956714,CXIDB21,23.487259192605016,100.0,10.0,run0015_145940_78c0,10.0,69.38054169347843,4,22,1,0.0748380468096963,9.99560546875,1719,69.04386006461763,ok,spline/cr-first/cr,15881.0
pfpl,1,10.0,68.8127176006418,1,176.68923076923076,1234708,7.441305960599591,CXIDB21,162.9049645390071,100.0,10.0,run0015_145940_78c0,10.0,68.81311349806445,4,22,1,0.0748380468096963,10.0,1719,69.37679552765246,ok,,15881.0
cuszp3,1,10.0,68.8127176006418,1,134.92482,1448560,6.342740376649914,CXIDB21,134.98825,100.0,10.0,run0015_145940_78c0,10.0,68.81311349806445,4,22,1,0.0748380468096963,10.0,1719,69.37679552765246,ok,,15881.0
roibin_b1,1,100.0,49.6537047519049,1,85.452382,775616,11.845861869791237,CXIDB21,87.058824,100.0,10.0,run0015_145940_791d,100.0,49.658249400311725,4,31,1,0.10579200334354974,10.0,2430,69.09796109496341,ok,,15795.0
roibin_b2,n/a,10854.0,41.84977488348344,2,113.17304,196096,46.853785900783286,CXIDB21,106.45903,100.0,10.0,run0015_145940_791d,10854.0,41.854363136648146,4,31,1,0.10579200334354974,10.0,2430,69.09796109496341,ok,,15795.0
cuszhi,1,10.0,69.2486780949714,1,25.33776227922491,1243317,7.389780723660981,CXIDB21,22.72957568081064,100.0,10.0,run0015_145940_791d,10.0,69.24826142758725,4,31,1,0.10579200334354974,9.993896484375,2430,68.87165331933359,ok,spline/cr-first/cr,15795.0
pfpl,1,10.0,68.82245822335219,1,172.49624511865426,1347165,6.82012967973485,CXIDB21,161.5756893640968,100.0,10.0,run0015_145940_791d,10.0,68.8227406403077,4,31,1,0.10579200334354974,10.0,2430,69.09796109496341,ok,,15795.0
cuszp3,1,10.0,68.82245822335219,1,135.81835,1598752,5.746882568403355,CXIDB21,129.80108,100.0,10.0,run0015_145940_791d,10.0,68.8227406403077,4,31,1,0.10579200334354974,10.0,2430,69.09796109496341,ok,,15795.0
roibin_b1,1,100.0,49.17420739611194,1,87.323604,749488,12.258822022500693,CXIDB21,88.946719,100.0,10.0,run0015_145941_7ac7,100.0,49.176522906102576,4,16,1,0.05385378935636668,10.0,1237,69.07160595090647,ok,,14935.0
roibin_b2,n/a,2638.0,41.825875627228335,2,120.58799,188448,48.75530650365087,CXIDB21,107.93985,100.0,10.0,run0015_145941_7ac7,2638.0,41.82821068532452,4,16,1,0.05385378935636668,10.0,1237,69.07160595090647,ok,,14935.0
cuszhi,1,10.0,68.80485456956436,1,26.01549404249535,1218840,7.538183846936431,CXIDB21,22.780069819105044,100.0,10.0,run0015_145941_7ac7,10.0,68.80462046333216,4,16,1,0.05385378935636668,9.9970703125,1237,68.39054199949301,ok,spline/cr-first/cr,14935.0
pfpl,1,10.0,68.26285100356418,1,178.77957658779576,1332360,6.89591401723258,CXIDB21,161.80332488024794,100.0,10.0,run0015_145941_7ac7,10.0,68.26324841713674,4,16,1,0.05385378935636668,10.0,1237,69.07160595090647,ok,,14935.0
cuszp3,1,10.0,68.26285100356418,1,138.57143,1570384,5.850696390182274,CXIDB21,134.92482,100.0,10.0,run0015_145941_7ac7,10.0,68.26324841713674,4,16,1,0.05385378935636668,10.0,1237,69.07160595090647,ok,,14935.0
roibin_b1,1,100.0,49.39548674976897,1,72.523362,649600,14.14384236453202,CXIDB21,74.46058,100.0,10.0,run0015_145947_830d,100.0,49.39803597489954,4,18,1,0.059295764837001955,10.0,1362,69.23760126894754,ok,,16053.0
roibin_b2,n/a,2456.0,44.5210364088787,2,110.00766,161136,57.019163936054014,CXIDB21,99.280778,100.0,10.0,run0015_145947_830d,2456.0,44.523603657229735,4,18,1,0.059295764837001955,10.0,1362,69.23760126894754,ok,,16053.0
cuszhi,1,10.0,69.49169324980201,1,26.38542401063706,1106536,8.3032454434379,CXIDB21,23.48918067656563,100.0,10.0,run0015_145947_830d,10.0,69.49118793875219,4,18,1,0.059295764837001955,9.99920654296875,1362,68.71352884759027,ok,spline/cr-first/cr,16053.0
pfpl,1,10.0,69.0555147367532,1,175.66228204343835,1211964,7.580951249377044,CXIDB21,161.80332488024794,100.0,10.0,run0015_145947_830d,10.0,69.05562047552698,4,18,1,0.059295764837001955,10.0,1362,69.23760126894754,ok,,16053.0
cuszp3,1,10.0,69.0555147367532,1,138.03846,1424768,6.448656904141586,CXIDB21,137.11556,100.0,10.0,run0015_145947_830d,10.0,69.05562047552698,4,18,1,0.059295764837001955,10.0,1362,69.23760126894754,ok,,16053.0
roibin_b1,1,100.0,44.309759726510734,1,87.992647,668560,13.74273064496829,CXIDB21,93.251058,100.0,10.0,run0015_145947_8367,100.0,44.31223495954415,4,17,1,0.05755433268319866,10.0,1322,64.30462251988452,ok,,8872.0
roibin_b2,n/a,2291.0,39.04567838058175,2,114.57303,166544,55.167643385531754,CXIDB21,108.63412,100.0,10.0,run0015_145947_8367,2291.0,39.048171202016086,4,17,1,0.05755433268319866,10.0,1322,64.30462251988452,ok,,8872.0
cuszhi,1,10.0,64.2992266075469,1,26.589185872874395,1134073,8.101630141974988,CXIDB21,23.520930613582372,100.0,10.0,run0015_145947_8367,10.0,64.29884384934222,4,17,1,0.05755433268319866,9.976318359375,1322,63.680415970262146,ok,spline/cr-first/cr,8872.0
pfpl,1,10.0,63.93422204791957,1,177.12523133867984,1236617,7.4298186099657375,CXIDB21,164.02170808340475,100.0,10.0,run0015_145947_8367,10.0,63.934426396378925,4,17,1,0.05755433268319866,10.0,1322,64.30462251988452,ok,,8872.0
cuszp3,1,10.0,63.93422204791957,1,137.24665,1450624,6.333715697520515,CXIDB21,134.04295,100.0,10.0,run0015_145947_8367,10.0,63.934426396378925,4,17,1,0.05755433268319866,10.0,1322,64.30462251988452,ok,,8872.0
roibin_b1,1,100.0,40.84142686367855,1,89.725002,626784,14.658702200439066,CXIDB21,88.617284,100.0,10.0,run0015_145948_83be,100.0,40.843937034941845,4,17,1,0.058381512956255224,10.0,1341,60.72712926278676,ok,,6021.0
roibin_b2,n/a,3354.0,36.520097099301424,2,121.04554,153200,59.97284595300261,CXIDB21,99.556169,100.0,10.0,run0015_145948_83be,3354.0,36.52262368697715,4,17,1,0.058381512956255224,10.0,1341,60.72712926278676,ok,,6021.0
cuszhi,1,10.0,60.99271065139252,1,26.78209870605348,1069932,8.587312090861849,CXIDB21,23.84222545152584,100.0,10.0,run0015_145948_83be,10.0,60.99242022507343,4,17,1,0.058381512956255224,10.0,1341,60.521719465970605,ok,spline/cr-first/cr,6021.0
pfpl,1,10.0,60.25468032388872,1,178.22470515207945,1187272,7.738614234985749,CXIDB21,161.8489289740699,100.0,10.0,run0015_145948_83be,10.0,60.25494168139114,4,17,1,0.058381512956255224,10.0,1341,60.72712926278676,ok,,6021.0
cuszp3,1,10.0,60.25468032388872,1,137.97213,1385168,6.6330149122705695,CXIDB21,137.31228,100.0,10.0,run0015_145948_83be,10.0,60.25494168139114,4,17,1,0.058381512956255224,10.0,1341,60.72712926278676,ok,,6021.0
roibin_b1,1,100.0,43.64730983618743,1,86.979703,623264,14.741489962519895,CXIDB21,87.831142,100.0,10.0,run0015_145948_8427,100.0,43.649583383875054,4,15,1,0.05289600167177487,10.0,1215,63.40484201673422,ok,,8338.0
roibin_b2,n/a,1396.0,39.389343810219145,2,117.86536,152832,60.117252931323286,CXIDB21,100.9564,100.0,10.0,run0015_145948_8427,1396.0,39.39163254444402,4,15,1,0.05289600167177487,10.0,1215,63.40484201673422,ok,,8338.0
cuszhi,1,10.0,63.814039861560374,1,26.93828246401032,1064487,8.631237394162634,CXIDB21,24.234648660054862,100.0,10.0,run0015_145948_8427,10.0,63.81367608545608,4,15,1,0.05289600167177487,9.994152069091797,1215,63.1756047401832,ok,spline/cr-first/cr,8338.0
pfpl,1,10.0,63.316407710434476,1,177.5633889919604,1174750,7.821102362204725,CXIDB21,162.8125886022115,100.0,10.0,run0015_145948_8427,10.0,63.31645401584323,4,15,1,0.05289600167177487,10.0,1215,63.40484201673422,ok,,8338.0
cuszp3,1,10.0,63.316407710434476,1,137.11556,1366736,6.722468713782325,CXIDB21,134.35658,100.0,10.0,run0015_145948_8427,10.0,63.31645401584323,4,15,1,0.05289600167177487,10.0,1215,63.40484201673422,ok,,8338.0
roibin_b1,1,100.0,44.65360561306343,1,84.298295,653136,14.067269297665417,CXIDB21,89.223118,100.0,10.0,run0015_145948_8433,100.0,44.65575428112592,4,15,1,0.049979102814154366,10.0,1148,64.51138290063206,ok,,9268.0
roibin_b2,n/a,1657.0,39.68169762356845,2,113.12845,161936,56.737476533939336,CXIDB21,107.21434,100.0,10.0,run0015_145948_8433,1657.0,39.68386158900107,4,15,1,0.049979102814154366,10.0,1148,64.51138290063206,ok,,9268.0
cuszhi,1,10.0,64.71888793710322,1,26.57641865819724,1111543,8.265843066799935,CXIDB21,23.45560003267707,100.0,10.0,run0015_145948_8433,10.0,64.7185513274374,4,15,1,0.049979102814154366,9.9847412109375,1148,64.09274735220089,ok,spline/cr-first/cr,9268.0
pfpl,1,10.0,64.18004466527061,1,179.2259675405743,1223367,7.510289226372789,CXIDB21,163.13636363636363,100.0,10.0,run0015_145948_8433,10.0,64.18020410861484,4,15,1,0.049979102814154366,10.0,1148,64.51138290063206,ok,,9268.0
cuszp3,1,10.0,64.18004466527061,1,137.31228,1429056,6.429307179004882,CXIDB21,135.05175,100.0,10.0,run0015_145948_8433,10.0,64.18020410861484,4,15,1,0.049979102814154366,10.0,1148,64.51138290063206,ok,,9268.0
roibin_b1,1,100.0,44.57088401771817,1,85.452382,564640,16.272031737035988,CXIDB21,93.220781,100.0,10.0,run0015_145949_8586,100.0,44.57436993621174,4,23,1,0.08110720256338813,10.0,1863,64.25050159559555,ok,,9325.0
roibin_b2,n/a,1015.0,41.266570642584796,2,114.93996,132352,69.41972920696325,CXIDB21,99.418279,100.0,10.0,run0015_145949_8586,1015.0,41.27007677907237,4,23,1,0.08110720256338813,10.0,1863,64.25050159559555,ok,,9325.0
cuszhi,1,10.0,64.83191614647933,1,27.17769189698446,1041579,8.821068781148622,CXIDB21,24.224425226745414,100.0,10.0,run0015_145949_8586,10.0,64.83150865502613,4,23,1,0.08110720256338813,9.99163818359375,1863,64.35648144258931,ok,spline/cr-first/cr,9325.0
pfpl,1,10.0,64.01698334102778,1,177.5633889919604,1108281,8.290171896838437,CXIDB21,162.9049645390071,100.0,10.0,run0015_145949_8586,10.0,64.017167743136,4,23,1,0.08110720256338813,10.0,1863,64.25050159559555,ok,,9325.0
cuszp3,1,10.0,64.01698334102778,1,137.05013,1282640,7.1632258466911995,CXIDB21,135.62588,100.0,10.0,run0015_145949_8586,10.0,64.017167743136,4,23,1,0.08110720256338813,10.0,1863,64.25050159559555,ok,,9325.0
roibin_b1,1,100.0,39.38019155463952,1,86.248123,678736,13.536691732868155,CXIDB21,89.585025,100.0,10.0,run0015_145949_85f8,100.0,39.38224946618294,4,15,1,0.047889384229590416,10.0,1100,59.060762460119044,ok,,4970.0
roibin_b2,n/a,2053.0,33.733757115561446,2,114.16302,169552,54.188921392847035,CXIDB21,102.10526,100.0,10.0,run0015_145949_85f8,2053.0,33.735831320433014,4,15,1,0.047889384229590416,10.0,1100,59.060762460119044,ok,,4970.0
cuszhi,1,10.0,59.26641244358277,1,26.715904497992202,1149676,7.991677655269832,CXIDB21,23.627386438446347,100.0,10.0,run0015_145949_85f8,10.0,59.26620000988884,4,15,1,0.047889384229590416,9.997802734375,1100,58.844031262887256,ok,spline/cr-first/cr,4970.0
pfpl,1,10.0,58.932362988101566,1,177.12523133867984,1254162,7.325879750781797,CXIDB21,163.09003124112468,100.0,10.0,run0015_145949_85f8,10.0,58.93242357815895,4,15,1,0.047889384229590416,10.0,1100,59.060762460119044,ok,,4970.0
cuszp3,1,10.0,58.932362988101566,1,135.56185,1473056,6.2372645710685815,CXIDB21,132.86442,100.0,10.0,run0015_145949_85f8,10.0,58.93242357815895,4,15,1,0.047889384229590416,10.0,1100,59.060762460119044,ok,,4970.0
roibin_b1,1,100.0,45.26350611737896,1,88.426238,646656,14.208234362628662,CXIDB21,89.334162,100.0,10.0,run0015_145950_8796,100.0,45.26566188918967,4,15,1,0.05015324602953469,10.0,1152,65.04770210584554,ok,,9972.0
roibin_b2,n/a,1529.0,40.433246137896724,2,113.89131,160352,57.29794452205149,CXIDB21,105.05671,100.0,10.0,run0015_145950_8796,1529.0,40.435417281035164,4,15,1,0.05015324602953469,10.0,1152,65.04770210584554,ok,,9972.0
cuszhi,1,10.0,65.36396869752387,1,26.656492846169805,1102491,8.333709753639713,CXIDB21,23.645871937409925,100.0,10.0,run0015_145950_8796,10.0,65.3635185661532,4,15,1,0.05015324602953469,9.98779296875,1152,64.54808184641217,ok,spline/cr-first/cr,9972.0
pfpl,1,10.0,64.85797588187711,1,177.72825750541628,1210492,7.590169947426336,CXIDB21,161.80332488024794,100.0,10.0,run0015_145950_8796,10.0,64.85806898822432,4,15,1,0.05015324602953469,10.0,1152,65.04770210584554,ok,,9972.0
cuszp3,1,10.0,64.85797588187711,1,138.30443,1417648,6.481044659887362,CXIDB21,137.37799,100.0,10.0,run0015_145950_8796,10.0,64.85806898822432,4,15,1,0.05015324602953469,10.0,1152,65.04770210584554,ok,,9972.0
roibin_b1,1,100.0,49.54778022303931,1,85.274725,684528,13.422153659163687,CXIDB21,87.589993,100.0,10.0,run0015_145951_8832,100.0,49.55070351888377,4,20,1,0.06795938980217331,10.0,1561,69.60522182872586,ok,,15858.0
roibin_b2,n/a,10854.0,43.656977796982794,2,115.1243,171360,53.6171802054155,CXIDB21,102.39658,100.0,10.0,run0015_145951_8832,10854.0,43.65992273147178,4,20,1,0.06795938980217331,10.0,1561,69.60522182872586,ok,,15858.0
cuszhi,1,10.0,69.36833548697345,1,26.533055715189196,1156025,7.9477865963106336,CXIDB21,23.353532067184513,100.0,10.0,run0015_145951_8832,10.0,69.36793129491826,4,20,1,0.06795938980217331,9.99688720703125,1561,68.81090717488121,ok,spline/cr-first/cr,15858.0
pfpl,1,10.0,69.02001720211081,1,176.58056580565807,1251626,7.340723187277989,CXIDB21,151.07603262299395,100.0,10.0,run0015_145951_8832,10.0,69.02038928877839,4,20,1,0.06795938980217331,10.0,1561,69.60522182872586,ok,,15858.0
cuszp3,1,10.0,69.02001720211081,1,137.64142,1481216,6.202903560318009,CXIDB21,135.1789,100.0,10.0,run0015_145951_8832,10.0,69.02038928877839,4,20,1,0.06795938980217331,10.0,1561,69.60522182872586,ok,,15858.0
roibin_b1,1,100.0,37.70657376529435,1,86.222223,631024,14.560206901797713,CXIDB21,89.501247,100.0,10.0,run0015_145951_8847,100.0,37.70909826036394,4,17,1,0.05872979938701588,10.0,1349,57.4849673363451,ok,,4221.0
roibin_b2,n/a,1505.0,33.38551264020939,2,112.7287,154672,59.40208958311782,CXIDB21,98.904582,100.0,10.0,run0015_145951_8847,1505.0,33.38805406220157,4,17,1,0.05872979938701588,10.0,1349,57.4849673363451,ok,,4221.0
cuszhi,1,10.0,57.88331205215394,1,27.06417248555526,1074674,8.549420568470067,CXIDB21,23.991644035930648,100.0,10.0,run0015_145951_8847,10.0,57.88294516180711,4,17,1,0.05872979938701588,10.0,1349,57.29961885347928,ok,spline/cr-first/cr,4221.0
pfpl,1,10.0,57.287090414035674,1,179.1141609482221,1190984,7.7144949050533,CXIDB21,160.80649677961355,100.0,10.0,run0015_145951_8847,10.0,57.28720402050521,4,17,1,0.05872979938701588,10.0,1349,57.4849673363451,ok,,4221.0
cuszp3,1,10.0,57.287090414035674,1,134.60854,1390608,6.607066836951894,CXIDB21,126.59612,100.0,10.0,run0015_145951_8847,10.0,57.28720402050521,4,17,1,0.05872979938701588,10.0,1349,57.4849673363451,ok,,4221.0
roibin_b1,1,100.0,45.60356325880016,1,90.717223,450928,20.375403612106588,CXIDB21,91.702329,100.0,10.0,run0015_145951_8883,100.0,45.60658985571588,4,20,1,0.07052800222903316,10.0,1620,64.73054162412309,ok,,9752.0
roibin_b2,n/a,2371.0,43.227087915773375,2,119.28542,100912,91.04804185825273,CXIDB21,103.16924,100.0,10.0,run0015_145951_8883,2371.0,43.23013030630909,4,20,1,0.07052800222903316,10.0,1620,64.73054162412309,ok,,9752.0
cuszhi,1,10.0,65.30357407058881,1,26.985913507289965,896833,10.244761287775985,CXIDB21,25.34604519774011,100.0,10.0,run0015_145951_8883,10.0,65.30282964608996,4,20,1,0.07052800222903316,9.994384765625,1620,64.35865610276988,ok,spline/cr-first/cr,9752.0
pfpl,1,10.0,64.10754229910724,1,180.69225928256765,1002874,9.161509820775093,CXIDB21,163.32195676905573,100.0,10.0,run0015_145951_8883,10.0,64.10795164644446,4,20,1,0.07052800222903316,10.0,1620,64.73054162412309,ok,,9752.0
cuszp3,1,10.0,64.10754229910724,1,136.20493,1156480,7.944659656889873,CXIDB21,125.76435,100.0,10.0,run0015_145951_8883,10.0,64.10795164644446,4,20,1,0.07052800222903316,10.0,1620,64.73054162412309,ok,,9752.0
roibin_b1,1,100.0,42.08154083605188,1,84.721158,723200,12.704424778761062,CXIDB21,86.690819,100.0,10.0,run0015_145952_8958,100.0,42.08361794312474,4,15,1,0.04832474226804124,10.0,1110,61.855889500185555,ok,,6598.0
roibin_b2,n/a,2246.0,35.27824824315579,2,119.93316,181168,50.71447496246578,CXIDB21,101.38418,100.0,10.0,run0015_145952_8958,2246.0,35.28034284988916,4,15,1,0.04832474226804124,10.0,1110,61.855889500185555,ok,,6598.0
cuszhi,1,10.0,61.70883798984407,1,26.323850890035555,1198789,7.664267856979001,CXIDB21,23.182882519176424,100.0,10.0,run0015_145952_8958,10.0,61.70850073276934,4,15,1,0.04832474226804124,9.9910888671875,1110,61.061626796254686,ok,spline/cr-first/cr,6598.0
pfpl,1,10.0,61.07210796045758,1,178.55721393034827,1315023,6.986828367260497,CXIDB21,162.3981900452489,100.0,10.0,run0015_145952_8958,10.0,61.072454523339815,4,15,1,0.04832474226804124,10.0,1110,61.855889500185555,ok,,6598.0
cuszp3,1,10.0,61.07210796045758,1,137.24665,1535440,5.983848278018027,CXIDB21,120.99453,100.0,10.0,run0015_145952_8958,10.0,61.072454523339815,4,15,1,0.04832474226804124,10.0,1110,61.855889500185555,ok,,6598.0
roibin_b1,1,100.0,39.64854875861988,1,83.392393,378256,24.29000465293346,CXIDB21,82.175156,100.0,10.0,run0015_145952_8967,100.0,39.650782245301336,4,15,1,0.05211235720256339,10.0,1197,58.381594175893156,ok,,4788.0
roibin_b2,n/a,2124.0,37.82145608742875,2,113.89131,83088,110.57962642018101,CXIDB21,107.57587,100.0,10.0,run0015_145952_8967,2124.0,37.823699984429396,4,15,1,0.05211235720256339,10.0,1197,58.381594175893156,ok,,4788.0
cuszhi,1,10.0,59.155543575428474,1,27.774271169635192,805553,11.405630666138665,CXIDB21,25.904005774088777,100.0,10.0,run0015_145952_8967,10.0,59.15511771999723,4,15,1,0.05211235720256339,10.0,1197,58.406744969108004,ok,spline/cr-first/cr,4788.0
pfpl,1,10.0,58.138227655704924,1,179.7871008140263,907247,10.12716492862473,CXIDB21,156.17079140603755,100.0,10.0,run0015_145952_8967,10.0,58.13835099350932,4,15,1,0.05211235720256339,10.0,1197,58.381594175893156,ok,,4788.0
cuszp3,1,10.0,58.138227655704924,1,141.78765,1055200,8.707202426080364,CXIDB21,138.90663,100.0,10.0,run0015_145952_8967,10.0,58.13835099350932,4,15,1,0.05211235720256339,10.0,1197,58.381594175893156,ok,,4788.0
roibin_b1,1,100.0,49.283854185481154,1,84.22411,665040,13.81546974618068,CXIDB21,88.426238,100.0,10.0,run0015_145952_89df,100.0,49.28601205033713,4,15,1,0.05015324602953469,10.0,1152,69.48427555575422,ok,,15750.0
roibin_b2,n/a,10854.0,43.998628589423696,2,123.43938,165408,55.54652737473399,CXIDB21,100.60266,100.0,10.0,run0015_145952_89df,10854.0,44.00080110140118,4,15,1,0.05015324602953469,10.0,1152,69.48427555575422,ok,,15750.0
cuszhi,1,10.0,69.27206276451258,1,26.611326809756694,1133463,8.105990226412331,CXIDB21,23.82837462135358,100.0,10.0,run0015_145952_89df,10.0,69.27184835959294,4,15,1,0.05015324602953469,9.997871398925781,1152,68.86430788033147,ok,spline/cr-first/cr,15750.0
pfpl,1,10.0,68.92253940878274,1,175.39401343921807,1239102,7.4149182230357145,CXIDB21,162.3063877897117,100.0,10.0,run0015_145952_89df,10.0,68.92280368648466,4,15,1,0.05015324602953469,10.0,1152,69.48427555575422,ok,,15750.0
cuszp3,1,10.0,68.92253940878274,1,136.46388,1449744,6.337560286505756,CXIDB21,134.92482,100.0,10.0,run0015_145952_89df,10.0,68.92280368648466,4,15,1,0.05015324602953469,10.0,1152,69.48427555575422,ok,,15750.0
roibin_b1,1,100.0,49.71370219490095,1,85.528747,720448,12.752953717686772,CXIDB21,91.352213,100.0,10.0,run0015_145952_8a78,100.0,49.71608472489812,4,17,1,0.055464614098634714,10.0,1274,69.23079449875311,ok,,15931.0
roibin_b2,n/a,10854.0,42.979975016280555,2,109.83932,180736,50.8356940509915,CXIDB21,61.245736,100.0,10.0,run0015_145952_8a78,10854.0,42.98237876788005,4,17,1,0.055464614098634714,10.0,1274,69.23079449875311,ok,,15931.0
cuszhi,1,10.0,69.37105034062175,1,26.15922728146287,1197029,7.67553668290409,CXIDB21,23.008253866495714,100.0,10.0,run0015_145952_8a78,10.0,69.37088563662726,4,17,1,0.055464614098634714,9.97882080078125,1274,69.0838037495306,ok,spline/cr-first/cr,15931.0
pfpl,1,10.0,68.9162465749897,1,178.3354037267081,1297806,7.079517277620846,CXIDB21,155.03239740820734,100.0,10.0,run0015_145952_8a78,10.0,68.91641487291318,4,17,1,0.055464614098634714,10.0,1274,69.23079449875311,ok,,15931.0
cuszp3,1,10.0,68.9162465749897,1,134.98825,1532320,5.996032160384254,CXIDB21,134.04295,100.0,10.0,run0015_145952_8a78,10.0,68.91641487291318,4,17,1,0.055464614098634714,10.0,1274,69.23079449875311,ok,,15931.0
roibin_b1,1,100.0,49.087663894663905,1,86.769415,629024,14.60650150073765,CXIDB21,88.019622,100.0,10.0,run0015_145953_8b0b,100.0,49.090090158956556,4,16,1,0.05642240178322653,10.0,1296,69.03426372562679,ok,,15604.0
roibin_b2,n/a,1454.0,44.69825095449063,2,118.44884,154784,59.3591068844325,CXIDB21,109.58779,100.0,10.0,run0015_145953_8b0b,1454.0,44.700693005828484,4,16,1,0.05642240178322653,10.0,1296,69.03426372562679,ok,,15604.0
cuszhi,1,10.0,69.26617023032902,1,26.859256855617286,1072990,8.562838423470861,CXIDB21,24.040860755254126,100.0,10.0,run0015_145953_8b0b,10.0,69.26582642368714,4,16,1,0.05642240178322653,9.9967041015625,1296,68.69593235237738,ok,spline/cr-first/cr,15604.0
pfpl,1,10.0,68.76298868625796,1,176.4720344191764,1182793,7.76791881588748,CXIDB21,162.9049645390071,100.0,10.0,run0015_145953_8b0b,10.0,68.76313706636235,4,16,1,0.05642240178322653,10.0,1296,69.03426372562679,ok,,15604.0
cuszp3,1,10.0,68.76298868625796,1,136.39905,1392592,6.5976538713420725,CXIDB21,133.54418,100.0,10.0,run0015_145953_8b0b,10.0,68.76313706636235,4,16,1,0.05642240178322653,10.0,1296,69.03426372562679,ok,,15604.0
roibin_b1,1,100.0,49.60980237298189,1,87.965688,688048,13.353486966025626,CXIDB21,88.480739,100.0,10.0,run0015_145953_8b32,100.0,49.61224885221397,4,17,1,0.056944831429367515,10.0,1308,69.1817835127017,ok,,15962.0
roibin_b2,n/a,10854.0,43.64226916848527,2,118.49773,172032,53.407738095238095,CXIDB21,102.91039,100.0,10.0,run0015_145953_8b32,10854.0,43.64473604461149,4,17,1,0.056944831429367515,10.0,1308,69.1817835127017,ok,,15962.0
cuszhi,1,10.0,69.42206906379606,1,26.059471540564765,1158730,7.929232867018201,CXIDB21,23.154838709677417,100.0,10.0,run0015_145953_8b32,10.0,69.42167539166265,4,17,1,0.056944831429367515,9.99462890625,1308,68.78052287051362,ok,spline/cr-first/cr,15962.0
pfpl,1,10.0,68.87261529166673,1,176.63488157490002,1269270,7.238680501390563,CXIDB21,158.76140447884987,100.0,10.0,run0015_145953_8b32,10.0,68.87278522984013,4,17,1,0.056944831429367515,10.0,1308,69.1817835127017,ok,,15962.0
cuszp3,1,10.0,68.87261529166673,1,136.01137,1484720,6.188264453903766,CXIDB21,133.85548,100.0,10.0,run0015_145953_8b32,10.0,68.87278522984013,4,17,1,0.056944831429367515,10.0,1308,69.1817835127017,ok,,15962.0
roibin_b1,1,100.0,41.16717229789673,1,89.809199,550464,16.691082432275316,CXIDB21,90.688569,100.0,10.0,run0015_145954_8c04,100.0,41.169866944205424,4,18,1,0.06269155753691837,10.0,1440,60.91576289781853,ok,,6265.0
roibin_b2,n/a,1070.0,37.95732368075667,2,111.28682,127520,72.05018820577165,CXIDB21,104.82658,100.0,10.0,run0015_145954_8c04,1070.0,37.960033408847245,4,18,1,0.06269155753691837,10.0,1440,60.91576289781853,ok,,6265.0
cuszhi,1,10.0,61.36097421513937,1,27.116250997914893,1026386,8.951641974851567,CXIDB21,24.12874490524812,100.0,10.0,run0015_145954_8c04,10.0,61.36063263970804,4,18,1,0.06269155753691837,9.99957275390625,1440,60.84766794221402,ok,spline/cr-first/cr,6265.0
pfpl,1,10.0,60.496663666083194,1,178.72393401805166,1096559,8.378792203611479,CXIDB21,162.81258860221152,100.0,10.0,run0015_145954_8c04,10.0,60.496914133933295,4,18,1,0.06269155753691837,10.0,1440,60.91576289781853,ok,,6265.0
cuszp3,1,10.0,60.496663666083194,1,138.63834,1272144,7.222327032159881,CXIDB21,135.88263,100.0,10.0,run0015_145954_8c04,10.0,60.496914133933295,4,18,1,0.06269155753691837,10.0,1440,60.91576289781853,ok,,6265.0
roibin_b1,1,100.0,44.29102091184981,1,86.821892,655488,14.016793595000976,CXIDB21,87.350164,100.0,10.0,run0015_145954_8c13,100.0,44.29370412551596,4,18,1,0.06243034271384786,10.0,1434,64.00927889634119,ok,,8890.0
roibin_b2,n/a,1760.0,39.219368137548614,2,113.03937,162992,56.36988318445077,CXIDB21,100.85002,100.0,10.0,run0015_145954_8c13,1760.0,39.2220712950747,4,18,1,0.06243034271384786,10.0,1434,64.00927889634119,ok,,8890.0
cuszhi,1,10.0,64.3494865883124,1,26.519002778078434,1115065,8.239734903346442,CXIDB21,23.75149935889482,100.0,10.0,run0015_145954_8c13,10.0,64.349169161391,4,18,1,0.06243034271384786,9.999664306640625,1434,63.868647090178875,ok,spline/cr-first/cr,8890.0
pfpl,1,10.0,63.84471595489788,1,176.63488157490002,1224410,7.5038916702738465,CXIDB21,161.5756893640968,100.0,10.0,run0015_145954_8c13,10.0,63.84481677117026,4,18,1,0.06243034271384786,10.0,1434,64.00927889634119,ok,,8890.0
cuszp3,1,10.0,63.84471595489788,1,134.92482,1434816,6.403497033766002,CXIDB21,133.66853,100.0,10.0,run0015_145954_8c13,10.0,63.84481677117026,4,18,1,0.06243034271384786,10.0,1434,64.00927889634119,ok,,8890.0
roibin_b1,1,100.0,44.67391972601916,1,87.616722,620688,14.802670584899337,CXIDB21,88.317439,100.0,10.0,run0015_145954_8c2b,100.0,44.67860756864567,4,32,1,0.1090571886319309,10.0,2505,64.35430305680902,ok,,9375.0
roibin_b2,n/a,3881.0,40.45928881468586,2,113.80104,152912,60.08580098357225,CXIDB21,105.17216,100.0,10.0,run0015_145954_8c2b,3881.0,40.46400835478742,4,32,1,0.1090571886319309,10.0,2505,64.35430305680902,ok,,9375.0
cuszhi,1,10.0,64.85143689083773,1,26.829139382259118,1059028,8.675729064765049,CXIDB21,24.312629662559804,100.0,10.0,run0015_145954_8c2b,10.0,64.8506551338463,4,32,1,0.1090571886319309,10.0,2505,64.18791088389953,ok,spline/cr-first/cr,9375.0
pfpl,1,10.0,64.05925568040657,1,176.7436134195137,1184993,7.7534972780429925,CXIDB21,161.80332488024794,100.0,10.0,run0015_145954_8c2b,10.0,64.05956677521039,4,32,1,0.1090571886319309,10.0,2505,64.35430305680902,ok,,9375.0
cuszp3,1,10.0,64.05925568040657,1,138.03846,1373808,6.687863223973073,CXIDB21,136.20493,100.0,10.0,run0015_145954_8c2b,10.0,64.05956677521039,4,32,1,0.1090571886319309,10.0,2505,64.35430305680902,ok,,9375.0
roibin_b1,1,100.0,49.19633234876422,1,84.896513,647280,14.194537140032134,CXIDB21,93.190524,100.0,10.0,run0015_145954_8c40,100.0,49.19890869457075,4,18,1,0.0599052660908331,10.0,1376,69.18727032274549,ok,,15661.0
roibin_b2,n/a,10854.0,44.27860758335492,2,116.52598,160704,57.17244125846276,CXIDB21,105.67538,100.0,10.0,run0015_145954_8c40,10854.0,44.28120160854464,4,18,1,0.0599052660908331,10.0,1376,69.18727032274549,ok,,15661.0
cuszhi,1,10.0,69.26413697300032,1,26.836544836912868,1104653,8.317399219483404,CXIDB21,23.751499358894822,100.0,10.0,run0015_145954_8c40,10.0,69.26379815951731,4,18,1,0.0599052660908331,9.9876708984375,1376,68.73244876399347,ok,spline/cr-first/cr,15661.0
pfpl,1,10.0,68.84531327529452,1,176.03923973022683,1209609,7.595710680062731,CXIDB21,162.67422096317281,100.0,10.0,run0015_145954_8c40,10.0,68.84551027280604,4,18,1,0.0599052660908331,10.0,1376,69.18727032274549,ok,,15661.0
cuszp3,1,10.0,68.84531327529452,1,134.67167,1421792,6.462154801827553,CXIDB21,126.26209,100.0,10.0,run0015_145954_8c40,10.0,68.84551027280604,4,18,1,0.0599052660908331,10.0,1376,69.18727032274549,ok,,15661.0
roibin_b1,1,100.0,39.85569674246417,1,90.147566,554064,16.58263305322129,CXIDB21,91.966687,100.0,10.0,run0015_145955_8d84,100.0,39.85827333328595,4,17,1,0.05994880189467819,10.0,1377,59.583924164085104,ok,,5387.0
roibin_b2,n/a,1069.0,36.61092356115125,2,116.05497,128848,71.30758723457097,CXIDB21,109.21263,100.0,10.0,run0015_145955_8d84,1069.0,36.613514747388656,4,17,1,0.05994880189467819,10.0,1377,59.583924164085104,ok,,5387.0
cuszhi,1,10.0,60.079490130319606,1,27.72519950088944,1030890,8.912531889920361,CXIDB21,23.784948018059065,100.0,10.0,run0015_145955_8d84,10.0,60.079015370059466,4,17,1,0.05994880189467819,9.99566650390625,1377,59.35198714361516,ok,spline/cr-first/cr,5387.0
pfpl,1,10.0,59.11442920326665,1,180.46511627906978,1106601,8.302757723876988,CXIDB21,163.09003124112468,100.0,10.0,run0015_145955_8d84,10.0,59.114695988318616,4,17,1,0.05994880189467819,10.0,1377,59.583924164085104,ok,,5387.0
cuszp3,1,10.0,59.11442920326665,1,136.85415,1278064,7.1888731706706395,CXIDB21,134.98825,100.0,10.0,run0015_145955_8d84,10.0,59.114695988318616,4,17,1,0.05994880189467819,10.0,1377,59.583924164085104,ok,,5387.0
roibin_b1,1,100.0,44.35147355182927,1,90.31771,485664,18.918099756210054,CXIDB21,95.104341,100.0,10.0,run0015_145955_8ea7,100.0,44.35464571469602,4,21,1,0.07388025912510449,10.0,1697,63.6656988495479,ok,,8615.0
roibin_b2,n/a,2240.0,41.71014835022963,2,116.24292,110944,82.81511393135276,CXIDB21,111.54623,100.0,10.0,run0015_145955_8ea7,2240.0,41.713337646848444,4,21,1,0.07388025912510449,10.0,1697,63.6656988495479,ok,,8615.0
cuszhi,1,10.0,64.18453152345434,1,27.264186496455416,945583,9.716587544403822,CXIDB21,24.673025693907363,100.0,10.0,run0015_145955_8ea7,10.0,64.1838945753404,4,21,1,0.07388025912510449,9.999465942382812,1697,63.39804733487702,ok,spline/cr-first/cr,8615.0
pfpl,1,10.0,63.170194615305235,1,179.45,1034731,8.879447895153426,CXIDB21,163.41491178144565,100.0,10.0,run0015_145955_8ea7,10.0,63.17054059722208,4,21,1,0.07388025912510449,10.0,1697,63.6656988495479,ok,,8615.0
cuszp3,1,10.0,63.170194615305235,1,136.91942,1198496,7.666141564093664,CXIDB21,133.73078,100.0,10.0,run0015_145955_8ea7,10.0,63.17054059722208,4,21,1,0.07388025912510449,10.0,1697,63.6656988495479,ok,,8615.0
roibin_b1,1,100.0,49.080322853424626,1,88.809157,574064,16.004905376404025,CXIDB21,86.979703,100.0,10.0,run0015_145955_8ec2,100.0,49.08654011179157,4,41,1,0.14458240456951796,10.0,3321,68.84262641463911,ok,,15674.0
roibin_b2,n/a,11054.0,45.65218125834373,2,118.10778,136592,67.26484713599625,CXIDB21,103.24344,100.0,10.0,run0015_145955_8ec2,11054.0,45.6584347725084,4,41,1,0.14458240456951796,10.0,3321,68.84262641463911,ok,,15674.0
cuszhi,1,10.0,69.32936846872187,1,27.20211273026569,1052976,8.72559298597499,CXIDB21,23.99565417241235,100.0,10.0,run0015_145955_8ec2,10.0,69.32827848405326,4,41,1,0.14458240456951796,10.0,3321,68.63412986639447,ok,spline/cr-first/cr,15674.0
pfpl,1,10.0,68.49439696814039,1,179.11416094822206,1128343,8.142772188953181,CXIDB21,163.09003124112468,100.0,10.0,run0015_145955_8ec2,10.0,68.49488081730016,4,41,1,0.14458240456951796,10.0,3321,68.84262641463911,ok,,15674.0
cuszp3,1,10.0,68.49439696814039,1,135.3701,1294944,7.095163960758149,CXIDB21,132.31336,100.0,10.0,run0015_145955_8ec2,10.0,68.49488081730016,4,41,1,0.14458240456951796,10.0,3321,68.84262641463911,ok,,15674.0
roibin_b1,1,100.0,37.58088477994337,1,85.80992,585536,15.691332386053121,CXIDB21,86.274039,100.0,10.0,run0015_145956_8fe5,100.0,37.58371558758936,4,19,1,0.06582613541376428,10.0,1512,57.53260972080022,ok,,4190.0
roibin_b2,n/a,1966.0,34.051985122085085,2,117.86536,139184,66.01218530865617,CXIDB21,105.40382,100.0,10.0,run0015_145956_8fe5,1966.0,34.05483202086636,4,19,1,0.06582613541376428,10.0,1512,57.53260972080022,ok,,4190.0
cuszhi,1,10.0,57.8697693329715,1,27.105531388887655,1013470,9.065724688446624,CXIDB21,24.695308132284,100.0,10.0,run0015_145956_8fe5,10.0,57.86936022294297,4,19,1,0.06582613541376428,9.99676513671875,1512,57.28887916589013,ok,spline/cr-first/cr,4190.0
pfpl,1,10.0,57.06785538778055,1,178.501709667392,1127664,8.147675194029427,CXIDB21,161.89455878206937,100.0,10.0,run0015_145956_8fe5,10.0,57.06814552657766,4,19,1,0.06582613541376428,10.0,1512,57.53260972080022,ok,,4190.0
cuszp3,1,10.0,57.06785538778055,1,136.65874,1317088,6.975874049418111,CXIDB21,132.74157,100.0,10.0,run0015_145956_8fe5,10.0,57.06814552657766,4,19,1,0.06582613541376428,10.0,1512,57.53260972080022,ok,,4190.0
roibin_b1,1,100.0,44.02994186626704,1,87.884911,626848,14.65720557455715,CXIDB21,92.529807,100.0,10.0,run0015_145956_902a,100.0,44.033071649252314,4,22,1,0.07283539983282251,10.0,1673,63.64726748866162,ok,,8685.0
roibin_b2,n/a,4076.0,39.66973027778957,2,118.2537,154032,59.648904123818426,CXIDB21,107.09437,100.0,10.0,run0015_145956_902a,4076.0,39.67288196409651,4,22,1,0.07283539983282251,10.0,1673,63.64726748866162,ok,,8685.0
cuszhi,1,10.0,64.16813059365909,1,26.96100885462135,1067924,8.603458673089095,CXIDB21,24.12469016510524,100.0,10.0,run0015_145956_902a,10.0,64.16781374131014,4,22,1,0.07283539983282251,10.0,1673,63.75352507252509,ok,spline/cr-first/cr,8685.0
pfpl,1,10.0,63.537145543701655,1,176.63488157490002,1180541,7.782736897744339,CXIDB21,162.53608831021793,100.0,10.0,run0015_145956_902a,10.0,63.53722474382887,4,22,1,0.07283539983282251,10.0,1673,63.64726748866162,ok,,8685.0
cuszp3,1,10.0,63.537145543701655,1,139.17595,1372784,6.69285189804077,CXIDB21,134.86144,100.0,10.0,run0015_145956_902a,10.0,63.53722474382887,4,22,1,0.07283539983282251,10.0,1673,63.64726748866162,ok,,8685.0
roibin_b1,1,100.0,45.24945824432838,1,89.001863,608032,15.11078364296616,CXIDB21,89.417627,100.0,10.0,run0015_145957_907e,100.0,45.25326746715873,4,26,1,0.08855182502089719,10.0,2034,65.2781740274337,ok,,10085.0
roibin_b2,n/a,1299.0,41.341939199868676,2,110.55834,147440,62.31578947368421,CXIDB21,102.03269,100.0,10.0,run0015_145957_907e,1299.0,41.34577111008861,4,26,1,0.08855182502089719,10.0,2034,65.2781740274337,ok,,10085.0
cuszhi,1,10.0,65.48560800124423,1,27.030691018640557,1041999,8.817513260569347,CXIDB21,24.1815808312629,100.0,10.0,run0015_145957_907e,10.0,65.48517515884215,4,26,1,0.08855182502089719,9.9970703125,2034,65.02238822537441,ok,spline/cr-first/cr,10085.0
pfpl,1,10.0,64.7529313412272,1,174.06486814186118,1160713,7.9156863066063705,CXIDB21,163.36842105263156,100.0,10.0,run0015_145957_907e,10.0,64.75336945000106,4,26,1,0.08855182502089719,10.0,2034,65.2781740274337,ok,,10085.0
cuszp3,1,10.0,64.7529313412272,1,127.95008,1351936,6.796061352016664,CXIDB21,117.72038,100.0,10.0,run0015_145957_907e,10.0,64.75336945000106,4,26,1,0.08855182502089719,10.0,2034,65.2781740274337,ok,,10085.0
roibin_b1,1,100.0,45.35626067108814,1,89.893547,647504,14.189626627789172,CXIDB21,92.291869,100.0,10.0,run0015_145959_9315,100.0,45.36175324308194,4,37,1,0.12773404848147116,10.0,2934,65.1390667122845,ok,,10062.0
roibin_b2,n/a,2994.0,40.569718589949375,2,107.45509,161904,56.74869058207333,CXIDB21,107.73733,100.0,10.0,run0015_145959_9315,2994.0,40.57525015926521,4,37,1,0.12773404848147116,10.0,2934,65.1390667122845,ok,,10062.0
cuszhi,1,10.0,65.42178759994944,1,26.691417955433156,1098500,8.363987255348203,CXIDB21,23.823431795552604,100.0,10.0,run0015_145959_9315,10.0,65.4210369702201,4,37,1,0.12773404848147116,9.99737548828125,2934,64.87059241942188,ok,spline/cr-first/cr,10062.0
pfpl,1,10.0,64.99927649059555,1,178.55721393034827,1198839,7.663948203219949,CXIDB21,162.62815066553387,100.0,10.0,run0015_145959_9315,10.0,64.99945221071656,4,37,1,0.12773404848147116,10.0,2934,65.1390667122845,ok,,10062.0
cuszp3,1,10.0,64.99927649059555,1,138.70532,1403808,6.544940618660101,CXIDB21,134.73487,100.0,10.0,run0015_145959_9315,10.0,64.99945221071656,4,37,1,0.12773404848147116,10.0,2934,65.1390667122845,ok,,10062.0
roibin_b1,1,100.0,45.67042207319071,1,91.497772,352064,26.09707325940738,CXIDB21,92.919093,100.0,10.0,run0015_145959_93de,100.0,45.67298995392851,4,17,1,0.05994880189467819,10.0,1377,64.21247264600522,ok,,9327.0
roibin_b2,n/a,3299.0,43.925128257466675,2,119.48398,77008,119.31020153750259,CXIDB21,109.1711,100.0,10.0,run0015_145959_93de,3299.0,43.92770819842336,4,17,1,0.05994880189467819,10.0,1377,64.21247264600522,ok,,9327.0
cuszhi,1,10.0,64.98156689101388,1,27.48291261729348,771354,11.911314390020665,CXIDB21,26.52256246824627,100.0,10.0,run0015_145959_93de,10.0,64.98100994845692,4,17,1,0.05994880189467819,9.999832153320312,1377,64.1396273789183,ok,spline/cr-first/cr,9327.0
pfpl,1,10.0,63.91733740775061,1,179.00249376558602,875620,10.49295356433156,CXIDB21,163.6477628954118,100.0,10.0,run0015_145959_93de,10.0,63.91750846320654,4,17,1,0.05994880189467819,10.0,1377,64.21247264600522,ok,,9327.0
cuszp3,1,10.0,63.91733740775061,1,139.51409,1012848,9.071292039871729,CXIDB21,136.20493,100.0,10.0,run0015_145959_93de,10.0,63.91750846320654,4,17,1,0.05994880189467819,10.0,1377,64.21247264600522,ok,,9327.0
roibin_b1,1,100.0,45.75773864303875,1,84.397412,445104,20.642007261224343,CXIDB21,91.790279,100.0,10.0,run0015_150000_94a7,100.0,45.76076534748284,4,20,1,0.07052800222903316,10.0,1620,64.89719602626636,ok,,9897.0
roibin_b2,n/a,6073.0,43.41044462869959,2,110.77161,98912,92.88903267550954,CXIDB21,103.91603,100.0,10.0,run0015_150000_94a7,6073.0,43.413486935688006,4,20,1,0.07052800222903316,10.0,1620,64.89719602626636,ok,,9897.0
cuszhi,1,10.0,65.43647880284463,1,27.292451372963725,892030,10.299922648341424,CXIDB21,25.172716114325794,100.0,10.0,run0015_150000_94a7,10.0,65.43595102759714,4,20,1,0.07052800222903316,9.996246337890625,1620,64.74602613366056,ok,spline/cr-first/cr,9897.0
pfpl,1,10.0,64.51009799259889,1,178.22470515207945,978049,9.394048764427959,CXIDB21,158.89319313779745,100.0,10.0,run0015_150000_94a7,10.0,64.5103591993872,4,20,1,0.07052800222903316,10.0,1620,64.89719602626636,ok,,9897.0
cuszp3,1,10.0,64.51009799259889,1,138.63834,1135296,8.092902643891989,CXIDB21,135.62588,100.0,10.0,run0015_150000_94a7,10.0,64.5103591993872,4,20,1,0.07052800222903316,10.0,1620,64.89719602626636,ok,,9897.0
roibin_b1,1,100.0,44.583246053457174,1,87.323604,402208,22.843503858699975,CXIDB21,91.497772,100.0,10.0,run0015_150000_951f,100.0,44.58639764015724,4,21,1,0.07344490108665366,10.0,1687,63.6847361272628,ok,,8507.0
roibin_b2,n/a,1071.0,42.60035718256351,2,117.81699,88976,103.26200323682791,CXIDB21,103.02117,100.0,10.0,run0015_150000_951f,1071.0,42.603523158845555,4,21,1,0.07344490108665366,10.0,1687,63.6847361272628,ok,,8507.0
cuszhi,1,10.0,64.12872548444741,1,27.51019149378929,837093,10.975889178382808,CXIDB21,25.641437820942176,100.0,10.0,run0015_150000_951f,10.0,64.1282236358714,4,21,1,0.07344490108665366,9.9886474609375,1687,63.49409860908723,ok,spline/cr-first/cr,8507.0
pfpl,1,10.0,62.86455118176296,1,177.34403953057443,950743,9.663852376509741,CXIDB21,163.88127853881278,100.0,10.0,run0015_150000_951f,10.0,62.86510013689674,4,21,1,0.07344490108665366,10.0,1687,63.6847361272628,ok,,8507.0
cuszp3,1,10.0,62.86455118176296,1,138.97387,1102768,8.331616441536207,CXIDB21,132.49654,100.0,10.0,run0015_150000_951f,10.0,62.86510013689674,4,21,1,0.07344490108665366,10.0,1687,63.6847361272628,ok,,8507.0
roibin_b1,1,100.0,47.335084475948314,1,92.232574,225440,40.75514549325763,CXIDB21,91.702329,100.0,10.0,run0015_150000_952e,100.0,47.337334993609886,4,15,1,0.05289600167177487,10.0,1215,64.19767137369823,ok,,9652.0
roibin_b2,n/a,4246.0,46.3214428017192,2,120.89264,42560,215.8796992481203,CXIDB21,102.46967,100.0,10.0,run0015_150000_952e,4246.0,46.323703172582896,4,15,1,0.05289600167177487,10.0,1215,64.19767137369823,ok,,9652.0
cuszhi,1,10.0,65.39639443714213,1,28.01614890165514,598098,15.361763456824802,CXIDB21,28.59903381642512,100.0,10.0,run0015_150000_952e,10.0,65.39589886792302,4,15,1,0.05289600167177487,9.998779296875,1215,64.54800286731049,ok,spline/cr-first/cr,9652.0
pfpl,1,10.0,64.05785608748785,1,179.50609565489216,701717,13.093369549262738,CXIDB21,162.39819004524887,100.0,10.0,run0015_150000_952e,10.0,64.05792886699848,4,15,1,0.05289600167177487,10.0,1215,64.19767137369823,ok,,9652.0
cuszp3,1,10.0,64.05785608748785,1,139.85387,855712,10.7370704162148,CXIDB21,129.62528,100.0,10.0,run0015_150000_952e,10.0,64.05792886699848,4,15,1,0.05289600167177487,10.0,1215,64.19767137369823,ok,,9652.0
roibin_b1,1,100.0,44.526655023143476,1,84.372611,425936,21.570940235152698,CXIDB21,92.679146,100.0,10.0,run0015_150000_9531,100.0,44.529037546651786,4,16,1,0.055551685706324884,10.0,1276,63.47882084544968,ok,,8549.0
roibin_b2,n/a,985.0,42.357536748845014,2,117.33551,94208,97.52717391304348,CXIDB21,103.09515,100.0,10.0,run0015_150000_9531,985.0,42.359931351926406,4,16,1,0.055551685706324884,10.0,1276,63.47882084544968,ok,,8549.0
cuszhi,1,10.0,64.13630942940232,1,27.53145961527801,869019,10.57265721462937,CXIDB21,25.749517958835927,100.0,10.0,run0015_150000_9531,10.0,64.13593296476647,4,16,1,0.055551685706324884,9.991119384765625,1276,63.506546376733496,ok,spline/cr-first/cr,8549.0
pfpl,1,10.0,62.945458128792524,1,142.20901436354632,980950,9.366267393852898,CXIDB21,161.89455878206937,100.0,10.0,run0015_150000_9531,10.0,62.9457369582133,4,16,1,0.055551685706324884,10.0,1276,63.47882084544968,ok,,8549.0
cuszp3,1,10.0,62.945458128792524,1,134.98825,1130080,8.130256265043183,CXIDB21,134.98825,100.0,10.0,run0015_150000_9531,10.0,62.9457369582133,4,16,1,0.055551685706324884,10.0,1276,63.47882084544968,ok,,8549.0
roibin_b1,1,100.0,49.34727480349251,1,88.864131,532208,17.263626251390434,CXIDB21,89.529156,100.0,10.0,run0015_150002_973b,100.0,49.35015223481213,4,19,1,0.0670016021175815,10.0,1539,68.75314920282031,ok,,15882.0
roibin_b2,n/a,11054.0,46.2561516223944,2,116.57329,122816,74.8097967691506,CXIDB21,104.40727,100.0,10.0,run0015_150002_973b,11054.0,46.25904605474696,4,19,1,0.0670016021175815,10.0,1539,68.75314920282031,ok,,15882.0
cuszhi,1,10.0,69.46122008258399,1,27.221293893175005,1002351,9.166290052087541,CXIDB21,24.230558251403018,100.0,10.0,run0015_150002_973b,10.0,69.4608284513205,4,19,1,0.0670016021175815,9.984405517578125,1539,68.91281319672326,ok,spline/cr-first/cr,15882.0
pfpl,1,10.0,68.76064748129296,1,177.78328173374612,1058452,8.680450318011587,CXIDB21,161.53023909985936,100.0,10.0,run0015_150002_973b,10.0,68.76064245298963,4,19,1,0.0670016021175815,10.0,1539,68.75314920282031,ok,,15882.0
cuszp3,1,10.0,68.76064748129296,1,140.95239,1242256,7.396092270836285,CXIDB21,138.10486,100.0,10.0,run0015_150002_973b,10.0,68.76064245298963,4,19,1,0.0670016021175815,10.0,1539,68.75314920282031,ok,,15882.0
roibin_b1,1,100.0,46.78208977252227,1,92.470212,289888,31.694447510762778,CXIDB21,88.754252,100.0,10.0,run0015_150003_98d9,100.0,46.78433764109662,4,15,1,0.05250417943716913,10.0,1206,65.18455605108838,ok,,10036.0
roibin_b2,n/a,6689.0,45.39108212526031,2,111.41637,61584,149.19199792153807,CXIDB21,108.42901,100.0,10.0,run0015_150003_98d9,6689.0,45.39333902630205,4,15,1,0.05250417943716913,10.0,1206,65.18455605108838,ok,,10036.0
cuszhi,1,10.0,65.65906707019292,1,27.975330857893624,693085,13.256440407742197,CXIDB21,28.10630904018404,100.0,10.0,run0015_150003_98d9,10.0,65.658616776809,4,15,1,0.05250417943716913,9.99578857421875,1206,64.87635671800102,ok,spline/cr-first/cr,10036.0
pfpl,1,10.0,64.73797588215783,1,179.50609565489216,787969,11.660154143119843,CXIDB21,162.85876347135564,100.0,10.0,run0015_150003_98d9,10.0,64.73819870861949,4,15,1,0.05250417943716913,10.0,1206,65.18455605108838,ok,,10036.0
cuszp3,1,10.0,64.73797588215783,1,142.06828,931888,9.859382243359716,CXIDB21,135.1789,100.0,10.0,run0015_150003_98d9,10.0,64.73819870861949,4,15,1,0.05250417943716913,10.0,1206,65.18455605108838,ok,,10036.0
roibin_b1,1,100.0,44.90596964280593,1,87.56328,487168,18.85969521807672,CXIDB21,88.946719,100.0,10.0,run0015_150003_9954,100.0,44.909221842527984,4,22,1,0.07575229869044302,10.0,1740,64.17847533404851,ok,,9204.0
roibin_b2,n/a,1413.0,42.23199813916137,2,118.93952,110784,82.93471981513576,CXIDB21,101.06301,100.0,10.0,run0015_150003_9954,1413.0,42.23526823537594,4,22,1,0.07575229869044302,10.0,1740,64.17847533404851,ok,,9204.0
cuszhi,1,10.0,64.75993640410582,1,27.535873982521554,949692,9.674547116328242,CXIDB21,24.75385809121476,100.0,10.0,run0015_150003_9954,10.0,64.75939717483814,4,22,1,0.07575229869044302,9.99609375,1740,64.10072150891362,ok,spline/cr-first/cr,9204.0
pfpl,1,10.0,63.85443466269965,1,177.67326732673268,1030675,8.914391054406092,CXIDB21,162.76643990929705,100.0,10.0,run0015_150003_9954,10.0,63.85467120339456,4,22,1,0.07575229869044302,10.0,1740,64.17847533404851,ok,,9204.0
cuszp3,1,10.0,63.85443466269965,1,137.57546,1191280,7.712578067288966,CXIDB21,135.68998,100.0,10.0,run0015_150003_9954,10.0,63.85467120339456,4,22,1,0.07575229869044302,10.0,1740,64.17847533404851,ok,,9204.0
roibin_b1,1,100.0,49.211212229330044,1,87.191013,634672,14.47651700405879,CXIDB21,93.524427,100.0,10.0,run0015_150003_9990,100.0,49.21360348622788,4,16,1,0.05563875731401505,10.0,1278,68.93306225545972,ok,,15751.0
roibin_b2,n/a,5669.0,44.670181861264595,2,115.54124,156896,58.560065266163576,CXIDB21,101.7074,100.0,10.0,run0015_150003_9990,5669.0,44.67258983453516,4,16,1,0.05563875731401505,10.0,1278,68.93306225545972,ok,,15751.0
cuszhi,1,10.0,69.3261936504556,1,26.90278753806512,1082149,8.49036500518875,CXIDB21,23.83529802424041,100.0,10.0,run0015_150003_9990,10.0,69.32582516666733,4,16,1,0.05563875731401505,9.9993896484375,1278,68.70977738502208,ok,spline/cr-first/cr,15751.0
pfpl,1,10.0,68.73777455071645,1,177.94855903315775,1192852,7.702414046336008,CXIDB21,162.26052557219552,100.0,10.0,run0015_150003_9990,10.0,68.7378808009366,4,16,1,0.05563875731401505,10.0,1278,68.93306225545972,ok,,15751.0
cuszp3,1,10.0,68.73777455071645,1,139.37863,1390688,6.60668676223567,CXIDB21,136.46388,100.0,10.0,run0015_150003_9990,10.0,68.7378808009366,4,16,1,0.05563875731401505,10.0,1278,68.93306225545972,ok,,15751.0
roibin_b1,1,100.0,43.34476210525905,1,88.426238,629520,14.59499301054772,CXIDB21,90.545571,100.0,10.0,run0015_150003_99b4,100.0,43.34762278749584,4,20,1,0.06656624407913068,10.0,1529,63.014300663062194,ok,,8040.0
roibin_b2,n/a,1479.0,38.96439829366008,2,115.58776,154944,59.29781082197439,CXIDB21,103.46667,100.0,10.0,run0015_150003_99b4,1479.0,38.96727880643192,4,20,1,0.06656624407913068,10.0,1529,63.014300663062194,ok,,8040.0
cuszhi,1,10.0,63.48375195406408,1,26.811054354027053,1073697,8.557200029431021,CXIDB21,24.090279817091076,100.0,10.0,run0015_150003_99b4,10.0,63.48346033805192,4,20,1,0.06656624407913068,10.0,1529,63.0663681627716,ok,spline/cr-first/cr,8040.0
pfpl,1,10.0,63.000762259229454,1,177.07061362935553,1179856,7.787255393878575,CXIDB21,162.3981900452489,100.0,10.0,run0015_150003_99b4,10.0,63.000771257213586,4,20,1,0.06656624407913068,10.0,1529,63.014300663062194,ok,,8040.0
cuszp3,1,10.0,63.000762259229454,1,132.9875,1377648,6.669221746048337,CXIDB21,131.28487,100.0,10.0,run0015_150003_99b4,10.0,63.000771257213586,4,20,1,0.06656624407913068,10.0,1529,63.014300663062194,ok,,8040.0
roibin_b1,1,100.0,42.19017617627816,1,87.616722,581888,15.789705235371756,CXIDB21,93.099871,100.0,10.0,run0015_150004_9a20,100.0,42.19315848372253,4,20,1,0.06935253552521593,10.0,1593,62.11311280455465,ok,,7142.0
roibin_b2,n/a,1996.0,38.72000108773476,2,116.57329,138176,66.49374710514127,CXIDB21,96.64086,100.0,10.0,run0015_150004_9a20,1996.0,38.72300027636167,4,20,1,0.06935253552521593,10.0,1593,62.11311280455465,ok,,7142.0
cuszhi,1,10.0,62.48441657947569,1,27.406957753831243,1011894,9.07984433152089,CXIDB21,24.84166810866932,100.0,10.0,run0015_150004_9a20,10.0,62.48396140594063,4,20,1,0.06935253552521593,9.994140625,1593,61.87316967222365,ok,spline/cr-first/cr,7142.0
pfpl,1,10.0,61.814224584381314,1,178.44623990055933,1119338,8.20828025136286,CXIDB21,162.76643990929705,100.0,10.0,run0015_150004_9a20,10.0,61.81442490352362,4,20,1,0.06935253552521593,10.0,1593,62.11311280455465,ok,,7142.0
cuszp3,1,10.0,61.814224584381314,1,137.77351,1308320,7.02262443438914,CXIDB21,135.1789,100.0,10.0,run0015_150004_9a20,10.0,61.81442490352362,4,20,1,0.06935253552521593,10.0,1593,62.11311280455465,ok,,7142.0
roibin_b1,1,100.0,49.64894379778119,1,85.300059,706944,12.996559840666304,CXIDB21,93.009395,100.0,10.0,run0015_150004_9a3e,100.0,49.65155941076888,4,18,1,0.06090658957926999,10.0,1399,69.05698585537532,ok,,15855.0
roibin_b2,n/a,10854.0,43.20627793025292,2,119.28542,176816,51.962718306035654,CXIDB21,105.32648,100.0,10.0,run0015_150004_9a3e,10854.0,43.208916994839505,4,18,1,0.06090658957926999,10.0,1399,69.05698585537532,ok,,15855.0
cuszhi,1,10.0,69.33885944338066,1,26.499384227573337,1180419,7.783541267973491,CXIDB21,23.375396890010588,100.0,10.0,run0015_150004_9a3e,10.0,69.33865097778701,4,18,1,0.06090658957926999,9.975341796875,1399,69.00939893150273,ok,spline/cr-first/cr,15855.0
pfpl,1,10.0,68.91051849466847,1,178.61275272161745,1284670,7.15190671534324,CXIDB21,161.66666666666666,100.0,10.0,run0015_150004_9a3e,10.0,68.91060621630751,4,18,1,0.06090658957926999,10.0,1399,69.05698585537532,ok,,15855.0
cuszp3,1,10.0,68.91051849466847,1,135.11529,1511632,6.078093080855658,CXIDB21,133.9804,100.0,10.0,run0015_150004_9a3e,10.0,68.91060621630751,4,18,1,0.06090658957926999,10.0,1399,69.05698585537532,ok,,15855.0
roibin_b1,1,100.0,49.41646033256555,1,87.831142,677136,13.568677488717185,CXIDB21,88.891643,100.0,10.0,run0015_150004_9a62,100.0,49.41892629494221,4,17,1,0.05738018946781833,10.0,1318,69.11233105443604,ok,,15714.0
roibin_b2,n/a,10854.0,43.67922530149332,2,120.89264,169104,54.332481786356325,CXIDB21,103.9913,100.0,10.0,run0015_150004_9a62,10854.0,43.68171087019741,4,17,1,0.05738018946781833,10.0,1318,69.11233105443604,ok,,15714.0
cuszhi,1,10.0,69.2772640977466,1,26.612637167680198,1146931,8.010804486058882,CXIDB21,23.536355438970403,100.0,10.0,run0015_150004_9a62,10.0,69.2770257216802,4,17,1,0.05738018946781833,9.99957275390625,1318,68.88050786092441,ok,spline/cr-first/cr,15714.0
pfpl,1,10.0,68.6560627551325,1,179.28192319700284,1264219,7.2676015785239745,CXIDB21,157.41228070175438,100.0,10.0,run0015_150004_9a62,10.0,68.65631128637884,4,17,1,0.05738018946781833,10.0,1318,69.11233105443604,ok,,15714.0
cuszp3,1,10.0,68.6560627551325,1,133.23433,1468752,6.255542120112858,CXIDB21,133.91791,100.0,10.0,run0015_150004_9a62,10.0,68.65631128637884,4,17,1,0.05738018946781833,10.0,1318,69.11233105443604,ok,,15714.0
roibin_b1,1,100.0,47.46380817888397,1,94.261329,208080,44.15532487504806,CXIDB21,88.644644,100.0,10.0,run0015_150004_9b46,100.0,47.46740848537538,4,24,1,0.0846336026748398,10.0,1944,64.26481977691584,ok,,9457.0
roibin_b2,n/a,1542.0,46.57462601115234,2,121.50656,39904,230.2485966319166,CXIDB21,104.3314,100.0,10.0,run0015_150004_9b46,1542.0,46.578240543955935,4,24,1,0.0846336026748398,10.0,1944,64.26481977691584,ok,,9457.0
cuszhi,1,10.0,65.23221694295134,1,28.192898260773514,570755,16.09769515816769,CXIDB21,29.251693749681625,100.0,10.0,run0015_150004_9b46,10.0,65.23146089149907,4,24,1,0.0846336026748398,9.9815673828125,1944,64.4197770340184,ok,spline/cr-first/cr,9457.0
pfpl,1,10.0,63.789141950171796,1,180.52184847532226,685918,13.394953915774188,CXIDB21,163.46142897808141,100.0,10.0,run0015_150004_9b46,10.0,63.789523286319366,4,24,1,0.0846336026748398,10.0,1944,64.26481977691584,ok,,9457.0
cuszp3,1,10.0,63.789141950171796,1,143.7037,842432,10.906328344602294,CXIDB21,137.90586,100.0,10.0,run0015_150004_9b46,10.0,63.789523286319366,4,24,1,0.0846336026748398,10.0,1944,64.26481977691584,ok,,9457.0
roibin_b1,1,100.0,40.76516760970127,1,88.019622,696720,13.187277528992995,CXIDB21,90.090993,100.0,10.0,run0015_150005_9b9d,100.0,40.76732558081176,4,15,1,0.05015324602953469,10.0,1152,60.98782135340703,ok,,5753.0
roibin_b2,n/a,2050.0,34.618871144129336,2,115.26294,174480,52.65841357175608,CXIDB21,105.71429,100.0,10.0,run0015_150005_9b9d,2050.0,34.621044790189245,4,15,1,0.05015324602953469,10.0,1152,60.98782135340703,ok,,5753.0
cuszhi,1,10.0,60.5066846262868,1,26.168428727670435,1173978,7.826245466269385,CXIDB21,23.303303303303302,100.0,10.0,run0015_150005_9b9d,10.0,60.506483261202504,4,15,1,0.05015324602953469,9.9979248046875,1152,60.12266558246227,ok,spline/cr-first/cr,5753.0
pfpl,1,10.0,60.145240719371266,1,178.2800372555107,1274239,7.210452670181968,CXIDB21,162.3063877897117,100.0,10.0,run0015_150005_9b9d,10.0,60.1456248523615,4,15,1,0.05015324602953469,10.0,1152,60.98782135340703,ok,,5753.0
cuszp3,1,10.0,60.145240719371266,1,136.07583,1500144,6.124638701351337,CXIDB21,134.23095,100.0,10.0,run0015_150005_9b9d,10.0,60.1456248523615,4,15,1,0.05015324602953469,10.0,1152,60.98782135340703,ok,,5753.0
roibin_b1,1,100.0,43.96561249520259,1,87.509904,277616,33.0954988185119,CXIDB21,82.791232,100.0,10.0,run0015_150005_9c9c,100.0,43.96802150125687,4,16,1,0.05642240178322653,10.0,1296,61.619719748845064,ok,,7036.0
roibin_b2,n/a,2545.0,42.64059072203265,2,116.24292,57680,159.28987517337032,CXIDB21,106.93482,100.0,10.0,run0015_150005_9c9c,2545.0,42.643010792728234,4,16,1,0.05642240178322653,10.0,1296,61.619719748845064,ok,,7036.0
cuszhi,1,10.0,62.59830975105458,1,28.01085332764245,675893,13.593630944542998,CXIDB21,28.67329105707295,100.0,10.0,run0015_150005_9c9c,10.0,62.59777742381357,4,16,1,0.05642240178322653,9.993553161621094,1296,61.744494709911166,ok,spline/cr-first/cr,7036.0
pfpl,1,10.0,61.59056888600461,1,178.3354037267081,764752,12.014143147059439,CXIDB21,162.99744535906896,100.0,10.0,run0015_150005_9c9c,10.0,61.590585278575674,4,16,1,0.05642240178322653,10.0,1296,61.619719748845064,ok,,7036.0
cuszp3,1,10.0,61.59056888600461,1,139.24345,906864,10.13144198027488,CXIDB21,136.39905,100.0,10.0,run0015_150005_9c9c,10.0,61.590585278575674,4,16,1,0.05642240178322653,10.0,1296,61.619719748845064,ok,,7036.0
roibin_b1,1,100.0,48.98043157823139,1,89.084701,606048,15.16025133322773,CXIDB21,90.034492,100.0,10.0,run0015_150006_9d56,100.0,48.98361520648701,4,21,1,0.07405440234048481,10.0,1701,68.78003942775916,ok,,15487.0
roibin_b2,n/a,11054.0,45.04545530209758,2,117.00081,146576,62.683113197249206,CXIDB21,102.10526,100.0,10.0,run0015_150006_9d56,11054.0,45.048659014712875,4,21,1,0.07405440234048481,10.0,1701,68.78003942775916,ok,,15487.0
cuszhi,1,10.0,69.21400985850661,1,26.96947681884961,1041316,8.823296674592536,CXIDB21,24.361106397420667,100.0,10.0,run0015_150006_9d56,10.0,69.21370203855089,4,21,1,0.07405440234048481,9.998046875,1701,68.81703643817777,ok,spline/cr-first/cr,15487.0
pfpl,1,10.0,68.53646964212186,1,177.23456790123456,1159748,7.922272769601672,CXIDB21,160.71648474671142,100.0,10.0,run0015_150006_9d56,10.0,68.5366450550076,4,21,1,0.07405440234048481,10.0,1701,68.78003942775916,ok,,15487.0
cuszp3,1,10.0,68.53646964212186,1,139.92203,1336128,6.87646692532452,CXIDB21,134.41948,100.0,10.0,run0015_150006_9d56,10.0,68.5366450550076,4,21,1,0.07405440234048481,10.0,1701,68.78003942775916,ok,,15487.0
roibin_b1,1,100.0,45.8809357402688,1,88.344614,391888,23.44506593720655,CXIDB21,93.799411,100.0,10.0,run0015_150006_9d65,100.0,45.883423715595775,4,17,1,0.05798969072164949,10.0,1332,64.95109465655193,ok,,9914.0
roibin_b2,n/a,6111.0,43.92638309455519,2,118.30243,86816,105.83118319203834,CXIDB21,102.10526,100.0,10.0,run0015_150006_9d65,6111.0,43.9288823824983,4,17,1,0.05798969072164949,10.0,1332,64.95109465655193,ok,,9914.0
cuszhi,1,10.0,65.46835825375179,1,27.8378480738437,822873,11.165562608081684,CXIDB21,26.28100686498856,100.0,10.0,run0015_150006_9d65,10.0,65.46796335935728,4,17,1,0.05798969072164949,9.9827880859375,1332,64.83574895212313,ok,spline/cr-first/cr,9914.0
pfpl,1,10.0,64.494507196764,1,173.01596866526063,914433,10.047581397434257,CXIDB21,163.69441277080958,100.0,10.0,run0015_150006_9d65,10.0,64.49475853464985,4,17,1,0.05798969072164949,10.0,1332,64.95109465655193,ok,,9914.0
cuszp3,1,10.0,64.494507196764,1,137.70743,1067664,8.605553807190278,CXIDB21,135.81835,100.0,10.0,run0015_150006_9d65,10.0,64.49475853464985,4,17,1,0.05798969072164949,10.0,1332,64.95109465655193,ok,,9914.0
roibin_b1,1,100.0,44.88729216359625,1,87.006061,476128,19.29699576584448,CXIDB21,86.638501,100.0,10.0,run0015_150006_9d95,100.0,44.889545688619535,4,15,1,0.05250417943716913,10.0,1206,64.10750247147956,ok,,9176.0
roibin_b2,n/a,1072.0,42.33596496425166,2,110.9857,108032,85.04739336492891,CXIDB21,108.42901,100.0,10.0,run0015_150006_9d95,1072.0,42.33823061829746,4,15,1,0.05250417943716913,10.0,1206,64.10750247147956,ok,,9176.0
cuszhi,1,10.0,64.73114860219889,1,27.466439868285544,934352,9.833381851807456,CXIDB21,25.04754427287795,100.0,10.0,run0015_150006_9d95,10.0,64.73080928415308,4,15,1,0.05250417943716913,9.99566650390625,1206,64.12864888683997,ok,spline/cr-first/cr,9176.0
pfpl,1,10.0,63.83556942558266,1,178.66832607342874,1012113,9.077879643873757,CXIDB21,162.3063877897117,100.0,10.0,run0015_150006_9d95,10.0,63.83570782589625,4,15,1,0.05250417943716913,10.0,1206,64.10750247147956,ok,,9176.0
cuszp3,1,10.0,63.83556942558266,1,139.78578,1183040,7.766296997565593,CXIDB21,134.98825,100.0,10.0,run0015_150006_9d95,10.0,63.83570782589625,4,15,1,0.05250417943716913,10.0,1206,64.10750247147956,ok,,9176.0
roibin_b1,1,100.0,42.82292985801548,1,88.263139,592864,15.497382198952879,CXIDB21,89.921701,100.0,10.0,run0015_150007_9f21,100.0,42.82618683947194,4,22,1,0.07575229869044302,10.0,1740,62.664634231638615,ok,,7617.0
roibin_b2,n/a,4149.0,39.09765032474903,2,121.30122,141984,64.71038990308767,CXIDB21,103.9913,100.0,10.0,run0015_150007_9f21,4149.0,39.10092697060417,4,22,1,0.07575229869044302,10.0,1740,62.664634231638615,ok,,7617.0
cuszhi,1,10.0,63.065785816218956,1,27.025642156970886,1024194,8.970800453820273,CXIDB21,24.54541568711263,100.0,10.0,run0015_150007_9f21,10.0,63.065294588869655,4,22,1,0.07575229869044302,9.996166229248047,1740,62.46136449258241,ok,spline/cr-first/cr,7617.0
pfpl,1,10.0,62.26789620094857,1,178.16940738442443,1147214,8.008828344145034,CXIDB21,162.67422096317281,100.0,10.0,run0015_150007_9f21,10.0,62.268183429832554,4,22,1,0.07575229869044302,10.0,1740,62.664634231638615,ok,,7617.0
cuszp3,1,10.0,62.26789620094857,1,138.4378,1321984,6.950038729666925,CXIDB21,136.01137,100.0,10.0,run0015_150007_9f21,10.0,62.268183429832554,4,22,1,0.07575229869044302,10.0,1740,62.664634231638615,ok,,7617.0
roibin_b1,1,100.0,44.375146746854455,1,87.456592,691824,13.280603159184995,CXIDB21,88.127689,100.0,10.0,run0015_150008_a0f5,100.0,44.37867010451895,4,24,1,0.08197791864028978,10.0,1883,64.05491730735973,ok,,8746.0
roibin_b2,n/a,5650.0,38.39985296733563,2,115.30923,172992,53.11135775064743,CXIDB21,107.01454,100.0,10.0,run0015_150008_a0f5,5650.0,38.403404993066864,4,24,1,0.08197791864028978,10.0,1883,64.05491730735973,ok,,8746.0
cuszhi,1,10.0,64.15730694679719,1,26.596998377462214,1164907,7.887187560895419,CXIDB21,23.335500650195062,100.0,10.0,run0015_150008_a0f5,10.0,64.15692465919498,4,24,1,0.08197791864028978,9.9996337890625,1883,63.71433560439171,ok,spline/cr-first/cr,8746.0
pfpl,1,10.0,63.72332510961891,1,176.7436134195137,1269181,7.239188106345746,CXIDB21,160.40223463687153,100.0,10.0,run0015_150008_a0f5,10.0,63.72358683157187,4,24,1,0.08197791864028978,10.0,1883,64.05491730735973,ok,,8746.0
cuszp3,1,10.0,63.72332510961891,1,136.07583,1486496,6.180870987880223,CXIDB21,136.39905,100.0,10.0,run0015_150008_a0f5,10.0,63.72358683157187,4,24,1,0.08197791864028978,10.0,1883,64.05491730735973,ok,,8746.0
roibin_b1,1,100.0,44.788353598851366,1,86.196338,584992,15.70592418357858,CXIDB21,90.034492,100.0,10.0,run0015_150010_a281,100.0,44.79074966653287,4,16,1,0.05572582892170522,10.0,1280,64.69361305749146,ok,,9613.0
roibin_b2,n/a,2561.0,41.2376020090398,2,118.01069,139072,66.06534744592729,CXIDB21,101.3484,100.0,10.0,run0015_150010_a281,2561.0,41.24001189910727,4,16,1,0.05572582892170522,10.0,1280,64.69361305749146,ok,,9613.0
cuszhi,1,10.0,65.0728411242261,1,27.212989482476225,1015797,9.044956817159335,CXIDB21,24.892279682691058,100.0,10.0,run0015_150010_a281,10.0,65.07251464236862,4,16,1,0.05572582892170522,9.996551513671875,1280,64.5232383254769,ok,spline/cr-first/cr,9613.0
pfpl,1,10.0,64.28056341185496,1,177.39882607352487,1132786,8.110834703112504,CXIDB21,163.09003124112468,100.0,10.0,run0015_150010_a281,10.0,64.2807829858786,4,16,1,0.05572582892170522,10.0,1280,64.69361305749146,ok,,9613.0
cuszp3,1,10.0,64.28056341185496,1,139.51409,1321456,6.952815682096112,CXIDB21,134.86144,100.0,10.0,run0015_150010_a281,10.0,64.2807829858786,4,16,1,0.05572582892170522,10.0,1280,64.69361305749146,ok,,9613.0
roibin_b1,1,100.0,38.96179700995958,1,92.055146,310080,29.630546955624354,CXIDB21,88.317439,100.0,10.0,run0015_150010_a365,100.0,38.96421117630072,4,16,1,0.05642240178322653,10.0,1296,57.18409155892166,ok,,4197.0
roibin_b2,n/a,1543.0,37.477967336682816,2,119.28542,67136,136.85414680648236,CXIDB21,100.92091,100.0,10.0,run0015_150010_a365,1543.0,37.480392187837914,4,16,1,0.05642240178322653,10.0,1296,57.18409155892166,ok,,4197.0
cuszhi,1,10.0,58.06350511638923,1,27.412272784909263,718297,12.791143496353179,CXIDB21,27.509820829740352,100.0,10.0,run0015_150010_a365,10.0,58.06296344959354,4,16,1,0.05642240178322653,9.991424560546875,1296,57.1961110789877,ok,spline/cr-first/cr,4197.0
pfpl,1,10.0,56.93019824658893,1,180.52184847532226,825633,11.128237364543326,CXIDB21,163.09003124112468,100.0,10.0,run0015_150010_a365,10.0,56.930337394588136,4,16,1,0.05642240178322653,10.0,1296,57.18409155892166,ok,,4197.0
cuszp3,1,10.0,56.93019824658893,1,142.91688,968496,9.48670928945499,CXIDB21,138.50459,100.0,10.0,run0015_150010_a365,10.0,56.930337394588136,4,16,1,0.05642240178322653,10.0,1296,57.18409155892166,ok,,4197.0
roibin_b1,1,100.0,43.99066167129419,1,80.674345,623648,14.73241315613936,CXIDB21,83.199074,100.0,10.0,run0015_150010_a39e,100.0,43.99419010261346,4,24,1,0.08210852605182503,10.0,1886,63.60958679801958,ok,,8675.0
roibin_b2,n/a,1794.0,39.75492818753722,2,118.89027,152912,60.08580098357225,CXIDB21,102.25071,100.0,10.0,run0015_150010_a39e,1794.0,39.758480888898646,4,24,1,0.08210852605182503,10.0,1886,63.60958679801958,ok,,8675.0
cuszhi,1,10.0,64.17051864259257,1,27.100294663319872,1064002,8.635171738398988,CXIDB21,24.296170932938438,100.0,10.0,run0015_150010_a39e,10.0,64.16993941674683,4,24,1,0.08210852605182503,9.9984130859375,1886,63.51679732994204,ok,spline/cr-first/cr,8675.0
pfpl,1,10.0,63.5462022808349,1,177.72825750541628,1176448,7.80981394842781,CXIDB21,163.46142897808141,100.0,10.0,run0015_150010_a39e,10.0,63.546253947288754,4,24,1,0.08210852605182503,10.0,1886,63.60958679801958,ok,,8675.0
cuszp3,1,10.0,63.5462022808349,1,135.56185,1379280,6.661330549272084,CXIDB21,128.46532,100.0,10.0,run0015_150010_a39e,10.0,63.546253947288754,4,24,1,0.08210852605182503,10.0,1886,63.60958679801958,ok,,8675.0
roibin_b1,1,100.0,38.5266559781398,1,88.344614,630336,14.57609909635496,CXIDB21,89.306375,100.0,10.0,run0015_150010_a3b9,100.0,38.52879661996434,4,15,1,0.04976142379492895,10.0,1143,58.65189024536696,ok,,4623.0
roibin_b2,n/a,2954.0,34.127204106303175,2,117.62393,155120,59.23053120165034,CXIDB21,101.88786,100.0,10.0,run0015_150010_a3b9,2954.0,34.12935812711926,4,15,1,0.04976142379492895,10.0,1143,58.65189024536696,ok,,4623.0
cuszhi,1,10.0,58.70002948475549,1,27.030810305896544,1075738,8.54096443557818,CXIDB21,24.041867280720115,100.0,10.0,run0015_150010_a3b9,10.0,58.69967347928704,4,15,1,0.04976142379492895,9.996673583984375,1143,58.03774198693286,ok,spline/cr-first/cr,4623.0
pfpl,1,10.0,58.040742934462386,1,178.44623990055933,1195683,7.684177160668839,CXIDB21,159.11332779163206,100.0,10.0,run0015_150010_a3b9,10.0,58.04102663084889,4,15,1,0.04976142379492895,10.0,1143,58.65189024536696,ok,,4623.0
cuszp3,1,10.0,58.040742934462386,1,135.56185,1392832,6.59651702430731,CXIDB21,135.88263,100.0,10.0,run0015_150010_a3b9,10.0,58.04102663084889,4,15,1,0.04976142379492895,10.0,1143,58.65189024536696,ok,,4623.0
roibin_b1,1,100.0,45.043097932656046,1,87.831142,648160,14.175265366576154,CXIDB21,88.480739,100.0,10.0,run0015_150011_a461,100.0,45.04603815922877,4,20,1,0.06843828364446922,10.0,1572,64.58808462386307,ok,,9736.0
roibin_b2,n/a,1624.0,40.2072242707469,2,108.51096,161280,56.96825396825397,CXIDB21,104.21778,100.0,10.0,run0015_150011_a461,1624.0,40.21018667856533,4,20,1,0.06843828364446922,10.0,1572,64.58808462386307,ok,,9736.0
cuszhi,1,10.0,65.13414250206546,1,26.59869233363586,1103446,8.326497173400421,CXIDB21,23.910726182544966,100.0,10.0,run0015_150011_a461,10.0,65.13381498229884,4,20,1,0.06843828364446922,9.9971923828125,1572,64.68014131307801,ok,spline/cr-first/cr,9736.0
pfpl,1,10.0,64.65757849463375,1,177.2892868169188,1210445,7.590464663821983,CXIDB21,160.49189491335943,100.0,10.0,run0015_150011_a461,10.0,64.65753055192792,4,20,1,0.06843828364446922,10.0,1572,64.58808462386307,ok,,9736.0
cuszp3,1,10.0,64.65757849463375,1,138.70532,1420784,6.466739490309576,CXIDB21,134.29373,100.0,10.0,run0015_150011_a461,10.0,64.65753055192792,4,20,1,0.06843828364446922,10.0,1572,64.58808462386307,ok,,9736.0
roibin_b1,1,100.0,45.28772747524819,1,86.769415,656656,13.991861796739846,CXIDB21,90.459989,100.0,10.0,run0015_150011_a47f,100.0,45.29235992350309,4,31,1,0.10775111451657843,10.0,2475,65.03558998028235,ok,,9995.0
roibin_b2,n/a,4176.0,40.317243747078884,2,107.65654,164288,55.92520451889365,CXIDB21,101.31263,100.0,10.0,run0015_150011_a47f,4176.0,40.32191003486683,4,31,1,0.10775111451657843,10.0,2475,65.03558998028235,ok,,9995.0
cuszhi,1,10.0,65.3608408484462,1,26.239763301104244,1113586,8.250678438845316,CXIDB21,23.25799918995545,100.0,10.0,run0015_150011_a47f,10.0,65.36018938161496,4,31,1,0.10775111451657843,9.998046875,2475,64.79474385620125,ok,spline/cr-first/cr,9995.0
pfpl,1,10.0,64.95516745424936,1,180.18198933165988,1221048,7.5245526793377495,CXIDB21,160.94170403587444,100.0,10.0,run0015_150011_a47f,10.0,64.95525331384778,4,31,1,0.10775111451657843,10.0,2475,65.03558998028235,ok,,9995.0
cuszp3,1,10.0,64.95516745424936,1,138.17132,1430480,6.422906996253006,CXIDB21,136.26958,100.0,10.0,run0015_150011_a47f,10.0,64.95525331384778,4,31,1,0.10775111451657843,10.0,2475,65.03558998028235,ok,,9995.0
roibin_b1,1,100.0,47.91248577108395,1,95.866444,137968,66.59399280992695,CXIDB21,89.223118,100.0,10.0,run0015_150012_a563,100.0,47.91791876363305,4,37,1,0.12956255224296462,10.0,2976,62.46529496217806,ok,,7649.0
roibin_b2,n/a,1799.0,47.17491880100302,2,114.11764,27552,333.472706155633,CXIDB21,107.81825,100.0,10.0,run0015_150012_a563,1799.0,47.18038263880442,4,37,1,0.12956255224296462,10.0,2976,62.46529496217806,ok,,7649.0
cuszhi,1,10.0,63.64377369888169,1,27.302832554767082,489266,18.778823789104496,CXIDB21,31.822665558326406,100.0,10.0,run0015_150012_a563,10.0,63.642096774589504,4,37,1,0.12956255224296462,9.99658203125,2976,62.510757593458735,ok,spline/cr-first/cr,7649.0
pfpl,1,10.0,62.810236033581546,1,179.05830994699096,591938,15.521625575651504,CXIDB21,161.8489289740699,100.0,10.0,run0015_150012_a563,10.0,62.80977091643631,4,37,1,0.12956255224296462,10.0,2976,62.46529496217806,ok,,7649.0
cuszp3,1,10.0,62.810236033581546,1,140.88322,724192,12.68702222614997,CXIDB21,140.05854,100.0,10.0,run0015_150012_a563,10.0,62.80977091643631,4,37,1,0.12956255224296462,10.0,2976,62.46529496217806,ok,,7649.0
roibin_b1,1,100.0,43.15418643575011,1,87.323604,681504,13.48171103911349,CXIDB21,88.371805,100.0,10.0,run0015_150013_a6e3,100.0,43.156514238490374,4,17,1,0.054158539983282246,10.0,1244,62.90731579444395,ok,,7660.0
roibin_b2,n/a,3034.0,37.46225866616954,2,113.17304,170016,54.04103143233578,CXIDB21,104.44525,100.0,10.0,run0015_150013_a6e3,3034.0,37.464604661751345,4,17,1,0.054158539983282246,10.0,1244,62.90731579444395,ok,,7660.0
cuszhi,1,10.0,63.03699701369774,1,26.593995985359733,1150118,7.988606386475127,CXIDB21,23.554698716108128,100.0,10.0,run0015_150013_a6e3,10.0,63.03668268228017,4,17,1,0.054158539983282246,9.9921875,1244,62.4922267952516,ok,spline/cr-first/cr,7660.0
pfpl,1,10.0,62.49448521329087,1,176.03923973022683,1257358,7.307258553252137,CXIDB21,162.0316027088036,100.0,10.0,run0015_150013_a6e3,10.0,62.49469850375709,4,17,1,0.054158539983282246,10.0,1244,62.90731579444395,ok,,7660.0
cuszp3,1,10.0,62.49448521329087,1,135.56185,1474656,6.230497146453139,CXIDB21,132.55771,100.0,10.0,run0015_150013_a6e3,10.0,62.49469850375709,4,17,1,0.054158539983282246,10.0,1244,62.90731579444395,ok,,7660.0
roibin_b1,1,100.0,48.79808499288966,1,84.051524,599824,15.31755981754648,CXIDB21,93.891432,100.0,10.0,run0015_150013_a70d,100.0,48.8013542669943,4,22,1,0.07601351351351351,10.0,1746,68.77593457868376,ok,,15283.0
roibin_b2,n/a,11054.0,45.06031945303155,2,114.57303,144752,63.47297446667404,CXIDB21,104.10442,100.0,10.0,run0015_150013_a70d,11054.0,45.06360789084458,4,22,1,0.07601351351351351,10.0,1746,68.77593457868376,ok,,15283.0
cuszhi,1,10.0,69.08491924155133,1,26.688239164249683,1030162,8.918830242233746,CXIDB21,24.52968816744981,100.0,10.0,run0015_150013_a70d,10.0,69.08445191646611,4,22,1,0.07601351351351351,9.984375,1746,68.50989859404773,ok,spline/cr-first/cr,15283.0
pfpl,1,10.0,68.4373189463152,1,177.23456790123456,1141525,8.048741814677733,CXIDB21,162.3981900452489,100.0,10.0,run0015_150013_a70d,10.0,68.43756656842017,4,22,1,0.07601351351351351,10.0,1746,68.77593457868376,ok,,15283.0
cuszp3,1,10.0,68.4373189463152,1,137.97213,1342128,6.8457255939820945,CXIDB21,135.43396,100.0,10.0,run0015_150013_a70d,10.0,68.43756656842017,4,22,1,0.07601351351351351,10.0,1746,68.77593457868376,ok,,15283.0
roibin_b1,1,100.0,44.846947480698994,1,88.181815,556064,16.522990159406113,CXIDB21,89.949872,100.0,10.0,run0015_150014_a8c0,100.0,44.84917029205445,4,15,1,0.05172053496795765,10.0,1188,64.56806045418931,ok,,9578.0
roibin_b2,n/a,5403.0,41.546233149291055,2,115.35556,129600,70.89382716049383,CXIDB21,99.729071,100.0,10.0,run0015_150014_a8c0,5403.0,41.54846871767422,4,15,1,0.05172053496795765,10.0,1188,64.56806045418931,ok,,9578.0
cuszhi,1,10.0,65.07546529176535,1,27.305023344002326,1034406,8.882237728706137,CXIDB21,23.996656916005016,100.0,10.0,run0015_150014_a8c0,10.0,65.0751354073028,4,15,1,0.05172053496795765,9.99212646484375,1188,64.48032600342471,ok,spline/cr-first/cr,9578.0
pfpl,1,10.0,64.0776673316787,1,178.89096573208727,1114415,8.244540857759452,CXIDB21,163.18272236430806,100.0,10.0,run0015_150014_a8c0,10.0,64.07790717653823,4,15,1,0.05172053496795765,10.0,1188,64.56806045418931,ok,,9578.0
cuszp3,1,10.0,64.0776673316787,1,136.33428,1281712,7.168412248617474,CXIDB21,133.91791,100.0,10.0,run0015_150014_a8c0,10.0,64.07790717653823,4,15,1,0.05172053496795765,10.0,1188,64.56806045418931,ok,,9578.0
roibin_b1,1,100.0,49.34928453939912,1,87.429961,509328,18.03914177111802,CXIDB21,88.919173,100.0,10.0,run0015_150015_a9d7,100.0,49.351555798300595,4,15,1,0.05289600167177487,10.0,1215,68.71595881923675,ok,,15638.0
roibin_b2,n/a,11054.0,46.4390715382271,2,120.13389,116336,78.97675697978269,CXIDB21,106.65676,100.0,10.0,run0015_150015_a9d7,11054.0,46.441355783645974,4,15,1,0.05289600167177487,10.0,1215,68.71595881923675,ok,,15638.0
cuszhi,1,10.0,69.34640733193274,1,27.464264149364197,977668,9.397709651947286,CXIDB21,24.590613223706754,100.0,10.0,run0015_150015_a9d7,10.0,69.345917917347,4,15,1,0.05289600167177487,10.0,1215,68.50759803331052,ok,spline/cr-first/cr,15638.0
pfpl,1,10.0,68.44308783104334,1,178.39080459770116,1051558,8.737359232681412,CXIDB21,162.58210645526614,100.0,10.0,run0015_150015_a9d7,10.0,68.44322773019752,4,15,1,0.05289600167177487,10.0,1215,68.71595881923675,ok,,15638.0
cuszp3,1,10.0,68.44308783104334,1,138.23784,1219888,7.531707828915441,CXIDB21,126.37324,100.0,10.0,run0015_150015_a9d7,10.0,68.44322773019752,4,15,1,0.05289600167177487,10.0,1215,68.71595881923675,ok,,15638.0
roibin_b1,1,100.0,42.50379918213764,1,89.057069,438336,20.960724193312892,CXIDB21,92.500003,100.0,10.0,run0015_150018_ae7b,100.0,42.50637001307558,4,17,1,0.05994880189467819,10.0,1377,61.412474153826736,ok,,6823.0
roibin_b2,n/a,3200.0,40.25212803804412,2,117.09625,97600,94.13770491803278,CXIDB21,107.25439,100.0,10.0,run0015_150018_ae7b,3200.0,40.25471241917751,4,17,1,0.05994880189467819,10.0,1377,61.412474153826736,ok,,6823.0
cuszhi,1,10.0,62.19448425377206,1,27.44781374117408,881996,10.417099397276179,CXIDB21,25.10668065757258,100.0,10.0,run0015_150018_ae7b,10.0,62.19397859484055,4,17,1,0.05994880189467819,9.986328125,1377,61.423601498976225,ok,spline/cr-first/cr,6823.0
pfpl,1,10.0,61.318010768509495,1,181.0911384421318,966538,9.50592734067362,CXIDB21,163.13636363636363,100.0,10.0,run0015_150018_ae7b,10.0,61.31806678710373,4,17,1,0.05994880189467819,10.0,1377,61.412474153826736,ok,,6823.0
cuszp3,1,10.0,61.318010768509495,1,140.88322,1128288,8.143169119941009,CXIDB21,137.44375,100.0,10.0,run0015_150018_ae7b,10.0,61.31806678710373,4,17,1,0.05994880189467819,10.0,1377,61.412474153826736,ok,,6823.0
roibin_b1,1,100.0,41.980495870936295,1,84.821272,591680,15.528393726338562,CXIDB21,92.828968,100.0,10.0,run0015_150023_b54a,100.0,41.98265912652131,4,15,1,0.050283853441069934,10.0,1155,62.13327964592952,ok,,6955.0
roibin_b2,n/a,2116.0,38.32867273358047,2,110.04982,141296,65.02547842826407,CXIDB21,99.590702,100.0,10.0,run0015_150023_b54a,2116.0,38.33084798431444,4,15,1,0.050283853441069934,10.0,1155,62.13327964592952,ok,,6955.0
cuszhi,1,10.0,62.263212930550075,1,27.105851254493505,1021966,8.990357800553051,CXIDB21,24.397331860474992,100.0,10.0,run0015_150023_b54a,10.0,62.26290800985011,4,15,1,0.050283853441069934,9.999176025390625,1155,61.69556126840624,ok,spline/cr-first/cr,6955.0
pfpl,1,10.0,61.44315275407645,1,177.6183111660996,1153148,7.967615605282236,CXIDB21,139.9561296612235,100.0,10.0,run0015_150023_b54a,10.0,61.44347362033368,4,15,1,0.050283853441069934,10.0,1155,62.13327964592952,ok,,6955.0
cuszp3,1,10.0,61.44315275407645,1,138.37109,1328640,6.9152215799614645,CXIDB21,136.01137,100.0,10.0,run0015_150023_b54a,10.0,61.44347362033368,4,15,1,0.050283853441069934,10.0,1155,62.13327964592952,ok,,6955.0
roibin_b1,1,100.0,41.15577616574618,1,87.244001,548880,16.73925083807025,CXIDB21,90.774578,100.0,10.0,run0015_150025_b80e,100.0,41.1585890437612,4,19,1,0.06543431317915854,10.0,1503,60.94822434490805,ok,,6217.0
roibin_b2,n/a,3850.0,37.91835158037158,2,119.63333,127488,72.06827309236948,CXIDB21,102.5795,100.0,10.0,run0015_150025_b80e,3850.0,37.92118013241312,4,19,1,0.06543431317915854,10.0,1503,60.94822434490805,ok,,6217.0
cuszhi,1,10.0,61.31070366976479,1,27.452242335692272,1025259,8.961481927981124,CXIDB21,24.171402113061415,100.0,10.0,run0015_150025_b80e,10.0,61.31027925806471,4,19,1,0.06543431317915854,9.98687744140625,1503,60.706163148779055,ok,spline/cr-first/cr,6217.0
pfpl,1,10.0,60.61281814698305,1,179.00249376558602,1082756,8.485605251783412,CXIDB21,162.76643990929705,100.0,10.0,run0015_150025_b80e,10.0,60.6130293620078,4,19,1,0.06543431317915854,10.0,1503,60.94822434490805,ok,,6217.0
cuszp3,1,10.0,60.61281814698305,1,138.70532,1260832,7.287124692266694,CXIDB21,131.28487,100.0,10.0,run0015_150025_b80e,10.0,60.6130293620078,4,19,1,0.06543431317915854,10.0,1503,60.94822434490805,ok,,6217.0
roibin_b1,1,100.0,49.27855367150053,1,88.426238,641648,14.319128244769718,CXIDB21,86.848154,100.0,10.0,run0015_150025_b844,100.0,49.2807447428464,4,15,1,0.05093689049874617,10.0,1170,69.37368296254579,ok,,15868.0
roibin_b2,n/a,11054.0,44.58864097717173,2,114.93996,158576,57.93966300070628,CXIDB21,106.81548,100.0,10.0,run0015_150025_b844,11054.0,44.590846347646725,4,15,1,0.05093689049874617,10.0,1170,69.37368296254579,ok,,15868.0
cuszhi,1,10.0,69.39509348005049,1,26.752854988149107,1091183,8.420072526789731,CXIDB21,23.83233035899564,100.0,10.0,run0015_150025_b844,10.0,69.39490229835818,4,15,1,0.05093689049874617,9.99853515625,1170,69.03509618631217,ok,spline/cr-first/cr,15868.0
pfpl,1,10.0,68.83317702566166,1,177.17988275223698,1202086,7.643246822606702,CXIDB21,161.80332488024794,100.0,10.0,run0015_150025_b844,10.0,68.83343590703127,4,15,1,0.05093689049874617,10.0,1170,69.37368296254579,ok,,15868.0
cuszp3,1,10.0,68.83317702566166,1,135.49787,1398880,6.567997254946815,CXIDB21,132.74157,100.0,10.0,run0015_150025_b844,10.0,68.83343590703127,4,15,1,0.05093689049874617,10.0,1170,69.37368296254579,ok,,15868.0
roibin_b1,1,100.0,42.444861134280956,1,87.536584,397120,23.1361804995971,CXIDB21,88.208907,100.0,10.0,run0015_150026_b931,100.0,42.44712982577158,4,15,1,0.05289600167177487,10.0,1215,61.41127182946443,ok,,6636.0
roibin_b2,n/a,1447.0,40.48144555791422,2,120.74012,87456,105.0567142334431,CXIDB21,101.67139,100.0,10.0,run0015_150026_b931,1447.0,40.48372485519128,4,15,1,0.05289600167177487,10.0,1215,61.41127182946443,ok,,6636.0
cuszhi,1,10.0,61.98912206760045,1,27.881353489098984,833553,11.022502468349343,CXIDB21,25.549030076526073,100.0,10.0,run0015_150026_b931,10.0,61.98877671014111,4,15,1,0.05289600167177487,9.99700927734375,1215,61.38085409459479,ok,spline/cr-first/cr,6636.0
pfpl,1,10.0,60.997498234782256,1,178.0037197768134,933348,9.843959594920651,CXIDB21,162.0773355913068,100.0,10.0,run0015_150026_b931,10.0,60.99770700648035,4,15,1,0.05289600167177487,10.0,1215,61.41127182946443,ok,,6636.0
cuszp3,1,10.0,60.997498234782256,1,140.46967,1083408,8.480498574867456,CXIDB21,135.24257,100.0,10.0,run0015_150026_b931,10.0,60.99770700648035,4,15,1,0.05289600167177487,10.0,1215,61.41127182946443,ok,,6636.0
roibin_b1,1,100.0,42.94098425249535,1,90.832013,432528,21.24218547700958,CXIDB21,84.471903,100.0,10.0,run0015_150027_ba81,100.0,42.94325674831151,4,15,1,0.05289600167177487,10.0,1215,62.514510029369234,ok,,7145.0
roibin_b2,n/a,4477.0,40.7427395405812,2,120.03344,95296,96.41370047011416,CXIDB21,100.1465,100.0,10.0,run0015_150027_ba81,4477.0,40.745022107756995,4,15,1,0.05289600167177487,10.0,1215,62.514510029369234,ok,,7145.0
cuszhi,1,10.0,62.57650375922045,1,27.633017037850195,875800,10.490796985613153,CXIDB21,25.360597094024644,100.0,10.0,run0015_150027_ba81,10.0,62.57606469393271,4,15,1,0.05289600167177487,9.99822998046875,1215,61.816887995381364,ok,spline/cr-first/cr,7145.0
pfpl,1,10.0,61.78089215977568,1,179.05830994699096,953691,9.633979978840106,CXIDB21,162.4900962082626,100.0,10.0,run0015_150027_ba81,10.0,61.78124922366726,4,15,1,0.05289600167177487,10.0,1215,62.514510029369234,ok,,7145.0
cuszp3,1,10.0,61.78089215977568,1,137.90586,1112848,8.25614998634135,CXIDB21,135.81835,100.0,10.0,run0015_150027_ba81,10.0,61.78124922366726,4,15,1,0.05289600167177487,10.0,1215,62.514510029369234,ok,,7145.0
roibin_b1,1,100.0,48.99446228428403,1,87.91182,671232,13.688024408848207,CXIDB21,89.195401,100.0,10.0,run0015_150027_bb65,100.0,48.99675254671445,4,16,1,0.05328782390638061,10.0,1224,68.72885663032011,ok,,15064.0
roibin_b2,n/a,10854.0,43.466699714378706,2,121.86757,166816,55.07769038941109,CXIDB21,99.177895,100.0,10.0,run0015_150027_bb65,10854.0,43.46900769868594,4,16,1,0.05328782390638061,10.0,1224,68.72885663032011,ok,,15064.0
cuszhi,1,10.0,68.92412984029536,1,26.508214717970244,1138221,8.072105504994196,CXIDB21,23.64879334486451,100.0,10.0,run0015_150027_bb65,10.0,68.92379032498614,4,16,1,0.05328782390638061,9.9923095703125,1224,68.32958830981033,ok,spline/cr-first/cr,15064.0
pfpl,1,10.0,68.43951411224614,1,158.8053097345133,1247482,7.365108274107362,CXIDB21,160.98682366134005,100.0,10.0,run0015_150027_bb65,10.0,68.43966327517163,4,16,1,0.05328782390638061,10.0,1224,68.72885663032011,ok,,15064.0
cuszp3,1,10.0,68.43951411224614,1,135.62588,1456448,6.308388627675001,CXIDB21,134.23095,100.0,10.0,run0015_150027_bb65,10.0,68.43966327517163,4,16,1,0.05328782390638061,10.0,1224,68.72885663032011,ok,,15064.0
roibin_b1,1,100.0,44.76039586650481,1,90.631316,531872,17.274532218278082,CXIDB21,88.891643,100.0,10.0,run0015_150027_bbad,100.0,44.763932601335355,4,24,1,0.08228266926720536,10.0,1890,64.47116727197476,ok,,9329.0
roibin_b2,n/a,1105.0,41.726396128197564,2,118.49773,122448,75.03462694368221,CXIDB21,99.521661,100.0,10.0,run0015_150027_bbad,1105.0,41.729952080546106,4,24,1,0.08228266926720536,10.0,1890,64.47116727197476,ok,,9329.0
cuszhi,1,10.0,64.86860447485641,1,27.548629965503647,1001473,9.17432621748165,CXIDB21,24.207065171570694,100.0,10.0,run0015_150027_bbad,10.0,64.86794267814041,4,24,1,0.08228266926720536,9.97271728515625,1890,64.13065049256781,ok,spline/cr-first/cr,9329.0
pfpl,1,10.0,63.96033804456605,1,177.39882607352487,1078793,8.516777546758275,CXIDB21,162.99744535906896,100.0,10.0,run0015_150027_bbad,10.0,63.960734608123815,4,24,1,0.08228266926720536,10.0,1890,64.47116727197476,ok,,9329.0
cuszp3,1,10.0,63.96033804456605,1,138.17132,1244976,7.379933428435568,CXIDB21,135.43396,100.0,10.0,run0015_150027_bbad,10.0,63.960734608123815,4,24,1,0.08228266926720536,10.0,1890,64.47116727197476,ok,,9329.0
roibin_b1,1,100.0,48.945123292832164,1,87.616722,549296,16.72657365063645,CXIDB21,89.334162,100.0,10.0,run0015_150028_bc70,100.0,48.947852830285214,4,18,1,0.06347520200612984,10.0,1458,68.87539246436808,ok,,15283.0
roibin_b2,n/a,11054.0,45.67352604217284,2,118.79189,127504,72.05922951436817,CXIDB21,103.69087,100.0,10.0,run0015_150028_bc70,11054.0,45.676270413398505,4,18,1,0.06347520200612984,10.0,1458,68.87539246436808,ok,,15283.0
cuszhi,1,10.0,69.13584587453687,1,27.425528453585784,1025858,8.95624930545943,CXIDB21,24.168350168350166,100.0,10.0,run0015_150028_bc70,10.0,69.13536158825957,4,18,1,0.06347520200612984,9.99945068359375,1458,68.43293118290823,ok,spline/cr-first/cr,15283.0
pfpl,1,10.0,68.31509750499488,1,178.66832607342874,1093629,8.401240274352636,CXIDB21,162.62815066553384,100.0,10.0,run0015_150028_bc70,10.0,68.3154311801639,4,18,1,0.06347520200612984,10.0,1458,68.87539246436808,ok,,15283.0
cuszp3,1,10.0,68.31509750499488,1,138.30443,1262448,7.2777967884617825,CXIDB21,135.24257,100.0,10.0,run0015_150028_bc70,10.0,68.3154311801639,4,18,1,0.06347520200612984,10.0,1458,68.87539246436808,ok,,15283.0
roibin_b1,1,100.0,38.67334839715402,1,88.480739,443760,20.704524968451416,CXIDB21,85.579733,100.0,10.0,run0015_150028_bca6,100.0,38.67613236171127,4,20,1,0.06486834772917248,10.0,1490,57.84090736004894,ok,,4392.0
roibin_b2,n/a,1449.0,36.36812325836782,2,120.28488,98688,93.09987029831387,CXIDB21,101.7074,100.0,10.0,run0015_150028_bca6,1449.0,36.3709212864627,4,20,1,0.06486834772917248,10.0,1490,57.84090736004894,ok,,4392.0
cuszhi,1,10.0,58.34168305160107,1,27.72327537434466,891939,10.300973497066503,CXIDB21,25.446005228874025,100.0,10.0,run0015_150028_bca6,10.0,58.341281008606984,4,20,1,0.06486834772917248,9.9931640625,1490,57.76229648591728,ok,spline/cr-first/cr,4392.0
pfpl,1,10.0,57.28139722628261,1,178.77957658779576,987403,9.305055787758393,CXIDB21,163.2291074474133,100.0,10.0,run0015_150028_bca6,10.0,57.28173777764113,4,20,1,0.06486834772917248,10.0,1490,57.84090736004894,ok,,4392.0
cuszp3,1,10.0,57.28139722628261,1,140.81413,1146608,8.013061133360312,CXIDB21,136.98474,100.0,10.0,run0015_150028_bca6,10.0,57.28173777764113,4,20,1,0.06486834772917248,10.0,1490,57.84090736004894,ok,,4392.0
roibin_b1,1,100.0,44.33883505119501,1,89.140016,621856,14.774867493438995,CXIDB21,89.725002,100.0,10.0,run0015_150028_bcaf,100.0,44.344957485826946,4,41,1,0.1423620785734188,10.0,3270,64.14927882630734,ok,,9017.0
roibin_b2,n/a,3452.0,40.17938550642245,2,113.84615,153248,59.95406139068699,CXIDB21,108.22465,100.0,10.0,run0015_150028_bcaf,3452.0,40.18554779774883,4,41,1,0.1423620785734188,10.0,3270,64.14927882630734,ok,,9017.0
cuszhi,1,10.0,64.48961673791882,1,26.987697002897672,1054992,8.708919119765836,CXIDB21,24.024767801857585,100.0,10.0,run0015_150028_bcaf,10.0,64.48854752125551,4,41,1,0.1423620785734188,10.0,3270,63.7967922776257,ok,spline/cr-first/cr,9017.0
pfpl,1,10.0,63.73131800403204,1,176.36363636363637,1182161,7.772071655214476,CXIDB21,162.5821064552661,100.0,10.0,run0015_150028_bcaf,10.0,63.73188532365749,4,41,1,0.1423620785734188,10.0,3270,64.14927882630734,ok,,9017.0
cuszp3,1,10.0,63.73131800403204,1,139.99025,1372128,6.696051680309709,CXIDB21,137.44375,100.0,10.0,run0015_150028_bcaf,10.0,63.73188532365749,4,41,1,0.1423620785734188,10.0,3270,64.14927882630734,ok,,9017.0
roibin_b1,1,100.0,48.714683018557025,1,87.111652,628704,14.613935969868173,CXIDB21,87.884911,100.0,10.0,run0015_150031_c030,100.0,48.71704097329747,4,16,1,0.05485511284480356,10.0,1260,68.5031196544234,ok,,14933.0
roibin_b2,n/a,10854.0,44.31417297987669,2,113.89131,154256,59.56228606990976,CXIDB21,110.04982,100.0,10.0,run0015_150031_c030,10854.0,44.31654687539971,4,16,1,0.05485511284480356,10.0,1260,68.5031196544234,ok,,14933.0
cuszhi,1,10.0,68.86167461655685,1,26.90172413540692,1071528,8.574521617727209,CXIDB21,23.839256061109268,100.0,10.0,run0015_150031_c030,10.0,68.86144593377342,4,16,1,0.05485511284480356,9.996310234069824,1260,68.4635933838467,ok,spline/cr-first/cr,14933.0
pfpl,1,10.0,68.33411356229537,1,178.77957658779576,1178239,7.797942522697008,CXIDB21,159.59977765425236,100.0,10.0,run0015_150031_c030,10.0,68.33420449102378,4,16,1,0.05485511284480356,10.0,1260,68.5031196544234,ok,,14933.0
cuszp3,1,10.0,68.33411356229537,1,139.04117,1382112,6.647681229885856,CXIDB21,130.866,100.0,10.0,run0015_150031_c030,10.0,68.33420449102378,4,16,1,0.05485511284480356,10.0,1260,68.5031196544234,ok,,14933.0
roibin_b1,1,100.0,49.633552933506365,1,87.804282,700736,13.111699698602612,CXIDB21,86.638501,100.0,10.0,run0015_150032_c2be,100.0,49.63617718899496,4,18,1,0.061080732794650316,10.0,1403,69.2107041633883,ok,,15858.0
roibin_b2,n/a,10854.0,43.331113648707955,2,110.9857,175200,52.44200913242009,CXIDB21,103.02117,100.0,10.0,run0015_150032_c2be,10854.0,43.33376030690785,4,18,1,0.061080732794650316,10.0,1403,69.2107041633883,ok,,15858.0
cuszhi,1,10.0,69.33459976684176,1,26.552877647422623,1175405,7.816744015892395,CXIDB21,23.32696916764837,100.0,10.0,run0015_150032_c2be,10.0,69.33411836905628,4,18,1,0.061080732794650316,9.9957275390625,1403,68.61031937639358,ok,spline/cr-first/cr,15858.0
pfpl,1,10.0,68.82492867772231,1,178.16940738442443,1282800,7.162332397879639,CXIDB21,161.12233445566778,100.0,10.0,run0015_150032_c2be,10.0,68.82515415570346,4,18,1,0.061080732794650316,10.0,1403,69.2107041633883,ok,,15858.0
cuszp3,1,10.0,68.82492867772231,1,135.11529,1503616,6.110496296926875,CXIDB21,131.70642,100.0,10.0,run0015_150032_c2be,10.0,68.82515415570346,4,18,1,0.061080732794650316,10.0,1403,69.2107041633883,ok,,15858.0
roibin_b1,1,100.0,46.05941825638227,1,92.055146,423184,21.71121781541835,CXIDB21,89.781116,100.0,10.0,run0015_150034_c44a,100.0,46.06314280182798,4,25,1,0.08685392867093898,10.0,1995,64.9170491285604,ok,,10201.0
roibin_b2,n/a,2370.0,43.92001259612408,2,112.50783,94736,96.98361763215674,CXIDB21,100.35652,100.0,10.0,run0015_150034_c44a,2370.0,43.923756244723805,4,25,1,0.08685392867093898,10.0,1995,64.9170491285604,ok,,10201.0
cuszhi,1,10.0,65.68414542130418,1,27.202475148590334,865441,10.616367840210945,CXIDB21,25.65977032038965,100.0,10.0,run0015_150034_c44a,10.0,65.68341588206565,4,25,1,0.08685392867093898,9.996917724609375,1995,64.91619613717927,ok,spline/cr-first/cr,10201.0
pfpl,1,10.0,64.8065553860304,1,179.00249376558605,950462,9.666709452876601,CXIDB21,162.3522759400622,100.0,10.0,run0015_150034_c44a,10.0,64.80665014469147,4,25,1,0.08685392867093898,10.0,1995,64.9170491285604,ok,,10201.0
cuszp3,1,10.0,64.8065553860304,1,139.31101,1110016,8.277214022140221,CXIDB21,134.98825,100.0,10.0,run0015_150034_c44a,10.0,64.80665014469147,4,25,1,0.08685392867093898,10.0,1995,64.9170491285604,ok,,10201.0
roibin_b1,1,100.0,42.826064626705794,1,84.199416,475664,19.31581957011672,CXIDB21,92.440441,100.0,10.0,run0015_150035_c5a0,100.0,42.828938725740315,4,19,1,0.0670016021175815,10.0,1539,61.81876378274131,ok,,7161.0
roibin_b2,n/a,4465.0,40.20545846716672,2,113.08389,107664,85.33808886907416,CXIDB21,103.02117,100.0,10.0,run0015_150035_c5a0,4465.0,40.20834920200967,4,19,1,0.0670016021175815,10.0,1539,61.81876378274131,ok,,7161.0
cuszhi,1,10.0,62.60832593653983,1,27.236262685699973,933725,9.839985006292002,CXIDB21,24.686814840290616,100.0,10.0,run0015_150035_c5a0,10.0,62.60781435745472,4,19,1,0.0670016021175815,9.997817993164062,1539,61.90491663086051,ok,spline/cr-first/cr,7161.0
pfpl,1,10.0,61.82732216256314,1,179.8434074538052,1004441,9.147217208377596,CXIDB21,157.8449697636064,100.0,10.0,run0015_150035_c5a0,10.0,61.82731642266155,4,19,1,0.0670016021175815,10.0,1539,61.81876378274131,ok,,7161.0
cuszp3,1,10.0,61.82732216256314,1,139.78578,1169920,7.853391684901532,CXIDB21,137.31228,100.0,10.0,run0015_150035_c5a0,10.0,61.82731642266155,4,19,1,0.0670016021175815,10.0,1539,61.81876378274131,ok,,7161.0
roibin_b1,1,100.0,44.678841801484324,1,85.300059,654912,14.029121469754715,CXIDB21,90.9471,100.0,10.0,run0015_150035_c66f,100.0,44.68294270649162,4,28,1,0.09543048202842017,10.0,2192,64.27117715670096,ok,,9292.0
roibin_b2,n/a,4953.0,39.62681431091051,2,113.9365,163552,56.17687341029153,CXIDB21,104.78832,100.0,10.0,run0015_150035_c66f,4953.0,39.6309465448965,4,28,1,0.09543048202842017,10.0,2192,64.27117715670096,ok,,9292.0
cuszhi,1,10.0,64.73553057326563,1,26.690099828172954,1107135,8.29875308792514,CXIDB21,23.383011645899504,100.0,10.0,run0015_150035_c66f,10.0,64.73498117834983,4,28,1,0.09543048202842017,9.983489990234375,2192,64.19488539639059,ok,spline/cr-first/cr,9292.0
pfpl,1,10.0,64.32838275628835,1,176.36363636363637,1214740,7.56362678433245,CXIDB21,160.80649677961355,100.0,10.0,run0015_150035_c66f,10.0,64.3283278039305,4,28,1,0.09543048202842017,10.0,2192,64.27117715670096,ok,,9292.0
cuszp3,1,10.0,64.32838275628835,1,137.11556,1424592,6.449453597942428,CXIDB21,136.07583,100.0,10.0,run0015_150035_c66f,10.0,64.3283278039305,4,28,1,0.09543048202842017,10.0,2192,64.27117715670096,ok,,9292.0
roibin_b1,1,100.0,44.104633058570265,1,87.965688,646624,14.208937496907012,CXIDB21,88.426238,100.0,10.0,run0015_150035_c69f,100.0,44.106794286536285,4,15,1,0.05032738924491502,10.0,1156,63.52104253617043,ok,,8717.0
roibin_b2,n/a,1621.0,39.29919933348424,2,117.04851,160176,57.36090300669264,CXIDB21,102.72629,100.0,10.0,run0015_150035_c69f,1621.0,39.30137730218311,4,15,1,0.05032738924491502,10.0,1156,63.52104253617043,ok,,8717.0
cuszhi,1,10.0,64.16033615701684,1,26.937532158924824,1100672,8.347482265379695,CXIDB21,23.777069272493893,100.0,10.0,run0015_150035_c69f,10.0,64.15997721368117,4,15,1,0.05032738924491502,9.97747802734375,1156,63.49994457857772,ok,spline/cr-first/cr,8717.0
pfpl,1,10.0,63.55699528404501,1,178.0037197768134,1215871,7.556591118630184,CXIDB21,161.3486934532172,100.0,10.0,run0015_150035_c69f,10.0,63.5569771149013,4,15,1,0.05032738924491502,10.0,1156,63.52104253617043,ok,,8717.0
cuszp3,1,10.0,63.55699528404501,1,137.18107,1417888,6.479947640434223,CXIDB21,134.73487,100.0,10.0,run0015_150035_c69f,10.0,63.5569771149013,4,15,1,0.05032738924491502,10.0,1156,63.52104253617043,ok,,8717.0
roibin_b1,1,100.0,44.50340414468999,1,86.848154,616416,14.905258786274205,CXIDB21,90.34613,100.0,10.0,run0015_150035_c6c6,100.0,44.5057771028894,4,16,1,0.05524693507940931,10.0,1269,63.98524661114467,ok,,9239.0
roibin_b2,n/a,5742.0,40.38519941016089,2,115.21669,150000,61.252266666666664,CXIDB21,106.22271,100.0,10.0,run0015_150035_c6c6,5742.0,40.38758893791282,4,16,1,0.05524693507940931,10.0,1269,63.98524661114467,ok,,9239.0
cuszhi,1,10.0,64.72380007415221,1,26.885114464168407,1052258,8.731546825968536,CXIDB21,24.124690165105243,100.0,10.0,run0015_150035_c6c6,10.0,64.72351199516079,4,16,1,0.05524693507940931,9.973785400390625,1269,64.23134951509147,ok,spline/cr-first/cr,9239.0
pfpl,1,10.0,63.991859774936714,1,177.23456790123456,1173812,7.827352250615942,CXIDB21,162.81258860221152,100.0,10.0,run0015_150035_c6c6,10.0,63.99185611858482,4,16,1,0.05524693507940931,10.0,1269,63.98524661114467,ok,,9239.0
cuszp3,1,10.0,63.991859774936714,1,138.90663,1364672,6.732636120620926,CXIDB21,135.1789,100.0,10.0,run0015_150035_c6c6,10.0,63.99185611858482,4,16,1,0.05524693507940931,10.0,1269,63.98524661114467,ok,,9239.0
roibin_b1,1,100.0,44.03321178324292,1,83.732866,560848,16.38205003851311,CXIDB21,84.150061,100.0,10.0,run0015_150035_c6f6,100.0,44.03592206502916,4,18,1,0.0630833797715241,10.0,1449,63.60437106018877,ok,,8751.0
roibin_b2,n/a,5326.0,40.70449966608437,2,122.17873,131536,69.85038316506508,CXIDB21,100.56742,100.0,10.0,run0015_150035_c6f6,5326.0,40.707226146956614,4,18,1,0.0630833797715241,10.0,1449,63.60437106018877,ok,,8751.0
cuszhi,1,10.0,64.286165799242,1,27.117331428672625,1038506,8.847170839648495,CXIDB21,24.050929803987266,100.0,10.0,run0015_150035_c6f6,10.0,64.2856828981776,4,18,1,0.0630833797715241,9.9986572265625,1449,63.58108863983911,ok,spline/cr-first/cr,8751.0
pfpl,1,10.0,63.480001563861116,1,179.2259675405743,1102482,8.333777785034131,CXIDB21,163.92806166143305,100.0,10.0,run0015_150035_c6f6,10.0,63.48007890829427,4,18,1,0.0630833797715241,10.0,1449,63.60437106018877,ok,,8751.0
cuszp3,1,10.0,63.480001563861116,1,136.33428,1284480,7.152964623816642,CXIDB21,134.29373,100.0,10.0,run0015_150035_c6f6,10.0,63.48007890829427,4,18,1,0.0630833797715241,10.0,1449,63.60437106018877,ok,,8751.0
roibin_b1,1,100.0,44.88917057253745,1,87.429961,394592,23.284405157732543,CXIDB21,90.175879,100.0,10.0,run0015_150036_c756,100.0,44.89204437616416,4,19,1,0.0670016021175815,10.0,1539,63.84706981483514,ok,,8781.0
roibin_b2,n/a,1599.0,42.96512134851779,2,119.03814,86784,105.87020648967551,CXIDB21,98.904582,100.0,10.0,run0015_150036_c756,1599.0,42.968008399919285,4,19,1,0.0670016021175815,10.0,1539,63.84706981483514,ok,,8781.0
cuszhi,1,10.0,64.43075302037799,1,27.731977899752042,827278,11.106109433588225,CXIDB21,26.063907044299203,100.0,10.0,run0015_150036_c756,10.0,64.43015526790562,4,19,1,0.0670016021175815,9.996307373046875,1539,63.619302550417586,ok,spline/cr-first/cr,8781.0
pfpl,1,10.0,63.53093948218762,1,176.41781874039938,923328,9.950786719345672,CXIDB21,162.72031737035988,100.0,10.0,run0015_150036_c756,10.0,63.53114377398596,4,19,1,0.0670016021175815,10.0,1539,63.84706981483514,ok,,8781.0
cuszp3,1,10.0,63.53093948218762,1,139.92203,1063552,8.638825370080635,CXIDB21,135.24257,100.0,10.0,run0015_150036_c756,10.0,63.53114377398596,4,19,1,0.0670016021175815,10.0,1539,63.84706981483514,ok,,8781.0
roibin_b1,1,100.0,49.72189747217234,1,83.054671,738912,12.43428175479624,CXIDB21,89.809199,100.0,10.0,run0015_150036_c77d,100.0,49.72590466454764,4,27,1,0.09325369183616607,10.0,2142,69.3018710594684,ok,,15858.0
roibin_b2,n/a,10854.0,42.558556207014966,2,111.11456,186352,49.30368335193612,CXIDB21,104.2935,100.0,10.0,run0015_150036_c77d,10854.0,42.562599472217116,4,27,1,0.09325369183616607,10.0,2142,69.3018710594684,ok,,15858.0
cuszhi,1,10.0,69.31883380601128,1,25.685917928316925,1210636,7.58926712901318,CXIDB21,23.066479212693313,100.0,10.0,run0015_150036_c77d,10.0,69.31839335195605,4,27,1,0.09325369183616607,9.9945068359375,2142,68.87045527568179,ok,spline/cr-first/cr,15858.0
pfpl,1,10.0,68.8202936487062,1,175.98528961078762,1320251,6.959161553371291,CXIDB21,162.39819004524887,100.0,10.0,run0015_150036_c77d,10.0,68.82071875448307,4,27,1,0.09325369183616607,10.0,2142,69.3018710594684,ok,,15858.0
cuszp3,1,10.0,68.8202936487062,1,135.68998,1554528,5.910372794829041,CXIDB21,130.09515,100.0,10.0,run0015_150036_c77d,10.0,68.82071875448307,4,27,1,0.09325369183616607,10.0,2142,69.3018710594684,ok,,15858.0
roibin_b1,1,100.0,49.26066526091168,1,85.224101,629008,14.606873044539974,CXIDB21,89.949872,100.0,10.0,run0015_150037_c888,100.0,49.2645571015496,4,26,1,0.09051093619392588,10.0,2079,69.10502601489466,ok,,15882.0
roibin_b2,n/a,11054.0,44.887825566818876,2,115.77419,154880,59.32231404958678,CXIDB21,106.97467,100.0,10.0,run0015_150037_c888,11054.0,44.89174328780244,4,26,1,0.09051093619392588,10.0,2079,69.10502601489466,ok,,15882.0
cuszhi,1,10.0,69.41398550495008,1,26.52677408830671,1071721,8.572977482012575,CXIDB21,23.940632035353957,100.0,10.0,run0015_150037_c888,10.0,69.41348738091675,4,26,1,0.09051093619392588,9.9986572265625,2079,68.89578962652311,ok,spline/cr-first/cr,15882.0
pfpl,1,10.0,68.64273357492672,1,178.8352538150109,1195620,7.684582057844466,CXIDB21,162.9049645390071,100.0,10.0,run0015_150037_c888,10.0,68.64313051787742,4,26,1,0.09051093619392588,10.0,2079,69.10502601489466,ok,,15882.0
cuszp3,1,10.0,68.64273357492672,1,135.88263,1385136,6.633168150997447,CXIDB21,133.11081,100.0,10.0,run0015_150037_c888,10.0,68.64313051787742,4,26,1,0.09051093619392588,10.0,2079,69.10502601489466,ok,,15882.0
roibin_b1,1,100.0,49.356872855065845,1,90.034492,546880,16.800468110005852,CXIDB21,89.865412,100.0,10.0,run0015_150037_c94b,100.0,49.359587299468004,4,18,1,0.06321398718305934,10.0,1452,68.72509608859457,ok,,16059.0
roibin_b2,n/a,11054.0,46.150107692130604,2,112.41974,126720,72.5050505050505,CXIDB21,106.10495,100.0,10.0,run0015_150037_c94b,11054.0,46.152838725278045,4,18,1,0.06321398718305934,10.0,1452,68.72509608859457,ok,,16059.0
cuszhi,1,10.0,69.57554651620447,1,26.866443263095718,1019799,9.009461668426818,CXIDB21,24.123676692992774,100.0,10.0,run0015_150037_c94b,10.0,69.57517547462626,4,18,1,0.06321398718305934,9.9990234375,1452,69.02498113754396,ok,spline/cr-first/cr,16059.0
pfpl,1,10.0,68.71745967352433,1,166.4463768115942,1092159,8.412547989807345,CXIDB21,162.67422096317281,100.0,10.0,run0015_150037_c94b,10.0,68.71746449656791,4,18,1,0.06321398718305934,10.0,1452,68.72509608859457,ok,,16059.0
cuszp3,1,10.0,68.71745967352433,1,138.83946,1269232,7.238897222887541,CXIDB21,131.70642,100.0,10.0,run0015_150037_c94b,10.0,68.71746449656791,4,18,1,0.06321398718305934,10.0,1452,68.72509608859457,ok,,16059.0
roibin_b1,1,100.0,45.79195063725303,1,89.75305,433424,21.198272361475137,CXIDB21,89.978061,100.0,10.0,run0015_150037_c99c,100.0,45.79510350988414,4,21,1,0.07344490108665366,10.0,1687,65.03808522575122,ok,,9988.0
roibin_b2,n/a,3314.0,43.58713445921018,2,118.98881,96464,95.24630950406369,CXIDB21,109.04671,100.0,10.0,run0015_150037_c99c,3314.0,43.590302448288654,4,21,1,0.07344490108665366,10.0,1687,65.03808522575122,ok,,9988.0
cuszhi,1,10.0,65.50435247514093,1,27.444698179233004,875149,10.498600809690693,CXIDB21,25.34604519774011,100.0,10.0,run0015_150037_c99c,10.0,65.50372166768368,4,21,1,0.07344490108665366,9.994163513183594,1687,64.72058186161433,ok,spline/cr-first/cr,9988.0
pfpl,1,10.0,64.56678883614086,1,168.39882697947215,963644,9.534475387176178,CXIDB21,162.1688788477831,100.0,10.0,run0015_150037_c99c,10.0,64.56711687132612,4,21,1,0.07344490108665366,10.0,1687,65.03808522575122,ok,,9988.0
cuszp3,1,10.0,64.56678883614086,1,139.31101,1132656,8.111765619923437,CXIDB21,131.70642,100.0,10.0,run0015_150037_c99c,10.0,64.56711687132612,4,21,1,0.07344490108665366,10.0,1687,65.03808522575122,ok,,9988.0
roibin_b1,1,100.0,38.962310048299656,1,89.250853,628096,14.628082331363359,CXIDB21,89.306375,100.0,10.0,run0015_150038_ca62,100.0,38.964528234431725,4,15,1,0.0515899275564224,10.0,1185,58.8670049688244,ok,,4862.0
roibin_b2,n/a,1501.0,34.63343925761797,2,120.48678,154128,59.6117512716703,CXIDB21,102.91039,100.0,10.0,run0015_150038_ca62,1501.0,34.63567190084435,4,15,1,0.0515899275564224,10.0,1185,58.8670049688244,ok,,4862.0
cuszhi,1,10.0,59.11330948290661,1,26.91464820377919,1071147,8.57757151912856,CXIDB21,24.0328115844982,100.0,10.0,run0015_150038_ca62,10.0,59.113006382001345,4,15,1,0.0515899275564224,9.996292114257812,1185,58.56225629873745,ok,spline/cr-first/cr,4862.0
pfpl,1,10.0,58.632890414715156,1,178.77957658779576,1174544,7.822474083559237,CXIDB21,163.32195676905573,100.0,10.0,run0015_150038_ca62,10.0,58.63300799812933,4,15,1,0.0515899275564224,10.0,1185,58.8670049688244,ok,,4862.0
cuszp3,1,10.0,58.632890414715156,1,136.46388,1380032,6.657700690998469,CXIDB21,129.21693,100.0,10.0,run0015_150038_ca62,10.0,58.63300799812933,4,15,1,0.0515899275564224,10.0,1185,58.8670049688244,ok,,4862.0
roibin_b1,1,100.0,45.46341763389138,1,88.535306,586288,15.671205960210681,CXIDB21,92.679146,100.0,10.0,run0015_150038_cb28,100.0,45.466517986981295,4,21,1,0.07209529116745611,10.0,1656,65.39441953177958,ok,,10386.0
roibin_b2,n/a,6587.0,41.87731315853668,2,109.83932,139376,65.9212489955229,CXIDB21,106.38014,100.0,10.0,run0015_150038_cb28,6587.0,41.880431405491606,4,21,1,0.07209529116745611,10.0,1656,65.39441953177958,ok,,10386.0
cuszhi,1,10.0,65.74102903768902,1,27.14032097503626,1008976,9.106103613961086,CXIDB21,24.767737761483723,100.0,10.0,run0015_150038_cb28,10.0,65.74058825304814,4,21,1,0.07209529116745611,9.999481201171875,1656,65.16898991124124,ok,spline/cr-first/cr,10386.0
pfpl,1,10.0,65.03438462685425,1,177.78328173374612,1129403,8.135129798663542,CXIDB21,162.44413012729845,100.0,10.0,run0015_150038_cb28,10.0,65.03463373422268,4,21,1,0.07209529116745611,10.0,1656,65.39441953177958,ok,,10386.0
cuszp3,1,10.0,65.03438462685425,1,135.75413,1310704,7.0098511944725885,CXIDB21,135.43396,100.0,10.0,run0015_150038_cb28,10.0,65.03463373422268,4,21,1,0.07209529116745611,10.0,1656,65.39441953177958,ok,,10386.0
roibin_b1,1,100.0,43.51767383204475,1,88.617284,430160,21.359122187093174,CXIDB21,81.893898,100.0,10.0,run0015_150040_cca8,100.0,43.52045356392463,4,19,1,0.06478127612148231,10.0,1488,62.622691684470105,ok,,7623.0
roibin_b2,n/a,4715.0,41.300356121781775,2,108.10241,95680,96.02675585284281,CXIDB21,105.71429,100.0,10.0,run0015_150040_cca8,4715.0,41.30314968598569,4,19,1,0.06478127612148231,10.0,1488,62.622691684470105,ok,,7623.0
cuszhi,1,10.0,63.15335957885535,1,27.507391168321043,872711,10.52792963535466,CXIDB21,25.398735017028617,100.0,10.0,run0015_150040_cca8,10.0,63.15296021238351,4,19,1,0.06478127612148231,9.99285888671875,1488,62.576860891428666,ok,spline/cr-first/cr,7623.0
pfpl,1,10.0,62.0897807003055,1,178.2800372555107,970751,9.464672197092767,CXIDB21,163.2291074474133,100.0,10.0,run0015_150040_cca8,10.0,62.09010559850087,4,19,1,0.06478127612148231,10.0,1488,62.622691684470105,ok,,7623.0
cuszp3,1,10.0,62.0897807003055,1,140.7451,1130928,8.124159981890978,CXIDB21,130.92568,100.0,10.0,run0015_150040_cca8,10.0,62.09010559850087,4,19,1,0.06478127612148231,10.0,1488,62.622691684470105,ok,,7623.0
roibin_b1,1,100.0,44.017409475783566,1,85.80992,585360,15.696050293836272,CXIDB21,91.614547,100.0,10.0,run0015_150040_cd05,100.0,44.02029028289503,4,19,1,0.0670016021175815,10.0,1539,63.88623140978207,ok,,8815.0
roibin_b2,n/a,5321.0,40.45459092576104,2,118.98881,139088,66.05774761302197,CXIDB21,98.904582,100.0,10.0,run0015_150040_cd05,5321.0,40.457488530794365,4,19,1,0.0670016021175815,10.0,1539,63.88623140978207,ok,,8815.0
cuszhi,1,10.0,64.32055444153573,1,27.36964710473362,1016440,9.039234976978474,CXIDB21,24.77094297299629,100.0,10.0,run0015_150040_cd05,10.0,64.32020360662867,4,19,1,0.0670016021175815,9.99853515625,1539,63.826152068444465,ok,spline/cr-first/cr,8815.0
pfpl,1,10.0,63.51711289678417,1,176.96147919876734,1135916,8.08848541617514,CXIDB21,163.41491178144565,100.0,10.0,run0015_150040_cd05,10.0,63.51735000011497,4,19,1,0.0670016021175815,10.0,1539,63.88623140978207,ok,,8815.0
cuszp3,1,10.0,63.51711289678417,1,139.17595,1319552,6.962847996895916,CXIDB21,135.68998,100.0,10.0,run0015_150040_cd05,10.0,63.51735000011497,4,19,1,0.0670016021175815,10.0,1539,63.88623140978207,ok,,8815.0
roibin_b1,1,100.0,43.31009541827583,1,89.1677,672560,13.660996788390626,CXIDB21,91.907809,100.0,10.0,run0015_150040_cd59,100.0,43.31259358693628,4,18,1,0.058120298133184735,10.0,1335,63.069003376456436,ok,,7865.0
roibin_b2,n/a,2392.0,37.84781244834155,2,115.03206,167648,54.804351975567855,CXIDB21,108.42901,100.0,10.0,run0015_150040_cd59,2392.0,37.850329724560005,4,18,1,0.058120298133184735,10.0,1335,63.069003376456436,ok,,7865.0
cuszhi,1,10.0,63.266481485904656,1,26.37610721724065,1139838,8.060654233320875,CXIDB21,23.48245685777378,100.0,10.0,run0015_150040_cd59,10.0,63.26608258663983,4,18,1,0.058120298133184735,9.99609375,1335,62.629240399397204,ok,spline/cr-first/cr,7865.0
pfpl,1,10.0,62.85134411064915,1,176.7436134195137,1241120,7.402861931158953,CXIDB21,160.2679319006419,100.0,10.0,run0015_150040_cd59,10.0,62.851467498855484,4,18,1,0.058120298133184735,10.0,1335,63.069003376456436,ok,,7865.0
cuszp3,1,10.0,62.85134411064915,1,137.90586,1455504,6.31248007563016,CXIDB21,137.24665,100.0,10.0,run0015_150040_cd59,10.0,62.851467498855484,4,18,1,0.058120298133184735,10.0,1335,63.069003376456436,ok,,7865.0
roibin_b1,1,100.0,49.4730083017438,1,86.222223,679184,13.52776272703715,CXIDB21,87.164543,100.0,10.0,run0015_150041_ce58,100.0,49.47516595542331,4,15,1,0.05015324602953469,10.0,1152,69.62957877843512,ok,,15834.0
roibin_b2,n/a,10854.0,43.77191832934226,2,117.43149,169152,54.3170639424896,CXIDB21,107.45509,100.0,10.0,run0015_150041_ce58,10854.0,43.774091347193796,4,15,1,0.05015324602953469,10.0,1152,69.62957877843512,ok,,15834.0
cuszhi,1,10.0,69.32128368311459,1,26.434350292888954,1149674,7.991691557780728,CXIDB21,23.138044967362397,100.0,10.0,run0015_150041_ce58,10.0,69.32111277242423,4,15,1,0.05015324602953469,9.985107421875,1152,68.99320971613756,ok,spline/cr-first/cr,15834.0
pfpl,1,10.0,68.72637934488964,1,177.12523133867984,1265747,7.258828186043498,CXIDB21,138.97386253630202,100.0,10.0,run0015_150041_ce58,10.0,68.72678834700784,4,15,1,0.05015324602953469,10.0,1152,69.62957877843512,ok,,15834.0
cuszp3,1,10.0,68.72637934488964,1,136.20493,1471072,6.245676622218355,CXIDB21,133.9804,100.0,10.0,run0015_150041_ce58,10.0,68.72678834700784,4,15,1,0.05015324602953469,10.0,1152,69.62957877843512,ok,,15834.0
roibin_b1,1,100.0,45.78599893018952,1,87.403346,463248,19.833523296376885,CXIDB21,86.586246,100.0,10.0,run0015_150041_cf6c,100.0,45.78900973479801,4,20,1,0.07013617999442742,10.0,1611,65.03445186065852,ok,,10071.0
roibin_b2,n/a,1012.0,43.34331444883768,2,119.58351,104208,88.16827882696145,CXIDB21,107.93985,100.0,10.0,run0015_150041_cf6c,1012.0,43.34634084327439,4,20,1,0.07013617999442742,10.0,1611,65.03445186065852,ok,,10071.0
cuszhi,1,10.0,65.57208066414692,1,27.6598870464699,910907,10.086474250389996,CXIDB21,25.16719989481527,100.0,10.0,run0015_150041_cf6c,10.0,65.57148738124641,4,20,1,0.07013617999442742,9.998977661132812,1611,64.79916745149632,ok,spline/cr-first/cr,10071.0
pfpl,1,10.0,64.55958463595142,1,178.16940738442446,997654,9.209445358811772,CXIDB21,161.98589562764457,100.0,10.0,run0015_150041_cf6c,10.0,64.55990013862368,4,20,1,0.07013617999442742,10.0,1611,65.03445186065852,ok,,10071.0
cuszp3,1,10.0,64.55958463595142,1,139.51409,1167888,7.867055745071445,CXIDB21,129.80108,100.0,10.0,run0015_150041_cf6c,10.0,64.55990013862368,4,20,1,0.07013617999442742,10.0,1611,65.03445186065852,ok,,10071.0
roibin_b1,1,100.0,45.169256610397255,1,88.45348,589168,15.594601200336745,CXIDB21,85.96407,100.0,10.0,run0015_150042_cf9f,100.0,45.17244357493235,4,22,1,0.07414147394817498,10.0,1703,64.91662656249544,ok,,10056.0
roibin_b2,n/a,2773.0,41.55281888970014,2,117.81699,140768,65.26937940441009,CXIDB21,106.41957,100.0,10.0,run0015_150042_cf9f,2773.0,41.556025155200714,4,22,1,0.07414147394817498,10.0,1703,64.91662656249544,ok,,10056.0
cuszhi,1,10.0,65.46729501801543,1,26.950332558463558,1019287,9.013987228327252,CXIDB21,24.41496598639456,100.0,10.0,run0015_150042_cf9f,10.0,65.46669119314318,4,22,1,0.07414147394817498,9.9964599609375,1703,64.72080978340188,ok,spline/cr-first/cr,10056.0
pfpl,1,10.0,64.80857847259752,1,177.34403953057443,1126775,8.154103525548578,CXIDB21,163.09003124112468,100.0,10.0,run0015_150042_cf9f,10.0,64.80865759346885,4,22,1,0.07414147394817498,10.0,1703,64.91662656249544,ok,,10056.0
cuszp3,1,10.0,64.80857847259752,1,138.23784,1314624,6.988948931405481,CXIDB21,134.41948,100.0,10.0,run0015_150042_cf9f,10.0,64.80865759346885,4,22,1,0.07414147394817498,10.0,1703,64.91662656249544,ok,,10056.0
roibin_b1,1,100.0,44.52512936484343,1,89.223118,268496,34.21965317919075,CXIDB21,92.949174,100.0,10.0,run0015_150042_d053,100.0,44.52733675480493,4,15,1,0.05172053496795765,10.0,1188,62.08847654379703,ok,,7368.0
roibin_b2,n/a,891.0,43.2755313889876,2,122.80581,54736,167.85735165156387,CXIDB21,110.04982,100.0,10.0,run0015_150042_d053,891.0,43.277748626699186,4,15,1,0.05172053496795765,10.0,1188,62.08847654379703,ok,,7368.0
cuszhi,1,10.0,63.011736841985346,1,28.45351757626809,663789,13.841506864380097,CXIDB21,27.509820829740345,100.0,10.0,run0015_150042_d053,10.0,63.01123611171416,4,15,1,0.05172053496795765,9.991134643554688,1188,62.1376970668378,ok,spline/cr-first/cr,7368.0
pfpl,1,10.0,62.02592455178983,1,179.3939393939394,749114,12.264942318525618,CXIDB21,163.32195676905573,100.0,10.0,run0015_150042_d053,10.0,62.025956672261444,4,15,1,0.05172053496795765,10.0,1188,62.08847654379703,ok,,7368.0
cuszp3,1,10.0,62.02592455178983,1,143.99197,892032,10.299899555172908,CXIDB21,137.57546,100.0,10.0,run0015_150042_d053,10.0,62.025956672261444,4,15,1,0.05172053496795765,10.0,1188,62.08847654379703,ok,,7368.0
roibin_b1,1,100.0,49.15225499537742,1,88.699414,608128,15.108398231951169,CXIDB21,90.204209,100.0,10.0,run0015_150043_d176,100.0,49.15537006383701,4,21,1,0.07248711340206186,10.0,1665,68.80213438698983,ok,,15843.0
roibin_b2,n/a,11054.0,45.198430569857884,2,123.1746,147280,62.38348723519826,CXIDB21,104.75009,100.0,10.0,run0015_150043_d176,11054.0,45.201566046649205,4,21,1,0.07248711340206186,10.0,1665,68.80213438698983,ok,,15843.0
cuszhi,1,10.0,69.39384557555256,1,27.07330369008365,1041434,8.822296948246361,CXIDB21,24.569570426150953,100.0,10.0,run0015_150043_d176,10.0,69.39339249809845,4,21,1,0.07248711340206186,9.999603271484375,1665,68.8098527605124,ok,spline/cr-first/cr,15843.0
pfpl,1,10.0,69.01223873904458,1,177.83834004335708,1137601,8.07650485539306,CXIDB21,162.12309429700733,100.0,10.0,run0015_150043_d176,10.0,69.01208269915988,4,21,1,0.07248711340206186,10.0,1665,68.80213438698983,ok,,15843.0
cuszp3,1,10.0,69.01223873904458,1,137.18107,1341920,6.84678669369262,CXIDB21,134.29373,100.0,10.0,run0015_150043_d176,10.0,69.01208269915988,4,21,1,0.07248711340206186,10.0,1665,68.80213438698983,ok,,15843.0
roibin_b1,1,100.0,43.53305325062891,1,90.602716,580192,15.835861232143841,CXIDB21,93.830065,100.0,10.0,run0015_150043_d1a9,100.0,43.53667570951632,4,24,1,0.08424178044023405,10.0,1935,63.411351035285534,ok,,8308.0
roibin_b2,n/a,1591.0,40.03184827776778,2,84.323052,137136,66.99801656749504,CXIDB21,77.120603,100.0,10.0,run0015_150043_d1a9,1591.0,40.03549157754021,4,24,1,0.08424178044023405,10.0,1935,63.411351035285534,ok,,8308.0
cuszhi,1,10.0,63.81286823566521,1,27.184486701915198,1061925,8.652061115427172,CXIDB21,23.725984382101387,100.0,10.0,run0015_150043_d1a9,10.0,63.812370850928566,4,24,1,0.08424178044023405,9.9931640625,1935,63.25924464450415,ok,spline/cr-first/cr,8308.0
pfpl,1,10.0,63.029051861394514,1,179.05830994699096,1127332,8.150074689621158,CXIDB21,161.75774647887323,100.0,10.0,run0015_150043_d1a9,10.0,63.029360160002675,4,24,1,0.08424178044023405,10.0,1935,63.411351035285534,ok,,8308.0
cuszp3,1,10.0,63.029051861394514,1,139.10853,1312688,6.999256487451702,CXIDB21,136.01137,100.0,10.0,run0015_150043_d1a9,10.0,63.029360160002675,4,24,1,0.08424178044023405,10.0,1935,63.411351035285534,ok,,8308.0
roibin_b1,1,100.0,49.0260599385263,1,93.069693,170656,53.838364897806116,CXIDB21,88.809157,100.0,10.0,run0015_150043_d215,100.0,49.0296394394575,4,24,1,0.0846336026748398,10.0,1944,64.7864150007003,ok,,10137.0
roibin_b2,n/a,2424.0,48.25720885158405,2,116.90553,32128,285.9760956175299,CXIDB21,97.229939,100.0,10.0,run0015_150043_d215,2424.0,48.260804195344186,4,24,1,0.0846336026748398,10.0,1944,64.7864150007003,ok,,10137.0
cuszhi,1,10.0,65.9586798162515,1,27.82861539020712,531308,17.292869672581627,CXIDB21,29.80587563583515,100.0,10.0,run0015_150043_d215,10.0,65.9577485049957,4,24,1,0.0846336026748398,10.0,1944,64.97776740983147,ok,spline/cr-first/cr,10137.0
pfpl,1,10.0,64.83774404290087,1,181.26262626262627,627835,14.63416343466038,CXIDB21,161.3486934532172,100.0,10.0,run0015_150043_d215,10.0,64.83770034377159,4,24,1,0.0846336026748398,10.0,1944,64.7864150007003,ok,,10137.0
cuszp3,1,10.0,64.83774404290087,1,142.98805,769984,11.932507688471448,CXIDB21,138.03846,100.0,10.0,run0015_150043_d215,10.0,64.83770034377159,4,24,1,0.0846336026748398,10.0,1944,64.7864150007003,ok,,10137.0
roibin_b1,1,100.0,48.58479030580891,1,84.051524,600096,15.310616967951795,CXIDB21,93.585395,100.0,10.0,run0015_150044_d257,100.0,48.587923020975815,4,21,1,0.0728789356366676,10.0,1674,68.33737745245536,ok,,14915.0
roibin_b2,n/a,11054.0,44.81804251067849,2,110.9857,144624,63.52915145480695,CXIDB21,105.71429,100.0,10.0,run0015_150044_d257,11054.0,44.821194671155034,4,21,1,0.0728789356366676,10.0,1674,68.33737745245536,ok,,14915.0
cuszhi,1,10.0,68.88939562499908,1,26.873437010994667,1026858,8.947527311468576,CXIDB21,24.476365031328584,100.0,10.0,run0015_150044_d257,10.0,68.88879876434366,4,21,1,0.0728789356366676,9.99554443359375,1674,68.13907839219303,ok,spline/cr-first/cr,14915.0
pfpl,1,10.0,68.23789850704536,1,176.03923973022683,1142967,8.038587290796672,CXIDB21,155.07426411018093,100.0,10.0,run0015_150044_d257,10.0,68.23797018280835,4,21,1,0.0728789356366676,10.0,1674,68.33737745245536,ok,,14915.0
cuszp3,1,10.0,68.23789850704536,1,133.9804,1343680,6.837818528221005,CXIDB21,130.92568,100.0,10.0,run0015_150044_d257,10.0,68.23797018280835,4,21,1,0.0728789356366676,10.0,1674,68.33737745245536,ok,,14915.0
roibin_b1,1,100.0,46.230354083917014,1,89.057069,316416,29.037216828478964,CXIDB21,87.032435,100.0,10.0,run0015_150044_d28d,100.0,46.23379261843321,4,23,1,0.08032355809417666,10.0,1845,64.56103017878452,ok,,9679.0
roibin_b2,n/a,1785.0,44.718320517947994,2,112.28784,69232,132.71088513981974,CXIDB21,100.1465,100.0,10.0,run0015_150044_d28d,1785.0,44.72177412793647,4,23,1,0.08032355809417666,10.0,1845,64.56103017878452,ok,,9679.0
cuszhi,1,10.0,65.28927565244112,1,27.604001267859317,727528,12.628847274606613,CXIDB21,27.122614774230115,100.0,10.0,run0015_150044_d28d,10.0,65.28858824985393,4,23,1,0.08032355809417666,10.0,1845,64.50808385872708,ok,spline/cr-first/cr,9679.0
pfpl,1,10.0,64.31712399786137,1,180.2951334379906,832388,11.03792942714215,CXIDB21,164.2562929061785,100.0,10.0,run0015_150044_d28d,10.0,64.31731451630944,4,23,1,0.08032355809417666,10.0,1845,64.56103017878452,ok,,9679.0
cuszp3,1,10.0,64.31712399786137,1,139.99025,971168,9.460608257273716,CXIDB21,135.94697,100.0,10.0,run0015_150044_d28d,10.0,64.31731451630944,4,23,1,0.08032355809417666,10.0,1845,64.56103017878452,ok,,9679.0
roibin_b1,1,100.0,48.87871398119462,1,86.586246,587824,15.630256675467487,CXIDB21,89.978061,100.0,10.0,run0015_150049_d97d,100.0,48.88250474723262,4,25,1,0.08816000278629144,10.0,2025,68.7292349639289,ok,,15350.0
roibin_b2,n/a,11054.0,45.17283691193777,2,119.58351,140544,65.37340619307832,CXIDB21,100.04181,100.0,10.0,run0015_150049_d97d,11054.0,45.176650444352404,4,25,1,0.08816000278629144,10.0,2025,68.7292349639289,ok,,15350.0
cuszhi,1,10.0,69.14218830996629,1,27.05146285953192,1018501,9.020943523864974,CXIDB21,24.55066267635742,100.0,10.0,run0015_150049_d97d,10.0,69.1415389345954,4,25,1,0.08816000278629144,9.9962158203125,2025,68.46174724245284,ok,spline/cr-first/cr,15350.0
pfpl,1,10.0,68.42072354967311,1,176.20128873887697,1130920,8.124217451278605,CXIDB21,162.99744535906896,100.0,10.0,run0015_150049_d97d,10.0,68.42098610552421,4,25,1,0.08816000278629144,10.0,2025,68.7292349639289,ok,,15350.0
cuszp3,1,10.0,68.42072354967311,1,137.50957,1318000,6.971047040971168,CXIDB21,136.20493,100.0,10.0,run0015_150049_d97d,10.0,68.42098610552421,4,25,1,0.08816000278629144,10.0,2025,68.7292349639289,ok,,15350.0
roibin_b1,1,100.0,44.82955854494192,1,86.560142,652416,14.082793800274672,CXIDB21,88.073622,100.0,10.0,run0015_150049_da25,100.0,44.8317839358026,4,15,1,0.05172053496795765,10.0,1188,65.04527574412879,ok,,9446.0
roibin_b2,n/a,4266.0,39.833593672126334,2,123.8654,161680,56.82731321128154,CXIDB21,99.24646,100.0,10.0,run0015_150049_da25,4266.0,39.83583367882059,4,15,1,0.05172053496795765,10.0,1188,65.04527574412879,ok,,9446.0
cuszhi,1,10.0,64.88725818762059,1,26.54095026807173,1108926,8.285349969249527,CXIDB21,23.39539621104095,100.0,10.0,run0015_150049_da25,10.0,64.8869136974347,4,15,1,0.05172053496795765,9.99859619140625,1188,64.26756324614736,ok,spline/cr-first/cr,9446.0
pfpl,1,10.0,64.53025828441973,1,177.67326732673268,1207181,7.6109879131629805,CXIDB21,163.18272236430806,100.0,10.0,run0015_150049_da25,10.0,64.53050947369576,4,15,1,0.05172053496795765,10.0,1188,65.04527574412879,ok,,9446.0
cuszp3,1,10.0,64.53025828441973,1,136.01137,1422576,6.45859342488556,CXIDB21,136.26958,100.0,10.0,run0015_150049_da25,10.0,64.53050947369576,4,15,1,0.05172053496795765,10.0,1188,65.04527574412879,ok,,9446.0
roibin_b1,1,100.0,44.682829808950125,1,89.250853,339920,27.029418686749825,CXIDB21,87.858018,100.0,10.0,run0015_150049_da94,100.0,44.68716401294439,4,29,1,0.10109013652828086,10.0,2322,63.45503454709167,ok,,8334.0
roibin_b2,n/a,1050.0,43.047537867265376,2,120.94356,74960,122.56990394877268,CXIDB21,100.49702,100.0,10.0,run0015_150049_da94,1050.0,43.05189036556634,4,29,1,0.10109013652828086,10.0,2322,63.45503454709167,ok,,8334.0
cuszhi,1,10.0,64.00417105790793,1,27.80507660298846,755148,12.166939460873895,CXIDB21,27.091904132855255,100.0,10.0,run0015_150049_da94,10.0,64.00329307038734,4,29,1,0.10109013652828086,9.997955322265625,2322,63.2123433421339,ok,spline/cr-first/cr,8334.0
pfpl,1,10.0,63.047710598326965,1,179.50609565489216,849666,10.813472588052246,CXIDB21,158.2800441014333,100.0,10.0,run0015_150049_da94,10.0,63.04810366059046,4,29,1,0.10109013652828086,10.0,2322,63.45503454709167,ok,,8334.0
cuszp3,1,10.0,63.047710598326965,1,137.05013,999504,9.192399430117339,CXIDB21,134.29373,100.0,10.0,run0015_150049_da94,10.0,63.04810366059046,4,29,1,0.10109013652828086,10.0,2322,63.45503454709167,ok,,8334.0
roibin_b1,1,100.0,49.26138864866338,1,86.507987,633296,14.507970996185039,CXIDB21,93.009395,100.0,10.0,run0015_150050_dbf0,100.0,49.26369639582033,4,16,1,0.05367964614098635,10.0,1233,69.10936388615778,ok,,15804.0
roibin_b2,n/a,11054.0,44.70909539138895,2,114.43603,156144,58.842094476893124,CXIDB21,106.81548,100.0,10.0,run0015_150050_dbf0,11054.0,44.71141882636371,4,16,1,0.05367964614098635,10.0,1233,69.10936388615778,ok,,15804.0
cuszhi,1,10.0,69.35591555808512,1,26.993326468345895,1081334,8.496764182019616,CXIDB21,23.967611336032387,100.0,10.0,run0015_150050_dbf0,10.0,69.35562295660844,4,16,1,0.05367964614098635,9.998458862304688,1233,68.84240094779088,ok,spline/cr-first/cr,15804.0
pfpl,1,10.0,68.60627386255342,1,176.90696241528033,1208442,7.603045905388922,CXIDB21,160.94170403587444,100.0,10.0,run0015_150050_dbf0,10.0,68.6065288720759,4,16,1,0.05367964614098635,10.0,1233,69.10936388615778,ok,,15804.0
cuszp3,1,10.0,68.60627386255342,1,70.372551,1395424,6.58426399431284,CXIDB21,86.403854,100.0,10.0,run0015_150050_dbf0,10.0,68.6065288720759,4,16,1,0.05367964614098635,10.0,1233,69.10936388615778,ok,,15804.0
roibin_b1,1,100.0,44.960450236292125,1,86.351881,644896,14.247010370664418,CXIDB21,87.777438,100.0,10.0,run0015_150052_dd8e,100.0,44.96393950522841,4,24,1,0.08110720256338813,10.0,1863,65.04146184412163,ok,,9653.0
roibin_b2,n/a,4268.0,40.198508896493166,2,121.45516,160608,57.20661486351863,CXIDB21,103.54129,100.0,10.0,run0015_150052_dd8e,4268.0,40.20202120832704,4,24,1,0.08110720256338813,10.0,1863,65.04146184412163,ok,,9653.0
cuszhi,1,10.0,65.07919778121105,1,26.907711794293583,1098450,8.364367973052937,CXIDB21,23.830352326015685,100.0,10.0,run0015_150052_dd8e,10.0,65.07882532654912,4,24,1,0.08110720256338813,9.9986572265625,1863,64.64265897272067,ok,spline/cr-first/cr,9653.0
pfpl,1,10.0,64.57282664406787,1,176.63488157490002,1207138,7.6112590275511165,CXIDB21,162.76643990929705,100.0,10.0,run0015_150052_dd8e,10.0,64.57318696647405,4,24,1,0.08110720256338813,10.0,1863,65.04146184412163,ok,,9653.0
cuszp3,1,10.0,64.57282664406787,1,137.44375,1415904,6.489027504689584,CXIDB21,132.61894,100.0,10.0,run0015_150052_dd8e,10.0,64.57318696647405,4,24,1,0.08110720256338813,10.0,1863,65.04146184412163,ok,,9653.0
roibin_b1,1,100.0,44.87523362720763,1,86.953362,497552,18.466089976525065,CXIDB21,88.809157,100.0,10.0,run0015_150054_e0c7,100.0,44.88159680698927,4,42,1,0.14810880468096962,10.0,3402,64.28048848972642,ok,,9204.0
roibin_b2,n/a,5925.0,42.12440565355151,2,115.40193,114688,80.11160714285714,CXIDB21,103.76581,100.0,10.0,run0015_150054_e0c7,5925.0,42.13080349514557,4,42,1,0.14810880468096962,10.0,3402,64.28048848972642,ok,,9204.0
cuszhi,1,10.0,64.7547191265006,1,27.060545638222365,955072,9.620049587884473,CXIDB21,24.733600379032605,100.0,10.0,run0015_150054_e0c7,10.0,64.75363393581878,4,42,1,0.14810880468096962,10.0,3402,64.07757313217486,ok,spline/cr-first/cr,9204.0
pfpl,1,10.0,63.79829253421342,1,178.0037197768134,1034666,8.880005721653172,CXIDB21,162.99744535906896,100.0,10.0,run0015_150054_e0c7,10.0,63.798968541683266,4,42,1,0.14810880468096962,10.0,3402,64.28048848972642,ok,,9204.0
cuszp3,1,10.0,63.79829253421342,1,138.17132,1202656,7.63962429821994,CXIDB21,133.91791,100.0,10.0,run0015_150054_e0c7,10.0,63.798968541683266,4,42,1,0.14810880468096962,10.0,3402,64.28048848972642,ok,,9204.0
roibin_b1,1,100.0,45.42757282476211,1,89.361967,534928,17.175844225764962,CXIDB21,94.261329,100.0,10.0,run0015_150054_e11e,100.0,45.43235489427668,4,32,1,0.1112775146280301,10.0,2556,65.0035730023177,ok,,10088.0
roibin_b2,n/a,4113.0,42.36024601820422,2,118.69367,124496,73.80028274000772,CXIDB21,99.075226,100.0,10.0,run0015_150054_e11e,4113.0,42.36505510676698,4,32,1,0.1112775146280301,10.0,2556,65.0035730023177,ok,,10088.0
cuszhi,1,10.0,65.53808725631771,1,27.48788707870295,1001635,9.172842402671632,CXIDB21,24.36110639742067,100.0,10.0,run0015_150054_e11e,10.0,65.5373332893144,4,32,1,0.1112775146280301,9.999298095703125,2556,64.90840943543883,ok,spline/cr-first/cr,10088.0
pfpl,1,10.0,64.72836684151815,1,178.94671237145528,1070789,8.58043928355633,CXIDB21,163.2291074474133,100.0,10.0,run0015_150054_e11e,10.0,64.72866359290704,4,32,1,0.1112775146280301,10.0,2556,65.0035730023177,ok,,10088.0
cuszp3,1,10.0,64.72836684151815,1,139.31101,1243248,7.390190854921946,CXIDB21,136.20493,100.0,10.0,run0015_150054_e11e,10.0,64.72866359290704,4,32,1,0.1112775146280301,10.0,2556,65.0035730023177,ok,,10088.0
roibin_b1,1,100.0,41.57778573023966,1,85.707465,609632,15.071124875334629,CXIDB21,92.173356,100.0,10.0,run0015_150054_e121,100.0,41.580526547340405,4,19,1,0.06373641682920034,10.0,1464,61.51476257388159,ok,,6605.0
roibin_b2,n/a,1329.0,37.62972643650266,2,115.49477,147488,62.29550878715556,CXIDB21,102.98422,100.0,10.0,run0015_150054_e121,1329.0,37.632484033853146,4,19,1,0.06373641682920034,10.0,1464,61.51476257388159,ok,,6605.0
cuszhi,1,10.0,61.813261522267794,1,27.057756417052456,1044037,8.800301138752745,CXIDB21,24.284868476697962,100.0,10.0,run0015_150054_e121,10.0,61.81302303265426,4,19,1,0.06373641682920034,9.9927978515625,1464,61.45432049891548,ok,spline/cr-first/cr,6605.0
pfpl,1,10.0,61.12884226418805,1,176.68923076923076,1156716,7.9430387407107705,CXIDB21,162.21468926553672,100.0,10.0,run0015_150054_e121,10.0,61.12907763028835,4,19,1,0.06373641682920034,10.0,1464,61.51476257388159,ok,,6605.0
cuszp3,1,10.0,61.12884226418805,1,138.17132,1355888,6.77625290584473,CXIDB21,117.62393,100.0,10.0,run0015_150054_e121,10.0,61.12907763028835,4,19,1,0.06373641682920034,10.0,1464,61.51476257388159,ok,,6605.0
roibin_b1,1,100.0,49.365916409766136,1,85.758659,526176,17.461533783372865,CXIDB21,94.478444,100.0,10.0,run0015_150055_e2a1,100.0,49.36812972982396,4,15,1,0.05150285594873224,10.0,1183,69.06277428218321,ok,,15703.0
roibin_b2,n/a,11054.0,46.27024136059724,2,120.48678,120592,76.18946530449782,CXIDB21,108.18388,100.0,10.0,run0015_150055_e2a1,11054.0,46.272466912576725,4,15,1,0.05150285594873224,10.0,1183,69.06277428218321,ok,,15703.0
cuszhi,1,10.0,69.40232924114864,1,27.33203136039315,995938,9.225313222309019,CXIDB21,23.863031914893615,100.0,10.0,run0015_150055_e2a1,10.0,69.40190951592547,4,15,1,0.05150285594873224,9.992431640625,1183,68.65540996617052,ok,spline/cr-first/cr,15703.0
pfpl,1,10.0,68.51631849992873,1,178.05891472868217,1072110,8.569866897986214,CXIDB21,163.41491178144565,100.0,10.0,run0015_150055_e2a1,10.0,68.51658296189801,4,15,1,0.05150285594873224,10.0,1183,69.06277428218321,ok,,15703.0
cuszp3,1,10.0,68.51631849992873,1,139.37863,1233248,7.450115467448558,CXIDB21,135.56185,100.0,10.0,run0015_150055_e2a1,10.0,68.51658296189801,4,15,1,0.05150285594873224,10.0,1183,69.06277428218321,ok,,15703.0
roibin_b1,1,100.0,46.510426976757365,1,87.138089,340272,27.00145765740349,CXIDB21,90.31771,100.0,10.0,run0015_150056_e337,100.0,46.51262388616559,4,15,1,0.05132871273335191,10.0,1179,64.82998133570904,ok,,10191.0
roibin_b2,n/a,5665.0,44.780560288278,2,116.62064,73600,124.83478260869565,CXIDB21,102.46967,100.0,10.0,run0015_150056_e337,5665.0,44.782767987443115,4,15,1,0.05132871273335191,10.0,1179,64.82998133570904,ok,,10191.0
cuszhi,1,10.0,65.76551461782842,1,27.77586649938782,758956,12.10589283173201,CXIDB21,26.378795534934998,100.0,10.0,run0015_150056_e337,10.0,65.76507097687639,4,15,1,0.05132871273335191,9.99505615234375,1179,64.97722975415712,ok,spline/cr-first/cr,10191.0
pfpl,1,10.0,64.8772432268235,1,177.94855903315775,853713,10.762211656610594,CXIDB21,162.39819004524887,100.0,10.0,run0015_150056_e337,10.0,64.87721883549327,4,15,1,0.05132871273335191,10.0,1179,64.82998133570904,ok,,10191.0
cuszp3,1,10.0,64.8772432268235,1,142.42064,991488,9.266718306222566,CXIDB21,136.78895,100.0,10.0,run0015_150056_e337,10.0,64.87721883549327,4,15,1,0.05132871273335191,10.0,1179,64.82998133570904,ok,,10191.0
roibin_b1,1,100.0,38.769948878648684,1,88.236015,570480,16.10545505539195,CXIDB21,88.535306,100.0,10.0,run0015_150056_e44e,100.0,38.77215527612833,4,15,1,0.05132871273335191,10.0,1179,58.57028172828343,ok,,4791.0
roibin_b2,n/a,1356.0,35.348613469512195,2,118.64463,133472,68.83720930232558,CXIDB21,104.59745,100.0,10.0,run0015_150056_e44e,1356.0,35.35083259762909,4,15,1,0.05132871273335191,10.0,1179,58.57028172828343,ok,,4791.0
cuszhi,1,10.0,59.036267237430664,1,27.108370459976985,1053773,8.718993559333937,CXIDB21,23.90773970606603,100.0,10.0,run0015_150056_e44e,10.0,59.0360282165129,4,15,1,0.05132871273335191,9.97564697265625,1179,58.59390150914274,ok,spline/cr-first/cr,4791.0
pfpl,1,10.0,58.29113648617343,1,177.6183111660996,1113905,8.248315610397656,CXIDB21,162.4900962082626,100.0,10.0,run0015_150056_e44e,10.0,58.2912752623877,4,15,1,0.05132871273335191,10.0,1179,58.57028172828343,ok,,4791.0
cuszp3,1,10.0,58.29113648617343,1,139.44633,1287584,7.135720853940403,CXIDB21,136.20493,100.0,10.0,run0015_150056_e44e,10.0,58.2912752623877,4,15,1,0.05132871273335191,10.0,1179,58.57028172828343,ok,,4791.0
roibin_b1,1,100.0,48.97319817137333,1,91.937239,117696,78.06416530723219,CXIDB21,92.619352,100.0,10.0,run0015_150106_f25e,100.0,48.97554742917504,4,16,1,0.05642240178322653,10.0,1296,62.78930552558964,ok,,8027.0
roibin_b2,n/a,1799.0,48.293202402577705,2,118.79189,22544,407.5514549325763,CXIDB21,99.177895,100.0,10.0,run0015_150106_f25e,1799.0,48.29556641834369,4,16,1,0.05642240178322653,10.0,1296,62.78930552558964,ok,,8027.0
cuszhi,1,10.0,64.15928275183101,1,28.101580970848843,464932,19.76168557982673,CXIDB21,31.75930534815552,100.0,10.0,run0015_150106_f25e,10.0,64.15847047263463,4,16,1,0.05642240178322653,9.998779296875,1296,62.915804987026064,ok,spline/cr-first/cr,8027.0
pfpl,1,10.0,62.9252622563599,1,179.5622263914947,570925,16.09290186977274,CXIDB21,163.2291074474133,100.0,10.0,run0015_150106_f25e,10.0,62.92518433366635,4,16,1,0.05642240178322653,10.0,1296,62.78930552558964,ok,,8027.0
cuszp3,1,10.0,62.9252622563599,1,142.42064,704912,13.034024105136528,CXIDB21,135.30631,100.0,10.0,run0015_150106_f25e,10.0,62.92518433366635,4,16,1,0.05642240178322653,10.0,1296,62.78930552558964,ok,,8027.0
roibin_b1,1,100.0,44.637769569333926,1,93.830065,173696,52.896094325718494,CXIDB21,93.039534,100.0,10.0,run0015_150110_f7c8,100.0,44.640008278556365,4,15,1,0.05289600167177487,10.0,1215,60.53309566154151,ok,,6216.0
roibin_b2,n/a,927.0,43.88594714671645,2,118.98881,31712,289.72754793138245,CXIDB21,100.46186,100.0,10.0,run0015_150110_f7c8,927.0,43.88819525708689,4,15,1,0.05289600167177487,10.0,1215,60.53309566154151,ok,,6216.0
cuszhi,1,10.0,61.69025413532121,1,27.900445783278872,535228,17.166217014057562,CXIDB21,30.223157894736836,100.0,10.0,run0015_150110_f7c8,10.0,61.6895571015873,4,15,1,0.05289600167177487,9.981903076171875,1215,60.539323524045656,ok,spline/cr-first/cr,6216.0
pfpl,1,10.0,60.30975837933261,1,171.3126491646778,637937,14.40242531786054,CXIDB21,149.89297833463846,100.0,10.0,run0015_150110_f7c8,10.0,60.30987353115616,4,15,1,0.05289600167177487,10.0,1215,60.53309566154151,ok,,6216.0
cuszp3,1,10.0,60.30975837933261,1,143.48825,784720,11.708431032725048,CXIDB21,135.43396,100.0,10.0,run0015_150110_f7c8,10.0,60.30987353115616,4,15,1,0.05289600167177487,10.0,1215,60.53309566154151,ok,,6216.0
roibin_b1,1,100.0,43.8105267442343,1,86.170468,313584,29.299454053778256,CXIDB21,87.08523,100.0,10.0,run0015_150112_fad4,100.0,43.81321075056984,4,18,1,0.06269155753691837,10.0,1440,62.19640057974581,ok,,7328.0
roibin_b2,n/a,1342.0,42.30269359991526,2,117.81699,68352,134.41947565543072,CXIDB21,102.25071,100.0,10.0,run0015_150112_fad4,1342.0,42.305389194861554,4,18,1,0.06269155753691837,10.0,1440,62.19640057974581,ok,,7328.0
cuszhi,1,10.0,62.87712306847228,1,28.217445183402774,723109,12.706023573209572,CXIDB21,27.370829361296472,100.0,10.0,run0015_150112_fad4,10.0,62.87651466063919,4,18,1,0.06269155753691837,9.999156951904297,1440,62.00116677462455,ok,spline/cr-first/cr,7328.0
pfpl,1,10.0,61.668869902598246,1,177.83834004335708,841138,10.923106553264743,CXIDB21,163.32195676905573,100.0,10.0,run0015_150112_fad4,10.0,61.66918133427036,4,18,1,0.06269155753691837,10.0,1440,62.19640057974581,ok,,7328.0
cuszp3,1,10.0,61.668869902598246,1,139.92203,979616,9.379021984124392,CXIDB21,135.11529,100.0,10.0,run0015_150112_fad4,10.0,61.66918133427036,4,18,1,0.06269155753691837,10.0,1440,62.19640057974581,ok,,7328.0
roibin_b1,1,100.0,48.89041348044188,1,85.274725,552736,16.62247438198344,CXIDB21,92.649239,100.0,10.0,run0015_150117_101df,100.0,48.89369640320023,4,22,1,0.07640533574811925,10.0,1755,68.46951305603804,ok,,15283.0
roibin_b2,n/a,11054.0,45.64912470671396,2,116.85795,128304,71.60992642474125,CXIDB21,108.63412,100.0,10.0,run0015_150117_101df,11054.0,45.652426870550975,4,22,1,0.07640533574811925,10.0,1755,68.46951305603804,ok,,15283.0
cuszhi,1,10.0,69.1045619258759,1,27.336870010740945,1028652,8.931922554955417,CXIDB21,24.534928434095274,100.0,10.0,run0015_150117_101df,10.0,69.10395035488901,4,22,1,0.07640533574811925,9.996124267578125,1755,68.36987597388296,ok,spline/cr-first/cr,15283.0
pfpl,1,10.0,68.3752132533475,1,178.11414392059552,1088200,8.443153832016174,CXIDB21,152.8860489882854,100.0,10.0,run0015_150117_101df,10.0,68.37528452742049,4,22,1,0.07640533574811925,10.0,1755,68.46951305603804,ok,,15283.0
cuszp3,1,10.0,68.3752132533475,1,138.97387,1269072,7.239809876823379,CXIDB21,137.50957,100.0,10.0,run0015_150117_101df,10.0,68.37528452742049,4,22,1,0.07640533574811925,10.0,1755,68.46951305603804,ok,,15283.0
roibin_b1,1,100.0,43.7076492762598,1,88.046614,471024,19.506097353850336,CXIDB21,88.100647,100.0,10.0,run0015_150118_10230,100.0,43.71050941771323,4,19,1,0.06665331568682084,10.0,1531,62.819363777263476,ok,,7965.0
roibin_b2,n/a,1230.0,41.231236331477774,2,119.28542,106320,86.4168547780286,CXIDB21,108.71639,100.0,10.0,run0015_150118_10230,1230.0,41.234111918622595,4,19,1,0.06665331568682084,10.0,1531,62.819363777263476,ok,,7965.0
cuszhi,1,10.0,63.51483871885919,1,27.513074777395644,922736,9.957170848433355,CXIDB21,24.990860823396293,100.0,10.0,run0015_150118_10230,10.0,63.514340777381314,4,19,1,0.06665331568682084,9.9970703125,1531,62.825461795214935,ok,spline/cr-first/cr,7965.0
pfpl,1,10.0,62.618416416757135,1,177.23456790123456,1005599,9.13668370791936,CXIDB21,162.12309429700733,100.0,10.0,run0015_150118_10230,10.0,62.618547305404896,4,19,1,0.06665331568682084,10.0,1531,62.819363777263476,ok,,7965.0
cuszp3,1,10.0,62.618416416757135,1,141.8577,1169904,7.853499090523667,CXIDB21,131.16492,100.0,10.0,run0015_150118_10230,10.0,62.618547305404896,4,19,1,0.06665331568682084,10.0,1531,62.819363777263476,ok,,7965.0
roibin_b1,1,100.0,42.46575264800295,1,86.53406,624016,14.723725032691469,CXIDB21,90.34613,100.0,10.0,run0015_150119_103e6,100.0,42.46839707492226,4,18,1,0.061516090833101146,10.0,1413,62.263780670707305,ok,,7324.0
roibin_b2,n/a,1852.0,38.28342257435078,2,108.84003,152592,60.211806647792805,CXIDB21,106.53803,100.0,10.0,run0015_150119_103e6,1852.0,38.286084315656844,4,18,1,0.061516090833101146,10.0,1413,62.263780670707305,ok,,7324.0
cuszhi,1,10.0,62.66951873994811,1,26.809059448986623,1066685,8.613451956294501,CXIDB21,24.4388645358982,100.0,10.0,run0015_150119_103e6,10.0,62.669245568585126,4,18,1,0.061516090833101146,9.995513916015625,1413,62.24670609639491,ok,spline/cr-first/cr,7324.0
pfpl,1,10.0,61.92127738818225,1,178.44623990055933,1191963,7.70815872640342,CXIDB21,163.27551890816036,100.0,10.0,run0015_150119_103e6,10.0,61.92147999356291,4,18,1,0.061516090833101146,10.0,1413,62.263780670707305,ok,,7324.0
cuszp3,1,10.0,61.92127738818225,1,134.98825,1380352,6.656157270029674,CXIDB21,135.75413,100.0,10.0,run0015_150119_103e6,10.0,61.92147999356291,4,18,1,0.061516090833101146,10.0,1413,62.263780670707305,ok,,7324.0
roibin_b1,1,100.0,43.24164257746996,1,88.181815,590192,15.567544121235123,CXIDB21,88.019622,100.0,10.0,run0015_150121_10680,100.0,43.2447749146288,4,21,1,0.0728789356366676,10.0,1674,62.94554329657769,ok,,8028.0
roibin_b2,n/a,1188.0,39.59499041932515,2,114.80208,140960,65.18047673098751,CXIDB21,107.41489,100.0,10.0,run0015_150121_10680,1188.0,39.598142021618905,4,21,1,0.0728789356366676,10.0,1674,62.94554329657769,ok,,8028.0
cuszhi,1,10.0,63.52861114280762,1,26.898258813885576,1018644,9.019677139412789,CXIDB21,24.418080537483522,100.0,10.0,run0015_150121_10680,10.0,63.52807030798971,4,21,1,0.0728789356366676,10.0,1674,62.84346666201135,ok,spline/cr-first/cr,8028.0
pfpl,1,10.0,62.91592401125696,1,177.94855903315775,1120340,8.200939000660513,CXIDB21,163.6477628954118,100.0,10.0,run0015_150121_10680,10.0,62.91594552408718,4,21,1,0.0728789356366676,10.0,1674,62.94554329657769,ok,,8028.0
cuszp3,1,10.0,62.91592401125696,1,138.30443,1319760,6.9617506213250895,CXIDB21,133.9804,100.0,10.0,run0015_150121_10680,10.0,62.91594552408718,4,21,1,0.0728789356366676,10.0,1674,62.94554329657769,ok,,8028.0
roibin_b1,1,100.0,49.670350109562904,1,88.562616,742848,12.368398380287758,CXIDB21,88.290281,100.0,10.0,run0015_150121_1071c,100.0,49.6749776581777,4,31,1,0.10775111451657843,10.0,2475,69.00945353171221,ok,,15822.0
roibin_b2,n/a,5448.0,42.53606400182411,2,115.44833,187488,49.00494965011094,CXIDB21,104.59745,100.0,10.0,run0015_150121_1071c,5448.0,42.540735544226465,4,31,1,0.10775111451657843,10.0,2475,69.00945353171221,ok,,15822.0
cuszhi,1,10.0,69.29681696036866,1,26.25862394183448,1214050,7.567925538486882,CXIDB21,23.209118098779403,100.0,10.0,run0015_150121_1071c,10.0,69.29634150711186,4,31,1,0.10775111451657843,9.98797607421875,2475,68.8765483493601,ok,spline/cr-first/cr,15822.0
pfpl,1,10.0,69.03520636137705,1,176.47203441917642,1311988,7.0029908810141555,CXIDB21,162.53608831021793,100.0,10.0,run0015_150121_1071c,10.0,69.03517853006937,4,31,1,0.10775111451657843,10.0,2475,69.00945353171221,ok,,15822.0
cuszp3,1,10.0,69.03520636137705,1,134.92482,1558464,5.895445772247546,CXIDB21,130.09515,100.0,10.0,run0015_150121_1071c,10.0,69.03517853006937,4,31,1,0.10775111451657843,10.0,2475,69.00945353171221,ok,,15822.0
roibin_b1,1,100.0,49.41464780475924,1,86.743201,671136,13.689982358270157,CXIDB21,92.055146,100.0,10.0,run0015_150122_108db,100.0,49.417131286395055,4,17,1,0.057772011702424075,10.0,1327,69.22087194812278,ok,,15850.0
roibin_b2,n/a,1908.0,43.875457426761926,2,116.14887,167456,54.867188992929485,CXIDB21,107.01454,100.0,10.0,run0015_150122_108db,1908.0,43.8779598265762,4,17,1,0.057772011702424075,10.0,1327,69.22087194812278,ok,,15850.0
cuszhi,1,10.0,69.34497352643643,1,26.312768845689018,1139477,8.063207945399512,CXIDB21,23.509375255874886,100.0,10.0,run0015_150122_108db,10.0,69.34469699406475,4,17,1,0.057772011702424075,9.9810791015625,1327,68.89088544611826,ok,spline/cr-first/cr,15850.0
pfpl,1,10.0,68.85625231503919,1,176.85247921157992,1248103,7.361443727000095,CXIDB21,163.36842105263156,100.0,10.0,run0015_150122_108db,10.0,68.85645436752827,4,17,1,0.057772011702424075,10.0,1327,69.22087194812278,ok,,15850.0
cuszp3,1,10.0,68.85625231503919,1,137.77351,1459824,6.293799800523899,CXIDB21,136.14035,100.0,10.0,run0015_150122_108db,10.0,68.85645436752827,4,17,1,0.057772011702424075,10.0,1327,69.22087194812278,ok,,15850.0
roibin_b1,1,100.0,43.69223462883861,1,87.429961,696432,13.192730948606611,CXIDB21,89.084701,100.0,10.0,run0015_150123_109e6,100.0,43.69546639286625,4,22,1,0.07522986904430204,10.0,1728,63.195633131278356,ok,,8046.0
roibin_b2,n/a,2097.0,37.60126457469626,2,120.03344,174416,52.67773598752408,CXIDB21,105.01828,100.0,10.0,run0015_150123_109e6,2097.0,37.604523978921755,4,22,1,0.07522986904430204,10.0,1728,63.195633131278356,ok,,8046.0
cuszhi,1,10.0,63.446494559350924,1,26.120740877624414,1170442,7.849889187161773,CXIDB21,23.02024453798356,100.0,10.0,run0015_150123_109e6,10.0,63.44621583018038,4,22,1,0.07522986904430204,10.0,1728,63.09093937735315,ok,spline/cr-first/cr,8046.0
pfpl,1,10.0,62.8229089566098,1,178.72393401805166,1282351,7.164840203657189,CXIDB21,162.85876347135564,100.0,10.0,run0015_150123_109e6,10.0,62.82317766941994,4,22,1,0.07522986904430204,10.0,1728,63.195633131278356,ok,,8046.0
cuszp3,1,10.0,62.8229089566098,1,137.44375,1498128,6.132880501532579,CXIDB21,132.80296,100.0,10.0,run0015_150123_109e6,10.0,62.82317766941994,4,22,1,0.07522986904430204,10.0,1728,63.195633131278356,ok,,8046.0
roibin_b1,1,100.0,46.01410003553475,1,92.202956,498592,18.42757204287273,CXIDB21,90.602716,100.0,10.0,run0015_150123_109fe,100.0,46.021347237319965,4,48,1,0.1687447757035386,10.0,3876,65.25240515508702,ok,,10527.0
roibin_b2,n/a,2940.0,43.255132311914835,2,120.53736,116128,79.11821438412785,CXIDB21,111.15756,100.0,10.0,run0015_150123_109fe,2940.0,43.26242064792979,4,48,1,0.1687447757035386,10.0,3876,65.25240515508702,ok,,10527.0
cuszhi,1,10.0,65.93087011453935,1,27.0650494517229,957894,9.59170847713839,CXIDB21,24.798756261875972,100.0,10.0,run0015_150123_109fe,10.0,65.92952250945054,4,48,1,0.1687447757035386,9.99896240234375,3876,65.19766764090303,ok,spline/cr-first/cr,10527.0
pfpl,1,10.0,64.98005172765416,1,177.01602959309494,1040925,8.82661094699426,CXIDB21,162.0316027088036,100.0,10.0,run0015_150123_109fe,10.0,64.98049721866718,4,48,1,0.1687447757035386,10.0,3876,65.25240515508702,ok,,10527.0
cuszp3,1,10.0,64.98005172765416,1,135.81835,1207840,7.606835342429461,CXIDB21,134.98825,100.0,10.0,run0015_150123_109fe,10.0,64.98049721866718,4,48,1,0.1687447757035386,10.0,3876,65.25240515508702,ok,,10527.0
roibin_b1,1,100.0,49.63191287871344,1,84.821272,732880,12.536622639449842,CXIDB21,92.380955,100.0,10.0,run0015_150124_10bd2,100.0,49.63443990292217,4,18,1,0.05877333519086097,10.0,1350,69.51782334092678,ok,,15745.0
roibin_b2,n/a,10854.0,42.63261406476885,2,103.24344,183824,49.981721646792586,CXIDB21,108.06172,100.0,10.0,run0015_150124_10bd2,10854.0,42.63516207629727,4,18,1,0.05877333519086097,10.0,1350,69.51782334092678,ok,,15745.0
cuszhi,1,10.0,69.25787928119237,1,25.90017209763193,1207389,7.609676748752888,CXIDB21,23.140842232520654,100.0,10.0,run0015_150124_10bd2,10.0,69.25757116614014,4,18,1,0.05877333519086097,9.9989013671875,1350,68.76292481140824,ok,spline/cr-first/cr,15745.0
pfpl,1,10.0,68.82844240342882,1,176.09322293774915,1314208,6.991161216489322,CXIDB21,162.3063877897117,100.0,10.0,run0015_150124_10bd2,10.0,68.82881707017886,4,18,1,0.05877333519086097,10.0,1350,69.51782334092678,ok,,15745.0
cuszp3,1,10.0,68.82844240342882,1,132.92593,1548816,5.932170122209481,CXIDB21,132.37437,100.0,10.0,run0015_150124_10bd2,10.0,68.82881707017886,4,18,1,0.05877333519086097,10.0,1350,69.51782334092678,ok,,15745.0
roibin_b1,1,100.0,45.19361464816632,1,84.051524,522352,17.58936502588293,CXIDB21,92.143775,100.0,10.0,run0015_150125_10c11,100.0,45.198078663930204,4,30,1,0.10391996377821121,10.0,2387,64.6233815235496,ok,,9687.0
roibin_b2,n/a,1437.0,42.18745725930295,2,119.28542,120000,76.56533333333333,CXIDB21,99.212166,100.0,10.0,run0015_150125_10c11,1437.0,42.19194700920633,4,30,1,0.10391996377821121,10.0,2387,64.6233815235496,ok,,9687.0
cuszhi,1,10.0,65.17738635023164,1,27.1585319712448,987841,9.300930007966869,CXIDB21,24.100390313509884,100.0,10.0,run0015_150125_10c11,10.0,65.17650162676655,4,30,1,0.10391996377821121,9.996368408203125,2387,64.39989031084023,ok,spline/cr-first/cr,9687.0
pfpl,1,10.0,64.41126091996463,1,178.94671237145528,1059408,8.67261715977225,CXIDB21,161.3940415964025,100.0,10.0,run0015_150125_10c11,10.0,64.41147606421083,4,30,1,0.10391996377821121,10.0,2387,64.6233815235496,ok,,9687.0
cuszp3,1,10.0,64.41126091996463,1,138.70532,1220400,7.528548017043592,CXIDB21,136.07583,100.0,10.0,run0015_150125_10c11,10.0,64.41147606421083,4,30,1,0.10391996377821121,10.0,2387,64.6233815235496,ok,,9687.0
roibin_b1,1,100.0,50.02937704637801,1,88.371805,428240,21.454885111152624,CXIDB21,91.731627,100.0,10.0,run0015_150126_10d5e,100.0,50.03164825862461,4,15,1,0.05289600167177487,10.0,1215,69.38843871281993,ok,,16121.0
roibin_b2,n/a,11054.0,47.75347366667502,2,114.61876,95024,96.68967839703654,CXIDB21,109.92343,100.0,10.0,run0015_150126_10d5e,11054.0,47.755755744708054,4,15,1,0.05289600167177487,10.0,1215,69.38843871281993,ok,,16121.0
cuszhi,1,10.0,69.67272012494422,1,27.646528702429038,870334,10.55668283670407,CXIDB21,25.23466338548075,100.0,10.0,run0015_150126_10d5e,10.0,69.67227740565986,4,15,1,0.05289600167177487,9.98431396484375,1215,68.90730823308357,ok,spline/cr-first/cr,16121.0
pfpl,1,10.0,68.75942506815599,1,179.5622263914947,953722,9.633666833731423,CXIDB21,163.7410892500713,100.0,10.0,run0015_150126_10d5e,10.0,68.75973482952138,4,15,1,0.05289600167177487,10.0,1215,69.38843871281993,ok,,16121.0
cuszp3,1,10.0,68.75942506815599,1,140.81413,1110016,8.277214022140221,CXIDB21,133.85548,100.0,10.0,run0015_150126_10d5e,10.0,68.75973482952138,4,15,1,0.05289600167177487,10.0,1215,69.38843871281993,ok,,16121.0
roibin_b1,1,100.0,43.00028798011954,1,89.084701,448128,20.502713510425593,CXIDB21,89.195401,100.0,10.0,run0015_150126_10de8,100.0,43.00392097436025,4,24,1,0.0846336026748398,10.0,1944,62.20764253256772,ok,,7313.0
roibin_b2,n/a,2689.0,40.73030405886339,2,120.74012,100560,91.36674622116149,CXIDB21,107.93985,100.0,10.0,run0015_150126_10de8,2689.0,40.73395502639592,4,24,1,0.0846336026748398,10.0,1944,62.20764253256772,ok,,7313.0
cuszhi,1,10.0,62.75128032960457,1,27.346715241564873,892808,10.290947213734643,CXIDB21,25.603709648653467,100.0,10.0,run0015_150126_10de8,10.0,62.75060548737723,4,24,1,0.0846336026748398,10.0,1944,62.01917464612613,ok,spline/cr-first/cr,7313.0
pfpl,1,10.0,61.79117929564066,1,178.3354037267081,981150,9.364358151149162,CXIDB21,160.13385387618516,100.0,10.0,run0015_150126_10de8,10.0,61.79151540416802,4,24,1,0.0846336026748398,10.0,1944,62.20764253256772,ok,,7313.0
cuszp3,1,10.0,61.79117929564066,1,140.19531,1150480,7.986092761282247,CXIDB21,136.78895,100.0,10.0,run0015_150126_10de8,10.0,61.79151540416802,4,24,1,0.0846336026748398,10.0,1944,62.20764253256772,ok,,7313.0
roibin_b1,1,100.0,35.962544051155184,1,91.526939,405440,22.66140489344909,CXIDB21,91.526939,100.0,10.0,run0015_150126_10e00,100.0,35.964964832999264,4,16,1,0.05642240178322653,10.0,1296,55.04241422838142,ok,,3210.0
roibin_b2,n/a,1301.0,33.99878332511218,2,121.09659,89184,103.02116971654108,CXIDB21,106.02659,100.0,10.0,run0015_150126_10e00,1301.0,34.001215129993106,4,16,1,0.05642240178322653,10.0,1296,55.04241422838142,ok,,3210.0
cuszhi,1,10.0,55.672766564563005,1,27.81900978587346,837247,10.973870315450519,CXIDB21,25.388628525952782,100.0,10.0,run0015_150126_10e00,10.0,55.67231880978002,4,16,1,0.05642240178322653,9.998046875,1296,54.943884345576194,ok,spline/cr-first/cr,3210.0
pfpl,1,10.0,54.91459802382197,1,178.77957658779576,916548,10.024395885430987,CXIDB21,160.58165548098435,100.0,10.0,run0015_150126_10e00,10.0,54.91466909048171,4,16,1,0.05642240178322653,10.0,1296,55.04241422838142,ok,,3210.0
cuszp3,1,10.0,54.91459802382197,1,140.2638,1078144,8.521904309628399,CXIDB21,134.23095,100.0,10.0,run0015_150126_10e00,10.0,54.91466909048171,4,16,1,0.05642240178322653,10.0,1296,55.04241422838142,ok,,3210.0
roibin_b1,1,100.0,49.59782305170707,1,85.503277,807328,11.380554124222126,CXIDB21,88.181815,100.0,10.0,run0015_150126_10e15,100.0,49.59998774366128,4,15,1,0.05032738924491502,10.0,1156,69.66161953659305,ok,,15839.0
roibin_b2,n/a,10654.0,41.11625288915984,2,110.26114,202224,45.43397420682016,CXIDB21,111.41637,100.0,10.0,run0015_150126_10e15,10654.0,41.11843607326416,4,15,1,0.05032738924491502,10.0,1156,69.66161953659305,ok,,15839.0
cuszhi,1,10.0,69.27497157470857,1,26.117622311228107,1274528,7.208817695648899,CXIDB21,22.574989188976687,100.0,10.0,run0015_150126_10e15,10.0,69.27481927834774,4,15,1,0.05032738924491502,9.9925537109375,1156,68.98243263064688,ok,spline/cr-first/cr,15839.0
pfpl,1,10.0,68.88006554036946,1,175.17998779743746,1370829,6.702396870798619,CXIDB21,162.44413012729845,100.0,10.0,run0015_150126_10e15,10.0,68.88042552964654,4,15,1,0.05032738924491502,10.0,1156,69.66161953659305,ok,,15839.0
cuszp3,1,10.0,68.88006554036946,1,134.86144,1637920,5.609455895281821,CXIDB21,130.6873,100.0,10.0,run0015_150126_10e15,10.0,68.88042552964654,4,15,1,0.05032738924491502,10.0,1156,69.66161953659305,ok,,15839.0
roibin_b1,1,100.0,49.48480911032522,1,85.452382,586928,15.654117711201375,CXIDB21,91.178152,100.0,10.0,run0015_150130_1133a,100.0,49.48733336119429,4,17,1,0.05877333519086097,10.0,1350,68.93405777377865,ok,,16517.0
roibin_b2,n/a,2233.0,45.857798646991164,2,118.44884,139808,65.71755550469214,CXIDB21,110.89996,100.0,10.0,run0015_150130_1133a,2233.0,45.860339313419566,4,17,1,0.05877333519086097,10.0,1350,68.93405777377865,ok,,16517.0
cuszhi,1,10.0,69.77938475421111,1,27.159334779806912,1017737,9.027715411741934,CXIDB21,24.738928140616924,100.0,10.0,run0015_150130_1133a,10.0,69.77884776908239,4,17,1,0.05877333519086097,9.99578857421875,1350,68.95013258482818,ok,spline/cr-first/cr,16517.0
pfpl,1,10.0,68.976007481868,1,180.1254705144291,1136684,8.083020434879,CXIDB21,162.44413012729845,100.0,10.0,run0015_150130_1133a,10.0,68.97598270723587,4,17,1,0.05877333519086097,10.0,1350,68.93405777377865,ok,,16517.0
cuszp3,1,10.0,68.976007481868,1,136.26958,1310880,7.008910045160503,CXIDB21,134.23095,100.0,10.0,run0015_150130_1133a,10.0,68.97598270723587,4,17,1,0.05877333519086097,10.0,1350,68.93405777377865,ok,,16517.0
roibin_b1,1,100.0,49.406079605249836,1,88.236015,544608,16.87055643692344,CXIDB21,89.557081,100.0,10.0,run0015_150132_11628,100.0,49.408588796148614,4,17,1,0.058381512956255224,10.0,1341,69.13131583060886,ok,,16059.0
roibin_b2,n/a,11054.0,46.19635876503618,2,113.26233,125504,73.20754716981132,CXIDB21,102.79985,100.0,10.0,run0015_150132_11628,11054.0,46.19888207559061,4,17,1,0.058381512956255224,10.0,1341,69.13131583060886,ok,,16059.0
cuszhi,1,10.0,69.55694379634505,1,27.5237481838743,1018662,9.019517759570888,CXIDB21,24.239763613338962,100.0,10.0,run0015_150132_11628,10.0,69.55659699741412,4,17,1,0.058381512956255224,9.9854736328125,1341,69.00016411211578,ok,spline/cr-first/cr,16059.0
pfpl,1,10.0,68.69712356046303,1,177.07061362935553,1091159,8.420257725959278,CXIDB21,162.21468926553672,100.0,10.0,run0015_150132_11628,10.0,68.69736479569556,4,17,1,0.058381512956255224,10.0,1341,69.13131583060886,ok,,16059.0
cuszp3,1,10.0,68.69712356046303,1,134.04295,1258160,7.302600623132193,CXIDB21,116.14887,100.0,10.0,run0015_150132_11628,10.0,68.69736479569556,4,17,1,0.058381512956255224,10.0,1341,69.13131583060886,ok,,16059.0
roibin_b1,1,100.0,49.561983032327404,1,88.236015,812832,11.303491988504389,CXIDB21,89.585025,100.0,10.0,run0015_150133_117ab,100.0,49.56478039772802,4,19,1,0.0650424909445528,10.0,1494,69.55472964055546,ok,,15778.0
roibin_b2,n/a,10654.0,40.979100273877435,2,113.9365,204256,44.98198339338869,CXIDB21,101.77951,100.0,10.0,run0015_150133_117ab,10654.0,40.981922028667356,4,19,1,0.0650424909445528,10.0,1494,69.55472964055546,ok,,15778.0
cuszhi,1,10.0,69.21259960386892,1,26.422339171196043,1282132,7.16606402460901,CXIDB21,22.913690594948328,100.0,10.0,run0015_150133_117ab,10.0,69.2120972450676,4,19,1,0.0650424909445528,9.995849609375,1494,68.50169402183583,ok,spline/cr-first/cr,15778.0
pfpl,1,10.0,68.93507067965615,1,179.33791380387257,1375751,6.678417824155679,CXIDB21,162.67422096317281,100.0,10.0,run0015_150133_117ab,10.0,68.93544630428647,4,19,1,0.0650424909445528,10.0,1494,69.55472964055546,ok,,15778.0
cuszp3,1,10.0,68.93507067965615,1,134.92482,1643632,5.589961743261266,CXIDB21,134.79813,100.0,10.0,run0015_150133_117ab,10.0,68.93544630428647,4,19,1,0.0650424909445528,10.0,1494,69.55472964055546,ok,,15778.0
roibin_b1,1,100.0,49.65333647102299,1,88.100647,813488,11.294376807033416,CXIDB21,87.750611,100.0,10.0,run0015_150134_11919,100.0,49.655946821573025,4,18,1,0.060732446363889664,10.0,1395,69.39219293711083,ok,,15964.0
roibin_b2,n/a,3418.0,41.144041764194085,2,119.13693,204368,44.957331871917326,CXIDB21,108.06172,100.0,10.0,run0015_150134_11919,3418.0,41.14667619156971,4,18,1,0.060732446363889664,10.0,1395,69.39219293711083,ok,,15964.0
cuszhi,1,10.0,69.3310390573042,1,26.169472215101543,1276673,7.196705812686569,CXIDB21,22.428621645900872,100.0,10.0,run0015_150134_11919,10.0,69.33072734758036,4,18,1,0.060732446363889664,9.996742248535156,1395,68.84590403270329,ok,spline/cr-first/cr,15964.0
pfpl,1,10.0,68.87791330100254,1,175.66228204343835,1391344,6.603571798203752,CXIDB21,162.0773355913068,100.0,10.0,run0015_150134_11919,10.0,68.87820786154299,4,18,1,0.060732446363889664,10.0,1395,69.39219293711083,ok,,15964.0
cuszp3,1,10.0,68.87791330100254,1,135.43396,1646736,5.579424995870619,CXIDB21,125.37991,100.0,10.0,run0015_150134_11919,10.0,68.87820786154299,4,18,1,0.060732446363889664,10.0,1395,69.39219293711083,ok,,15964.0
roibin_b1,1,100.0,42.69671281087231,1,91.673049,321200,28.604732254047324,CXIDB21,90.034492,100.0,10.0,run0015_150134_1192b,100.0,42.698977018389115,4,15,1,0.05289600167177487,10.0,1215,61.04193278566425,ok,,6437.0
roibin_b2,n/a,2367.0,41.0927673789609,2,115.77419,69008,133.14166473452354,CXIDB21,107.89929,100.0,10.0,run0015_150134_1192b,2367.0,41.095041975759464,4,15,1,0.05289600167177487,10.0,1215,61.04193278566425,ok,,6437.0
cuszhi,1,10.0,61.75481901747388,1,27.827898954012593,734633,12.506707430785168,CXIDB21,27.2074291670615,100.0,10.0,run0015_150134_1192b,10.0,61.75446098935045,4,15,1,0.05289600167177487,10.0,1215,61.125775819823204,ok,spline/cr-first/cr,6437.0
pfpl,1,10.0,60.86183034050199,1,179.05830994699096,831968,11.043501673141275,CXIDB21,161.71219374823994,100.0,10.0,run0015_150134_1192b,10.0,60.86192366015564,4,15,1,0.05289600167177487,10.0,1215,61.04193278566425,ok,,6437.0
cuszp3,1,10.0,60.86183034050199,1,141.71767,964896,9.522103936590057,CXIDB21,138.17132,100.0,10.0,run0015_150134_1192b,10.0,60.86192366015564,4,15,1,0.05289600167177487,10.0,1215,61.04193278566425,ok,,6437.0
roibin_b1,1,100.0,41.52198013857177,1,93.31167,406704,22.590975254730715,CXIDB21,91.178152,100.0,10.0,run0015_150135_11a1b,100.0,41.524703556834616,4,18,1,0.06347520200612984,10.0,1458,60.59469596823834,ok,,6060.0
roibin_b2,n/a,3972.0,39.537221502029446,2,103.61603,89696,102.4331073849447,CXIDB21,97.197024,100.0,10.0,run0015_150135_11a1b,3972.0,39.53995744732072,4,18,1,0.06347520200612984,10.0,1458,60.59469596823834,ok,,6060.0
cuszhi,1,10.0,61.15225613763221,1,27.93645774263531,841787,10.914685068788184,CXIDB21,25.91803574652464,100.0,10.0,run0015_150135_11a1b,10.0,61.15172078969457,4,18,1,0.06347520200612984,9.988662719726562,1458,60.38144436925438,ok,spline/cr-first/cr,6060.0
pfpl,1,10.0,60.08540978543021,1,178.77957658779576,945012,9.72245855079089,CXIDB21,162.53608831021793,100.0,10.0,run0015_150135_11a1b,10.0,60.085714831718185,4,18,1,0.06347520200612984,10.0,1458,60.59469596823834,ok,,6060.0
cuszp3,1,10.0,60.08540978543021,1,138.97387,1105200,8.313282663771263,CXIDB21,133.9804,100.0,10.0,run0015_150135_11a1b,10.0,60.085714831718185,4,18,1,0.06347520200612984,10.0,1458,60.59469596823834,ok,,6060.0
roibin_b1,1,100.0,49.708078217310224,1,86.717002,709152,12.956094039077659,CXIDB21,89.057069,100.0,10.0,run0015_150136_11bb3,100.0,49.71052534120979,4,17,1,0.056944831429367515,10.0,1308,69.38381514998235,ok,,15897.0
roibin_b2,n/a,10854.0,43.13540093926957,2,114.848,177504,51.76131242112854,CXIDB21,100.74386,100.0,10.0,run0015_150136_11bb3,10854.0,43.13786885620603,4,17,1,0.056944831429367515,10.0,1308,69.38381514998235,ok,,15897.0
cuszhi,1,10.0,69.36435024846237,1,26.40988347025243,1185637,7.74928582694366,CXIDB21,23.214747736093145,100.0,10.0,run0015_150136_11bb3,10.0,69.364020559115,4,17,1,0.056944831429367515,9.9755859375,1308,68.82083945699048,ok,spline/cr-first/cr,15897.0
pfpl,1,10.0,68.9315374965918,1,175.01981103322157,1284897,7.150643203307347,CXIDB21,161.2128017967434,100.0,10.0,run0015_150136_11bb3,10.0,68.93178209522372,4,17,1,0.056944831429367515,10.0,1308,69.38381514998235,ok,,15897.0
cuszp3,1,10.0,68.9315374965918,1,137.05013,1510976,6.0807319242661695,CXIDB21,135.94697,100.0,10.0,run0015_150136_11bb3,10.0,68.93178209522372,4,17,1,0.056944831429367515,10.0,1308,69.38381514998235,ok,,15897.0
roibin_b1,1,100.0,49.253689396386534,1,85.579733,580400,15.830186078566506,CXIDB21,88.073622,100.0,10.0,run0015_150136_11c64,100.0,49.25702375101991,4,22,1,0.07758080245193648,10.0,1782,68.94001308402457,ok,,16121.0
roibin_b2,n/a,11054.0,45.741585551596,2,111.20062,137760,66.69454123112659,CXIDB21,105.83119,100.0,10.0,run0015_150136_11c64,11054.0,45.74494000589666,4,22,1,0.07758080245193648,10.0,1782,68.94001308402457,ok,,16121.0
cuszhi,1,10.0,69.56294939049354,1,27.228877100435646,1007585,9.118674851253244,CXIDB21,24.454475768673877,100.0,10.0,run0015_150136_11c64,10.0,69.56243564685315,4,22,1,0.07758080245193648,9.99713134765625,1782,68.94658804907831,ok,spline/cr-first/cr,16121.0
pfpl,1,10.0,68.97403059425855,1,179.11416094822206,1114671,8.242647382052642,CXIDB21,163.36842105263156,100.0,10.0,run0015_150136_11c64,10.0,68.97400409965334,4,22,1,0.07758080245193648,10.0,1782,68.94001308402457,ok,,16121.0
cuszp3,1,10.0,68.97403059425855,1,139.6498,1298704,7.074622084786063,CXIDB21,119.18639,100.0,10.0,run0015_150136_11c64,10.0,68.97400409965334,4,22,1,0.07758080245193648,10.0,1782,68.94001308402457,ok,,16121.0
roibin_b1,1,100.0,49.543598924511954,1,88.154747,720880,12.745311286205748,CXIDB21,88.589941,100.0,10.0,run0015_150138_11efe,100.0,49.546277094587936,4,19,1,0.062299735302312614,10.0,1431,69.34864589183331,ok,,15637.0
roibin_b2,n/a,10854.0,42.82106271683006,2,113.89131,180736,50.8356940509915,CXIDB21,107.13433,100.0,10.0,run0015_150138_11efe,10854.0,42.82376318053159,4,19,1,0.062299735302312614,10.0,1431,69.34864589183331,ok,,15637.0
cuszhi,1,10.0,69.19640215725232,1,26.594958216705788,1196952,7.676030450678056,CXIDB21,23.152971534553668,100.0,10.0,run0015_150138_11efe,10.0,69.19600816631211,4,19,1,0.062299735302312614,9.999996185302734,1431,68.60597799015261,ok,spline/cr-first/cr,15637.0
pfpl,1,10.0,68.66595602359479,1,169.29245283018867,1310394,7.01150951545871,CXIDB21,161.2580735748385,100.0,10.0,run0015_150138_11efe,10.0,68.66634961164192,4,19,1,0.062299735302312614,10.0,1431,69.34864589183331,ok,,15637.0
cuszp3,1,10.0,68.66595602359479,1,133.60632,1534800,5.986343497524107,CXIDB21,132.9875,100.0,10.0,run0015_150138_11efe,10.0,68.66634961164192,4,19,1,0.062299735302312614,10.0,1431,69.34864589183331,ok,,15637.0
roibin_b1,1,100.0,49.579577484410386,1,87.589993,805632,11.40451223387353,CXIDB21,88.644644,100.0,10.0,run0015_150140_12204,100.0,49.58357297568869,4,27,1,0.09299247701309557,10.0,2136,69.1138252127562,ok,,15777.0
roibin_b2,n/a,10854.0,41.155372926354985,2,116.95315,203664,45.11273470029067,CXIDB21,103.13218,100.0,10.0,run0015_150140_12204,10854.0,41.15940694897812,4,27,1,0.09299247701309557,10.0,2136,69.1138252127562,ok,,15777.0
cuszhi,1,10.0,69.24555973281942,1,26.229912555919395,1272609,7.2196880581545475,CXIDB21,22.869887291409455,100.0,10.0,run0015_150140_12204,10.0,69.24522148799579,4,27,1,0.09299247701309557,10.0,2136,68.89624457184023,ok,spline/cr-first/cr,15777.0
pfpl,1,10.0,68.78567507864493,1,178.44623990055936,1376494,6.674812966856376,CXIDB21,162.72031737035988,100.0,10.0,run0015_150140_12204,10.0,68.78596899983555,4,27,1,0.09299247701309557,10.0,2136,69.1138252127562,ok,,15777.0
cuszp3,1,10.0,68.78567507864493,1,134.16822,1633504,5.624620447822595,CXIDB21,133.42007,100.0,10.0,run0015_150140_12204,10.0,68.78596899983555,4,27,1,0.09299247701309557,10.0,2136,69.1138252127562,ok,,15777.0
roibin_b1,1,100.0,43.51312200798486,1,85.376152,597584,15.374976572331255,CXIDB21,89.223118,100.0,10.0,run0015_150142_1246b,100.0,43.51536435260828,4,15,1,0.05211235720256339,10.0,1197,63.747096270605994,ok,,8313.0
roibin_b2,n/a,5114.0,39.72332424435389,2,115.1243,143824,63.88252308376905,CXIDB21,103.16924,100.0,10.0,run0015_150142_1246b,5114.0,39.725579079697944,4,15,1,0.05211235720256339,10.0,1197,63.747096270605994,ok,,8313.0
cuszhi,1,10.0,63.80609869272297,1,26.875559429718077,1027645,8.940675038559036,CXIDB21,24.179544401869553,100.0,10.0,run0015_150142_1246b,10.0,63.8057826999913,4,15,1,0.05211235720256339,9.99517822265625,1197,63.238473283837976,ok,spline/cr-first/cr,8313.0
pfpl,1,10.0,63.124184818255046,1,175.6085626911315,1142948,8.038720921686727,CXIDB21,161.6211652124965,100.0,10.0,run0015_150142_1246b,10.0,63.12448723705606,4,15,1,0.05211235720256339,10.0,1197,63.747096270605994,ok,,8313.0
cuszp3,1,10.0,63.124184818255046,1,136.85415,1336640,6.873832894421834,CXIDB21,133.54418,100.0,10.0,run0015_150142_1246b,10.0,63.12448723705606,4,15,1,0.05211235720256339,10.0,1197,63.747096270605994,ok,,8313.0
roibin_b1,1,100.0,49.52347532204718,1,89.223118,700960,13.107509700981511,CXIDB21,93.402736,100.0,10.0,run0015_150143_12642,100.0,49.52679334413161,4,23,1,0.07718898021733074,10.0,1773,69.27215422522359,ok,,15675.0
roibin_b2,n/a,2047.0,43.25220449668435,2,119.335,175472,52.360718519193945,CXIDB21,104.06669,100.0,10.0,run0015_150143_12642,2047.0,43.255549677552445,4,23,1,0.07718898021733074,10.0,1773,69.27215422522359,ok,,15675.0
cuszhi,1,10.0,69.25683050509117,1,26.603736980938674,1167401,7.870337613210885,CXIDB21,23.0498133504596,100.0,10.0,run0015_150143_12642,10.0,69.25645941549584,4,23,1,0.07718898021733074,9.9986572265625,1773,68.80085272309576,ok,spline/cr-first/cr,15675.0
pfpl,1,10.0,68.7586396065758,1,178.83525381501087,1281932,7.167182034616501,CXIDB21,163.18272236430806,100.0,10.0,run0015_150143_12642,10.0,68.75901346230546,4,23,1,0.07718898021733074,10.0,1773,69.27215422522359,ok,,15675.0
cuszp3,1,10.0,68.7586396065758,1,136.20493,1504352,6.107506753738487,CXIDB21,131.88792,100.0,10.0,run0015_150143_12642,10.0,68.75901346230546,4,23,1,0.07718898021733074,10.0,1773,69.27215422522359,ok,,15675.0
roibin_b1,1,100.0,43.521148692957496,1,87.643467,600976,15.288197864806582,CXIDB21,92.500003,100.0,10.0,run0015_150144_126c3,100.0,43.52418212870991,4,20,1,0.07052800222903316,10.0,1620,63.52317869314108,ok,,8289.0
roibin_b2,n/a,1330.0,39.7093657169198,2,115.49477,144864,63.423901038215156,CXIDB21,105.55882,100.0,10.0,run0015_150144_126c3,1330.0,39.71241705268596,4,20,1,0.07052800222903316,10.0,1620,63.52317869314108,ok,,8289.0
cuszhi,1,10.0,63.78287828656285,1,26.818841235416194,1033478,8.89021343463528,CXIDB21,24.324988350912864,100.0,10.0,run0015_150144_126c3,10.0,63.78241445763034,4,20,1,0.07052800222903316,9.99163818359375,1620,63.170472353609824,ok,spline/cr-first/cr,8289.0
pfpl,1,10.0,63.07304665687951,1,178.77957658779576,1145725,8.019236727836086,CXIDB21,163.55454286528055,100.0,10.0,run0015_150144_126c3,10.0,63.07334823814535,4,20,1,0.07052800222903316,10.0,1620,63.52317869314108,ok,,8289.0
cuszp3,1,10.0,63.07304665687951,1,137.11556,1334832,6.883143346878109,CXIDB21,131.88792,100.0,10.0,run0015_150144_126c3,10.0,63.07334823814535,4,20,1,0.07052800222903316,10.0,1620,63.52317869314108,ok,,8289.0
roibin_b1,1,100.0,43.617572550046724,1,89.921701,679968,13.51216527836604,CXIDB21,89.612985,100.0,10.0,run0015_150144_12714,100.0,43.61972895503995,4,15,1,0.05015324602953469,10.0,1152,63.523529389251486,ok,,8089.0
roibin_b2,n/a,2092.0,37.86597338291568,2,113.44133,169472,54.21450151057402,CXIDB21,102.28714,100.0,10.0,run0015_150144_12714,2092.0,37.86814613405025,4,15,1,0.05015324602953469,10.0,1152,63.523529389251486,ok,,8089.0
cuszhi,1,10.0,63.4988459655912,1,26.41060466907838,1150978,7.982637374476315,CXIDB21,23.291016021091057,100.0,10.0,run0015_150144_12714,10.0,63.498590674114126,4,15,1,0.05015324602953469,9.9990234375,1152,63.017496713366974,ok,spline/cr-first/cr,8089.0
pfpl,1,10.0,63.06085108073357,1,175.50122249388752,1253043,7.332421952000051,CXIDB21,162.3981900452489,100.0,10.0,run0015_150144_12714,10.0,63.061071201308906,4,15,1,0.05015324602953469,10.0,1152,63.523529389251486,ok,,8089.0
cuszp3,1,10.0,63.06085108073357,1,135.81835,1469040,6.254315743614878,CXIDB21,134.29373,100.0,10.0,run0015_150144_12714,10.0,63.061071201308906,4,15,1,0.05015324602953469,10.0,1152,63.523529389251486,ok,,8089.0
roibin_b1,1,100.0,45.4751390589757,1,86.874432,444304,20.679174619179662,CXIDB21,86.848154,100.0,10.0,run0015_150144_127c8,100.0,45.47740969750859,4,15,1,0.05289600167177487,10.0,1215,64.74166351997388,ok,,9667.0
roibin_b2,n/a,6369.0,43.132254369526144,2,115.49477,98912,92.88903267550954,CXIDB21,107.01454,100.0,10.0,run0015_150144_127c8,6369.0,43.134536354464664,4,15,1,0.05289600167177487,10.0,1215,64.74166351997388,ok,,9667.0
cuszhi,1,10.0,65.22650757947095,1,27.913881078354972,888364,10.342427203263528,CXIDB21,25.421222719022534,100.0,10.0,run0015_150144_127c8,10.0,65.2260141105138,4,15,1,0.05289600167177487,9.994796752929688,1215,64.38138357502761,ok,spline/cr-first/cr,9667.0
pfpl,1,10.0,64.23156492330946,1,175.87748851454825,983450,9.342457674513193,CXIDB21,162.21468926553672,100.0,10.0,run0015_150144_127c8,10.0,64.23181950923129,4,15,1,0.05289600167177487,10.0,1215,64.74166351997388,ok,,9667.0
cuszp3,1,10.0,64.23156492330946,1,137.05013,1131600,8.119335454224107,CXIDB21,134.54546,100.0,10.0,run0015_150144_127c8,10.0,64.23181950923129,4,15,1,0.05289600167177487,10.0,1215,64.74166351997388,ok,,9667.0
roibin_b1,1,100.0,49.45407385545423,1,86.664652,476000,19.30218487394958,CXIDB21,89.140016,100.0,10.0,run0015_150148_12d44,100.0,49.45634504381057,4,15,1,0.05289600167177487,10.0,1215,68.80924254016261,ok,,15350.0
roibin_b2,n/a,11054.0,46.772750914318834,2,116.14887,107552,85.42695626301696,CXIDB21,100.46186,100.0,10.0,run0015_150148_12d44,11054.0,46.775034385339495,4,15,1,0.05289600167177487,10.0,1215,68.80924254016261,ok,,15350.0
cuszhi,1,10.0,69.20743880277412,1,27.764325484063487,934261,9.834339654550496,CXIDB21,24.94309790635045,100.0,10.0,run0015_150148_12d44,10.0,69.20701385717277,4,15,1,0.05289600167177487,9.997711181640625,1215,68.47029323463245,ok,spline/cr-first/cr,15350.0
pfpl,1,10.0,68.33653673536932,1,178.66832607342874,1012418,9.075144851237335,CXIDB21,162.44413012729845,100.0,10.0,run0015_150148_12d44,10.0,68.33677365699104,4,15,1,0.05289600167177487,10.0,1215,68.80924254016261,ok,,15350.0
cuszp3,1,10.0,68.33653673536932,1,137.77351,1168976,7.859733647226291,CXIDB21,133.11081,100.0,10.0,run0015_150148_12d44,10.0,68.33677365699104,4,15,1,0.05289600167177487,10.0,1215,68.80924254016261,ok,,15350.0
roibin_b1,1,100.0,49.08850984810153,1,86.274039,567856,16.17987658843087,CXIDB21,88.019622,100.0,10.0,run0015_150155_13707,100.0,49.090785002752526,4,15,1,0.05289600167177487,10.0,1215,69.14312544762373,ok,,15722.0
roibin_b2,n/a,11054.0,45.64323118025643,2,119.03814,132160,69.52058111380146,CXIDB21,104.59745,100.0,10.0,run0015_150155_13707,11054.0,45.64551876512868,4,15,1,0.05289600167177487,10.0,1215,69.14312544762373,ok,,15722.0
cuszhi,1,10.0,69.35856671545177,1,27.043381129054332,1049210,8.756912343572782,CXIDB21,24.053952163532024,100.0,10.0,run0015_150155_13707,10.0,69.35828925323189,4,15,1,0.05289600167177487,9.99560546875,1215,68.86334623559242,ok,spline/cr-first/cr,15722.0
pfpl,1,10.0,68.64220671424948,1,178.72393401805166,1106250,8.30539209039548,CXIDB21,162.3063877897117,100.0,10.0,run0015_150155_13707,10.0,68.6424569776861,4,15,1,0.05289600167177487,10.0,1215,69.14312544762373,ok,,15722.0
cuszp3,1,10.0,68.64220671424948,1,136.98474,1290016,7.122268250936423,CXIDB21,134.60854,100.0,10.0,run0015_150155_13707,10.0,68.6424569776861,4,15,1,0.05289600167177487,10.0,1215,69.14312544762373,ok,,15722.0
roibin_b1,1,100.0,49.605359935793956,1,87.429961,777552,11.816367265469061,CXIDB21,86.351881,100.0,10.0,run0015_150156_137d9,100.0,49.60811516506825,4,19,1,0.06412823906380608,10.0,1473,69.18251668403695,ok,,15774.0
roibin_b2,n/a,2831.0,41.82994942091743,2,118.05922,195792,46.926534281278094,CXIDB21,103.84086,100.0,10.0,run0015_150156_137d9,2831.0,41.83273024143379,4,19,1,0.06412823906380608,10.0,1473,69.18251668403695,ok,,15774.0
cuszhi,1,10.0,69.24977025549093,1,26.06823311443921,1245852,7.374744351656537,CXIDB21,22.817181229387685,100.0,10.0,run0015_150156_137d9,10.0,69.24944434837337,4,19,1,0.06412823906380608,10.0,1473,68.76914356100302,ok,spline/cr-first/cr,15774.0
pfpl,1,10.0,68.85437877644772,1,178.39080459770116,1349745,6.807093191676946,CXIDB21,162.76643990929705,100.0,10.0,run0015_150156_137d9,10.0,68.85458145708292,4,19,1,0.06412823906380608,10.0,1473,69.18251668403695,ok,,15774.0
cuszp3,1,10.0,68.85437877644772,1,135.81835,1604736,5.725452660126027,CXIDB21,135.1789,100.0,10.0,run0015_150156_137d9,10.0,68.85458145708292,4,19,1,0.06412823906380608,10.0,1473,69.18251668403695,ok,,15774.0
roibin_b1,1,100.0,48.88451353559685,1,87.297053,672464,13.662947012776891,CXIDB21,83.271463,100.0,10.0,run0015_150156_13839,100.0,48.88697429650219,4,17,1,0.057206046252438,10.0,1314,68.96944476381182,ok,,14926.0
roibin_b2,n/a,10854.0,43.36147677347299,2,113.17304,167776,54.76254053023079,CXIDB21,110.04982,100.0,10.0,run0015_150156_13839,10854.0,43.36395507734566,4,17,1,0.057206046252438,10.0,1314,68.96944476381182,ok,,14926.0
cuszhi,1,10.0,68.8252633286825,1,26.46621739374657,1133485,8.105832895891874,CXIDB21,23.498792814175225,100.0,10.0,run0015_150156_13839,10.0,68.82487428000329,4,17,1,0.057206046252438,9.99462890625,1314,68.19342414309375,ok,spline/cr-first/cr,14926.0
pfpl,1,10.0,68.2914191342389,1,178.55721393034827,1250499,7.347338942294236,CXIDB21,162.62815066553387,100.0,10.0,run0015_150156_13839,10.0,68.29177825927911,4,17,1,0.057206046252438,10.0,1314,68.96944476381182,ok,,14926.0
cuszp3,1,10.0,68.2914191342389,1,135.1789,1459920,6.293385938955559,CXIDB21,135.3701,100.0,10.0,run0015_150156_13839,10.0,68.29177825927911,4,17,1,0.057206046252438,10.0,1314,68.96944476381182,ok,,14926.0
roibin_b1,1,100.0,44.30259867826243,1,87.670228,775632,11.845617509334323,CXIDB21,90.062734,100.0,10.0,run0015_150159_13ce0,100.0,44.30573032178072,4,21,1,0.0728789356366676,10.0,1674,63.91855570096259,ok,,8566.0
roibin_b2,n/a,4515.0,36.58889814826371,2,116.14887,194848,47.15388405321071,CXIDB21,107.81825,100.0,10.0,run0015_150159_13ce0,4515.0,36.59205853629449,4,21,1,0.0728789356366676,10.0,1674,63.91855570096259,ok,,8566.0
cuszhi,1,10.0,63.93585397043843,1,26.315105098998416,1243093,7.3911123302922626,CXIDB21,22.875353543401186,100.0,10.0,run0015_150159_13ce0,10.0,63.93560841527861,4,21,1,0.0728789356366676,9.9930419921875,1674,63.61134058025462,ok,spline/cr-first/cr,8566.0
pfpl,1,10.0,63.468921871776416,1,179.00249376558602,1351475,6.798379548271333,CXIDB21,161.30337078651687,100.0,10.0,run0015_150159_13ce0,10.0,63.46923317872982,4,21,1,0.0728789356366676,10.0,1674,63.91855570096259,ok,,8566.0
cuszp3,1,10.0,63.468921871776416,1,135.62588,1601696,5.736319501328592,CXIDB21,133.91791,100.0,10.0,run0015_150159_13ce0,10.0,63.46923317872982,4,21,1,0.0728789356366676,10.0,1674,63.91855570096259,ok,,8566.0
roibin_b1,1,100.0,49.69379233728569,1,85.477822,789504,11.637483787289234,CXIDB21,87.777438,100.0,10.0,run0015_150200_13d52,100.0,49.69594839487675,4,15,1,0.0501097102256896,10.0,1151,69.90809461053337,ok,,15958.0
roibin_b2,n/a,10654.0,41.59219621222981,2,113.12845,198416,46.30594306910733,CXIDB21,106.57758,100.0,10.0,run0015_150200_13d52,10654.0,41.594369785993926,4,15,1,0.0501097102256896,10.0,1151,69.90809461053337,ok,,15958.0
cuszhi,1,10.0,69.32509450005745,1,26.30244907891158,1258681,7.299577891459393,CXIDB21,22.762010464563183,100.0,10.0,run0015_150200_13d52,10.0,69.32493952670593,4,15,1,0.0501097102256896,9.9921875,1151,69.02633662688832,ok,spline/cr-first/cr,15958.0
pfpl,1,10.0,68.83839968604276,1,178.3354037267081,1372777,6.69288602591681,CXIDB21,161.16755543081672,100.0,10.0,run0015_150200_13d52,10.0,68.8388748222046,4,15,1,0.0501097102256896,10.0,1151,69.90809461053337,ok,,15958.0
cuszp3,1,10.0,68.83839968604276,1,134.41948,1620144,5.671002083765393,CXIDB21,133.11081,100.0,10.0,run0015_150200_13d52,10.0,68.8388748222046,4,15,1,0.0501097102256896,10.0,1151,69.90809461053337,ok,,15958.0
roibin_b1,1,100.0,49.52306474796187,1,84.946748,703648,13.057437809813997,CXIDB21,88.974282,100.0,10.0,run0015_150214_15210,100.0,49.525525169960275,4,17,1,0.057206046252438,10.0,1314,69.54803289146939,ok,,15729.0
roibin_b2,n/a,2362.0,43.196633672009455,2,116.57329,175792,52.265404569036136,CXIDB21,102.36007,100.0,10.0,run0015_150214_15210,2362.0,43.19911305108986,4,17,1,0.057206046252438,10.0,1314,69.54803289146939,ok,,15729.0
cuszhi,1,10.0,69.23114425411033,1,25.855420432272563,1183139,7.765647147123034,CXIDB21,23.396349413298562,100.0,10.0,run0015_150214_15210,10.0,69.23091246625336,4,17,1,0.057206046252438,9.9464111328125,1314,68.84375556761384,ok,spline/cr-first/cr,15729.0
pfpl,1,10.0,68.86924100725531,1,177.83834004335708,1290592,7.119089534105279,CXIDB21,161.5756893640968,100.0,10.0,run0015_150214_15210,10.0,68.86960050727726,4,17,1,0.057206046252438,10.0,1314,69.54803289146939,ok,,15729.0
cuszp3,1,10.0,68.86924100725531,1,135.11529,1510848,6.081247087728216,CXIDB21,133.91791,100.0,10.0,run0015_150214_15210,10.0,68.86960050727726,4,17,1,0.057206046252438,10.0,1314,69.54803289146939,ok,,15729.0
roibin_b1,1,100.0,43.198012212780405,1,87.297053,794144,11.569488656969012,CXIDB21,91.849007,100.0,10.0,run0015_150215_152f4,100.0,43.200135814421905,4,15,1,0.04936960156032321,10.0,1134,63.28577275385052,ok,,7550.0
roibin_b2,n/a,3024.0,35.00680075968982,2,116.85795,199232,46.11628654031481,CXIDB21,112.64025,100.0,10.0,run0015_150215_152f4,3024.0,35.00894219536905,4,15,1,0.04936960156032321,10.0,1134,63.28577275385052,ok,,7550.0
cuszhi,1,10.0,62.82631690339626,1,26.288827339940944,1262926,7.275042243171809,CXIDB21,22.754794737676335,100.0,10.0,run0015_150215_152f4,10.0,62.82600392738175,4,15,1,0.04936960156032321,9.947921752929688,1134,62.234560008270776,ok,spline/cr-first/cr,7550.0
pfpl,1,10.0,62.3263728921883,1,179.11416094822206,1370017,6.706369337022825,CXIDB21,163.46142897808141,100.0,10.0,run0015_150215_152f4,10.0,62.326797896425,4,15,1,0.04936960156032321,10.0,1134,63.28577275385052,ok,,7550.0
cuszp3,1,10.0,62.3263728921883,1,136.01137,1623360,5.659767396018135,CXIDB21,134.35658,100.0,10.0,run0015_150215_152f4,10.0,62.326797896425,4,15,1,0.04936960156032321,10.0,1134,63.28577275385052,ok,,7550.0
roibin_b1,1,100.0,44.35293585559934,1,88.208907,580736,15.82102711042539,CXIDB21,90.34613,100.0,10.0,run0015_150215_15339,100.0,44.35626986199391,4,22,1,0.07758080245193648,10.0,1782,63.997731278188155,ok,,9155.0
roibin_b2,n/a,5952.0,40.802083825389296,2,120.43624,138256,66.45527138062724,CXIDB21,98.362449,100.0,10.0,run0015_150215_15339,5952.0,40.8054382693518,4,22,1,0.07758080245193648,10.0,1782,63.997731278188155,ok,,9155.0
cuszhi,1,10.0,64.65610807154917,1,26.90877567038812,1010067,9.096267871339228,CXIDB21,24.673025693907363,100.0,10.0,run0015_150215_15339,10.0,64.65562620930321,4,22,1,0.07758080245193648,9.990825653076172,1782,64.07555520967189,ok,spline/cr-first/cr,9155.0
pfpl,1,10.0,63.91681684769005,1,179.67459324155192,1122914,8.182140395435447,CXIDB21,162.21468926553672,100.0,10.0,run0015_150215_15339,10.0,63.91687904103551,4,22,1,0.07758080245193648,10.0,1782,63.997731278188155,ok,,9155.0
cuszp3,1,10.0,63.91681684769005,1,137.05013,1309040,7.018761840738251,CXIDB21,130.39055,100.0,10.0,run0015_150215_15339,10.0,63.91687904103551,4,22,1,0.07758080245193648,10.0,1782,63.997731278188155,ok,,9155.0
roibin_b1,1,100.0,49.46680632451285,1,89.334162,700800,13.110502283105022,CXIDB21,90.232558,100.0,10.0,run0015_150216_15453,100.0,49.47108328502721,4,29,1,0.0995228475898579,10.0,2286,69.06910601888266,ok,,15626.0
roibin_b2,n/a,10854.0,43.21308787313642,2,118.54665,175728,52.28443958845489,CXIDB21,101.92403,100.0,10.0,run0015_150216_15453,10854.0,43.217401013646004,4,29,1,0.0995228475898579,10.0,2286,69.06910601888266,ok,,15626.0
cuszhi,1,10.0,69.21808772246811,1,25.999077509048053,1172551,7.835770043264643,CXIDB21,23.432628743981066,100.0,10.0,run0015_150216_15453,10.0,69.21742390058381,4,29,1,0.0995228475898579,10.0,2286,68.59755330801639,ok,spline/cr-first/cr,15626.0
pfpl,1,10.0,68.90895170914389,1,178.0037197768134,1265154,7.26223052687657,CXIDB21,161.80332488024797,100.0,10.0,run0015_150216_15453,10.0,68.90910819898181,4,29,1,0.0995228475898579,10.0,2286,69.06910601888266,ok,,15626.0
cuszp3,1,10.0,68.90895170914389,1,136.46388,1504032,6.10880619561286,CXIDB21,132.9875,100.0,10.0,run0015_150216_15453,10.0,68.90910819898181,4,29,1,0.0995228475898579,10.0,2286,69.06910601888266,ok,,15626.0
roibin_b1,1,100.0,38.08775917864972,1,85.784282,621744,14.777529015157365,CXIDB21,88.127689,100.0,10.0,run0015_150222_15d71,100.0,38.090330953626896,4,17,1,0.05981819448314294,10.0,1374,57.94327643956459,ok,,4406.0
roibin_b2,n/a,1518.0,33.87578101422741,2,113.26233,151616,60.599409033347406,CXIDB21,109.54598,100.0,10.0,run0015_150222_15d71,1518.0,33.87836947381244,4,17,1,0.05981819448314294,10.0,1374,57.94327643956459,ok,,4406.0
cuszhi,1,10.0,58.275426469895386,1,27.005028995347224,1061920,8.652101853246949,CXIDB21,24.291032148900168,100.0,10.0,run0015_150222_15d71,10.0,58.27504700973906,4,17,1,0.05981819448314294,9.99847412109375,1374,57.683306724163884,ok,spline/cr-first/cr,4406.0
pfpl,1,10.0,57.71814975999421,1,178.39080459770116,1164015,7.89323161643106,CXIDB21,160.2679319006419,100.0,10.0,run0015_150222_15d71,10.0,57.71828099784754,4,17,1,0.05981819448314294,10.0,1374,57.94327643956459,ok,,4406.0
cuszp3,1,10.0,57.71814975999421,1,139.58191,1366192,6.725145513954115,CXIDB21,137.18107,100.0,10.0,run0015_150222_15d71,10.0,57.71828099784754,4,17,1,0.05981819448314294,10.0,1374,57.94327643956459,ok,,4406.0
roibin_b1,1,100.0,49.10381786970218,1,90.745888,592784,15.499473670004589,CXIDB21,91.207116,100.0,10.0,run0015_150224_15f09,100.0,49.106396607384426,4,17,1,0.05994880189467819,10.0,1377,69.18196365759282,ok,,15822.0
roibin_b2,n/a,11054.0,45.38689799811128,2,113.80104,141536,64.91521591679856,CXIDB21,104.48326,100.0,10.0,run0015_150224_15f09,11054.0,45.38949144998804,4,17,1,0.05994880189467819,10.0,1377,69.18196365759282,ok,,15822.0
cuszhi,1,10.0,69.4035143680653,1,26.912598437882167,1024407,8.968935198607584,CXIDB21,24.534928434095274,100.0,10.0,run0015_150224_15f09,10.0,69.40309999808494,4,17,1,0.05994880189467819,9.99957275390625,1377,68.76206642693381,ok,spline/cr-first/cr,15822.0
pfpl,1,10.0,68.60444926316484,1,177.12523133867984,1143280,8.036386536981317,CXIDB21,162.0773355913068,100.0,10.0,run0015_150224_15f09,10.0,68.60477345625148,4,17,1,0.05994880189467819,10.0,1377,69.18196365759282,ok,,15822.0
cuszp3,1,10.0,68.60444926316484,1,138.30443,1331632,6.899683996779891,CXIDB21,135.81835,100.0,10.0,run0015_150224_15f09,10.0,68.60477345625148,4,17,1,0.05994880189467819,10.0,1377,69.18196365759282,ok,,15822.0
roibin_b1,1,100.0,49.28849884740852,1,88.154747,620416,14.80916030534351,CXIDB21,89.781116,100.0,10.0,run0016_150540_735f,100.0,49.29126289663333,4,19,1,0.06425884647534132,10.0,1476,69.34344385221117,ok,,16053.0
roibin_b2,n/a,11054.0,45.072592349645106,2,108.06172,151504,60.64420741366565,CXIDB21,102.36007,100.0,10.0,run0016_150540_735f,11054.0,45.07537352786254,4,19,1,0.06425884647534132,10.0,1476,69.34344385221117,ok,,16053.0
cuszhi,1,10.0,69.50459185658178,1,26.89695954846982,1058851,8.677179319847646,CXIDB21,23.98563134371998,100.0,10.0,run0016_150540_735f,10.0,69.50419286443915,4,19,1,0.06425884647534132,9.997467041015625,1476,68.9242158483012,ok,spline/cr-first/cr,16053.0
pfpl,1,10.0,68.77740410549333,1,159.15742793791574,1177986,7.799617312939203,CXIDB21,161.5756893640968,100.0,10.0,run0016_150540_735f,10.0,68.77774514309864,4,19,1,0.06425884647534132,10.0,1476,69.34344385221117,ok,,16053.0
cuszp3,1,10.0,68.77740410549333,1,138.97387,1374288,6.685527342158267,CXIDB21,135.88263,100.0,10.0,run0016_150540_735f,10.0,68.77774514309864,4,19,1,0.06425884647534132,10.0,1476,69.34344385221117,ok,,16053.0
roibin_b1,1,100.0,49.26461303182136,1,88.809157,645984,14.223014811512359,CXIDB21,87.91182,100.0,10.0,run0016_150558_8c67,100.0,49.26677065761136,4,15,1,0.05015324602953469,10.0,1152,69.41542519703854,ok,,15846.0
roibin_b2,n/a,2071.0,44.45029489340859,2,113.75595,160208,57.34944572056327,CXIDB21,106.65676,100.0,10.0,run0016_150558_8c67,2071.0,44.45246662074338,4,15,1,0.05015324602953469,10.0,1152,69.41542519703854,ok,,15846.0
cuszhi,1,10.0,69.36117922299096,1,26.613870563613848,1099252,8.358265438680121,CXIDB21,23.71128912379222,100.0,10.0,run0016_150558_8c67,10.0,69.36099399037535,4,15,1,0.05015324602953469,9.99072265625,1152,69.0067059728884,ok,spline/cr-first/cr,15846.0
pfpl,1,10.0,69.12609696467078,1,178.72393401805166,1193084,7.700916280831861,CXIDB21,161.66666666666666,100.0,10.0,run0016_150558_8c67,10.0,69.12623734646151,4,15,1,0.05015324602953469,10.0,1152,69.41542519703854,ok,,15846.0
cuszp3,1,10.0,69.12609696467078,1,133.42007,1409200,6.519897814362759,CXIDB21,123.06901,100.0,10.0,run0016_150558_8c67,10.0,69.12623734646151,4,15,1,0.05015324602953469,10.0,1152,69.41542519703854,ok,,15846.0
roibin_b1,1,100.0,44.124963121741615,1,87.509904,508848,18.056158224066913,CXIDB21,89.361967,100.0,10.0,run0016_150605_963f,100.0,44.12807819935465,4,21,1,0.07248711340206186,10.0,1665,63.77600679618695,ok,,8513.0
roibin_b2,n/a,1566.0,41.24478516379478,2,119.28542,116816,78.65223941925764,CXIDB21,102.32359,100.0,10.0,run0016_150605_963f,1566.0,41.247916791825084,4,21,1,0.07248711340206186,10.0,1665,63.77600679618695,ok,,8513.0
cuszhi,1,10.0,64.05800070788484,1,27.783341800324166,976971,9.4044142558991,CXIDB21,24.531784005468214,100.0,10.0,run0016_150605_963f,10.0,64.05748848708829,4,21,1,0.07248711340206186,9.9898681640625,1665,63.40325380520345,ok,spline/cr-first/cr,8513.0
pfpl,1,10.0,63.123413667089864,1,180.35175879396982,1054991,8.708927374735898,CXIDB21,163.60113960113958,100.0,10.0,run0016_150605_963f,10.0,63.123852909355215,4,21,1,0.07248711340206186,10.0,1665,63.77600679618695,ok,,8513.0
cuszp3,1,10.0,63.123413667089864,1,136.01137,1221824,7.51977371536326,CXIDB21,136.39905,100.0,10.0,run0016_150605_963f,10.0,63.123852909355215,4,21,1,0.07248711340206186,10.0,1665,63.77600679618695,ok,,8513.0
roibin_b1,1,100.0,40.0236456915449,1,87.08523,465808,19.724521691340637,CXIDB21,90.88952,100.0,10.0,run0016_150614_a353,100.0,40.02616807870427,4,17,1,0.05877333519086097,10.0,1350,59.20232913570388,ok,,5208.0
roibin_b2,n/a,1012.0,37.56667332159735,2,119.48398,104656,87.79085766702339,CXIDB21,101.8156,100.0,10.0,run0016_150614_a353,1012.0,37.5692090406819,4,17,1,0.05877333519086097,10.0,1350,59.20232913570388,ok,,5208.0
cuszhi,1,10.0,59.81880599234272,1,27.450765978742314,915698,10.033701067382477,CXIDB21,25.111072240685676,100.0,10.0,run0016_150614_a353,10.0,59.818427003004615,4,17,1,0.05877333519086097,9.99072265625,1350,59.21755438476482,ok,spline/cr-first/cr,5208.0
pfpl,1,10.0,58.83291505500789,1,179.9561266060796,998234,9.20409443076473,CXIDB21,162.3981900452489,100.0,10.0,run0016_150614_a353,10.0,58.833123199251276,4,17,1,0.05877333519086097,10.0,1350,59.20232913570388,ok,,5208.0
cuszp3,1,10.0,58.83291505500789,1,140.67614,1168592,7.862316360200994,CXIDB21,131.76686,100.0,10.0,run0016_150614_a353,10.0,58.833123199251276,4,17,1,0.05877333519086097,10.0,1350,59.20232913570388,ok,,5208.0
roibin_b1,1,100.0,49.22132854232139,1,86.144614,585376,15.695621275897885,CXIDB21,93.190524,100.0,10.0,run0016_150642_c9db,100.0,49.224007922795366,4,18,1,0.062299735302312614,10.0,1431,69.21610317546262,ok,,16062.0
roibin_b2,n/a,11054.0,45.60076945601871,2,117.23969,139280,65.9666858127513,CXIDB21,106.41957,100.0,10.0,run0016_150642_c9db,11054.0,45.603464166044766,4,18,1,0.062299735302312614,10.0,1431,69.21610317546262,ok,,16062.0
cuszhi,1,10.0,69.52643993747733,1,26.814575499024496,1015505,9.047557619115613,CXIDB21,24.79447322970639,100.0,10.0,run0016_150642_c9db,10.0,69.5261402252855,4,18,1,0.062299735302312614,9.99798583984375,1431,69.07017186677292,ok,spline/cr-first/cr,16062.0
pfpl,1,10.0,68.69671304957481,1,177.39882607352487,1138988,8.066669710304234,CXIDB21,162.9049645390071,100.0,10.0,run0016_150642_c9db,10.0,68.69701803874554,4,18,1,0.062299735302312614,10.0,1431,69.21610317546262,ok,,16062.0
cuszp3,1,10.0,68.69671304957481,1,135.68998,1318640,6.967663653461142,CXIDB21,132.19153,100.0,10.0,run0016_150642_c9db,10.0,68.69701803874554,4,18,1,0.062299735302312614,10.0,1431,69.21610317546262,ok,,16062.0
roibin_b1,1,100.0,49.461179424121056,1,89.223118,765920,11.995822017965322,CXIDB21,88.562616,100.0,10.0,run0016_150659_e26b,100.0,49.46338945238342,4,16,1,0.05141578434104207,10.0,1181,69.24058361259429,ok,,15505.0
roibin_b2,n/a,10854.0,41.90302104222735,2,118.89027,192320,47.77371048252912,CXIDB21,104.36932,100.0,10.0,run0016_150659_e26b,10854.0,41.905250451337636,4,16,1,0.05141578434104207,10.0,1181,69.24058361259429,ok,,15505.0
cuszhi,1,10.0,69.12017950402286,1,26.290218969747695,1234892,7.440197199431205,CXIDB21,22.858962620914777,100.0,10.0,run0016_150659_e26b,10.0,69.11981764931213,4,16,1,0.05141578434104207,9.979248046875,1181,68.46789996017841,ok,spline/cr-first/cr,15505.0
pfpl,1,10.0,68.88681619829345,1,176.30948725821307,1333689,6.8890423479536835,CXIDB21,161.03196859226023,100.0,10.0,run0016_150659_e26b,10.0,68.88699088293419,4,16,1,0.05141578434104207,10.0,1181,69.24058361259429,ok,,15505.0
cuszp3,1,10.0,68.88681619829345,1,135.05175,1591664,5.7724745926275896,CXIDB21,129.50835,100.0,10.0,run0016_150659_e26b,10.0,68.88699088293419,4,16,1,0.05141578434104207,10.0,1181,69.24058361259429,ok,,15505.0
roibin_b1,1,100.0,43.635629146281765,1,86.560142,717456,12.80613724047189,CXIDB21,93.402736,100.0,10.0,run0016_150700_e397,100.0,43.63839852008999,4,19,1,0.06443298969072164,10.0,1480,63.36265951252258,ok,,7938.0
roibin_b2,n/a,2445.0,37.096243446615006,2,114.848,179680,51.13446126447017,CXIDB21,103.35493,100.0,10.0,run0016_150700_e397,2445.0,37.09903602268957,4,19,1,0.06443298969072164,10.0,1480,63.36265951252258,ok,,7938.0
cuszhi,1,10.0,63.31391584983133,1,26.02418920832743,1194019,7.694885927275864,CXIDB21,23.31844392105904,100.0,10.0,run0016_150700_e397,10.0,63.31352687760873,4,19,1,0.06443298969072164,9.9976806640625,1480,62.74864121261912,ok,spline/cr-first/cr,7938.0
pfpl,1,10.0,62.75353546763692,1,173.6963097398669,1300288,7.066003839149481,CXIDB21,162.0773355913068,100.0,10.0,run0016_150700_e397,10.0,62.753901679196176,4,19,1,0.06443298969072164,10.0,1480,63.36265951252258,ok,,7938.0
cuszp3,1,10.0,62.75353546763692,1,136.20493,1530704,6.00236231172062,CXIDB21,136.65874,100.0,10.0,run0016_150700_e397,10.0,62.753901679196176,4,19,1,0.06443298969072164,10.0,1480,63.36265951252258,ok,,7938.0
roibin_b1,1,100.0,49.09275145502494,1,85.554233,690912,13.298133481543235,CXIDB21,91.439493,100.0,10.0,run0016_150700_e47b,100.0,49.095227316621795,4,17,1,0.05759786848704375,10.0,1323,68.8771420195048,ok,,15064.0
roibin_b2,n/a,10854.0,43.13927814793334,2,111.80685,172496,53.26407568871162,CXIDB21,102.32359,100.0,10.0,run0016_150700_e47b,10854.0,43.14177363412452,4,17,1,0.05759786848704375,10.0,1323,68.8771420195048,ok,,15064.0
cuszhi,1,10.0,68.91494811815686,1,26.296276155776958,1163656,7.895666760623414,CXIDB21,23.44506593720655,100.0,10.0,run0016_150700_e47b,10.0,68.91458709611449,4,17,1,0.05759786848704375,9.9990234375,1323,68.3294296877267,ok,spline/cr-first/cr,15064.0
pfpl,1,10.0,68.6768577775026,1,176.25537139349294,1257653,7.305544534144156,CXIDB21,162.12309429700733,100.0,10.0,run0016_150700_e47b,10.0,68.67697051881937,4,17,1,0.05759786848704375,10.0,1323,68.8771420195048,ok,,15064.0
cuszp3,1,10.0,68.6768577775026,1,136.26958,1490368,6.164812985786061,CXIDB21,134.60854,100.0,10.0,run0016_150700_e47b,10.0,68.67697051881937,4,17,1,0.05759786848704375,10.0,1323,68.8771420195048,ok,,15064.0
roibin_b1,1,100.0,49.67182208742434,1,87.429961,741840,12.385204356734606,CXIDB21,88.617284,100.0,10.0,run0016_150701_e5b3,100.0,49.67398521229294,4,15,1,0.05032738924491502,10.0,1156,69.43074571078898,ok,,15829.0
roibin_b2,n/a,10854.0,42.57162440018194,2,118.54665,185792,49.452290733723736,CXIDB21,108.10241,100.0,10.0,run0016_150701_e5b3,10854.0,42.57380613403382,4,15,1,0.05032738924491502,10.0,1156,69.43074571078898,ok,,15829.0
cuszhi,1,10.0,69.29745389439071,1,26.132219158367477,1212880,7.575225908581229,CXIDB21,23.154838709677417,100.0,10.0,run0016_150701_e5b3,10.0,69.29722169940881,4,15,1,0.05032738924491502,9.9979248046875,1156,68.85897216231241,ok,spline/cr-first/cr,15829.0
pfpl,1,10.0,68.76230104827724,1,177.50850077279753,1329733,6.909537478576526,CXIDB21,163.18272236430803,100.0,10.0,run0016_150701_e5b3,10.0,68.76261285955322,4,15,1,0.05032738924491502,10.0,1156,69.43074571078898,ok,,15829.0
cuszp3,1,10.0,68.76230104827724,1,133.66853,1560912,5.8861998626444025,CXIDB21,134.04295,100.0,10.0,run0016_150701_e5b3,10.0,68.76261285955322,4,15,1,0.05032738924491502,10.0,1156,69.43074571078898,ok,,15829.0
roibin_b1,1,100.0,49.66660883312774,1,87.323604,727184,12.634821448216682,CXIDB21,91.614547,100.0,10.0,run0016_150701_e5bf,100.0,49.67091730998426,4,29,1,0.10030649205906939,10.0,2304,69.07541611310029,ok,,15843.0
roibin_b2,n/a,10854.0,42.86027050193242,2,114.66454,183312,50.12132320851881,CXIDB21,108.51096,100.0,10.0,run0016_150701_e5bf,10854.0,42.86461851980502,4,29,1,0.10030649205906939,10.0,2304,69.07541611310029,ok,,15843.0
cuszhi,1,10.0,69.32071001649061,1,26.321927825438003,1198743,7.664561961988516,CXIDB21,22.996275679788553,100.0,10.0,run0016_150701_e5bf,10.0,69.32027320193461,4,29,1,0.10030649205906939,9.99755859375,2304,68.90568579080282,ok,spline/cr-first/cr,15843.0
pfpl,1,10.0,68.75380535908506,1,174.2761760242792,1311120,7.0076270669351395,CXIDB21,161.5756893640968,100.0,10.0,run0016_150701_e5bf,10.0,68.75411631143638,4,29,1,0.10030649205906939,10.0,2304,69.07541611310029,ok,,15843.0
cuszp3,1,10.0,68.75380535908506,1,136.26958,1540640,5.963651469519161,CXIDB21,132.74157,100.0,10.0,run0016_150701_e5bf,10.0,68.75411631143638,4,29,1,0.10030649205906939,10.0,2304,69.07541611310029,ok,,15843.0
roibin_b1,1,100.0,45.071341479056784,1,88.073622,642944,14.290264782002787,CXIDB21,90.602716,100.0,10.0,run0016_150709_f057,100.0,45.07380257053269,4,17,1,0.057206046252438,10.0,1314,65.21556943890704,ok,,9782.0
roibin_b2,n/a,3399.0,40.37395301484412,2,120.84175,159104,57.74738535800483,CXIDB21,107.98044,100.0,10.0,run0016_150709_f057,3399.0,40.376429999847254,4,17,1,0.057206046252438,10.0,1314,65.21556943890704,ok,,9782.0
cuszhi,1,10.0,65.20017460850677,1,26.76364822725611,1093627,8.401255638348358,CXIDB21,23.797762121840034,100.0,10.0,run0016_150709_f057,10.0,65.19997553700301,4,17,1,0.057206046252438,9.987060546875,1314,64.86541605639822,ok,spline/cr-first/cr,9782.0
pfpl,1,10.0,64.78911872167455,1,177.45364647713225,1195983,7.682249664083854,CXIDB21,162.26052557219552,100.0,10.0,run0016_150709_f057,10.0,64.78935108860932,4,17,1,0.057206046252438,10.0,1314,65.21556943890704,ok,,9782.0
cuszp3,1,10.0,64.78911872167455,1,137.70743,1412128,6.506379025130866,CXIDB21,131.88792,100.0,10.0,run0016_150709_f057,10.0,64.78935108860932,4,17,1,0.057206046252438,10.0,1314,65.21556943890704,ok,,9782.0
roibin_b1,1,100.0,49.66870892779894,1,89.057069,734432,12.51013027754782,CXIDB21,90.488498,100.0,10.0,run0016_150711_f2bb,100.0,49.67117444977777,4,17,1,0.05738018946781833,10.0,1318,69.29364277982673,ok,,15829.0
roibin_b2,n/a,2445.0,42.73976185934268,2,109.83932,184128,49.899200556134865,CXIDB21,103.39215,100.0,10.0,run0016_150711_f2bb,2445.0,42.74224905129249,4,17,1,0.05738018946781833,10.0,1318,69.29364277982673,ok,,15829.0
cuszhi,1,10.0,69.27874352532604,1,25.45873205658764,1209170,7.598468370865966,CXIDB21,23.216624888817012,100.0,10.0,run0016_150711_f2bb,10.0,69.27855930604505,4,17,1,0.05738018946781833,10.0,1318,68.96899940814524,ok,spline/cr-first/cr,15829.0
pfpl,1,10.0,68.8217624194757,1,176.58056580565804,1322541,6.947111658542155,CXIDB21,161.98589562764457,100.0,10.0,run0016_150711_f2bb,10.0,68.82201900154499,4,17,1,0.05738018946781833,10.0,1318,69.29364277982673,ok,,15829.0
cuszp3,1,10.0,68.8217624194757,1,133.4821,1552416,5.918413621091254,CXIDB21,135.11529,100.0,10.0,run0016_150711_f2bb,10.0,68.82201900154499,4,17,1,0.05738018946781833,10.0,1318,69.29364277982673,ok,,15829.0
roibin_b1,1,100.0,49.644176359110155,1,86.848154,739264,12.428361180850143,CXIDB21,90.232558,100.0,10.0,run0016_150723_104c7,100.0,49.64680763595244,4,18,1,0.06125487601003064,10.0,1407,69.15336670580812,ok,,15823.0
roibin_b2,n/a,2431.0,42.613295976878476,2,112.95043,185728,49.46933149552033,CXIDB21,107.81825,100.0,10.0,run0016_150723_104c7,2431.0,42.61595115293858,4,18,1,0.06125487601003064,10.0,1407,69.15336670580812,ok,,15823.0
cuszhi,1,10.0,69.31131623498439,1,26.12519726459758,1211237,7.585501433658318,CXIDB21,23.10824949698189,100.0,10.0,run0016_150723_104c7,10.0,69.31087080241296,4,18,1,0.06125487601003064,9.9996337890625,1407,68.63894178180428,ok,spline/cr-first/cr,15823.0
pfpl,1,10.0,69.10369073694305,1,176.09322293774915,1311902,7.003449952816598,CXIDB21,161.16755543081672,100.0,10.0,run0016_150723_104c7,10.0,69.10372099263525,4,18,1,0.06125487601003064,10.0,1407,69.15336670580812,ok,,15823.0
cuszp3,1,10.0,69.10369073694305,1,134.23095,1559248,5.892481503904446,CXIDB21,134.10556,100.0,10.0,run0016_150723_104c7,10.0,69.10372099263525,4,18,1,0.06125487601003064,10.0,1407,69.15336670580812,ok,,15823.0
roibin_b1,1,100.0,49.65332511974551,1,85.022206,787392,11.668698691376088,CXIDB21,88.67202,100.0,10.0,run0016_150728_10bc3,100.0,49.65771633789051,4,30,1,0.10222206742825299,10.0,2348,69.098080411125,ok,,15850.0
roibin_b2,n/a,10654.0,41.632665808330074,2,120.18418,199248,46.11258331325785,CXIDB21,101.85172,100.0,10.0,run0016_150728_10bc3,10654.0,41.637099561072006,4,30,1,0.10222206742825299,10.0,2348,69.098080411125,ok,,15850.0
cuszhi,1,10.0,69.29640842531916,1,25.947643476333095,1253687,7.328655398037947,CXIDB21,22.70261722147545,100.0,10.0,run0016_150728_10bc3,10.0,69.29579860437774,4,30,1,0.10222206742825299,9.9986572265625,2348,68.7373762968548,ok,spline/cr-first/cr,15850.0
pfpl,1,10.0,69.09628531263513,1,176.4720344191764,1352798,6.791730916219569,CXIDB21,162.3522759400622,100.0,10.0,run0016_150728_10bc3,10.0,69.09628714724312,4,30,1,0.10222206742825299,10.0,2348,69.098080411125,ok,,15850.0
cuszp3,1,10.0,69.09628531263513,1,134.35658,1612208,5.698917261296309,CXIDB21,134.29373,100.0,10.0,run0016_150728_10bc3,10.0,69.09628714724312,4,30,1,0.10222206742825299,10.0,2348,69.098080411125,ok,,15850.0
roibin_b1,1,100.0,44.859554123642205,1,89.140016,690592,13.304295445067421,CXIDB21,88.754252,100.0,10.0,run0016_150731_10fcb,100.0,44.86408416208846,4,31,1,0.10540018110894399,10.0,2421,64.49395054120923,ok,,9249.0
roibin_b2,n/a,5314.0,38.925134983452786,2,119.58351,173552,52.939983405549924,CXIDB21,109.00531,100.0,10.0,run0016_150731_10fcb,5314.0,38.929702157549144,4,31,1,0.10540018110894399,10.0,2421,64.49395054120923,ok,,9249.0
cuszhi,1,10.0,64.64614175579993,1,26.388910031148534,1161688,7.909042703376466,CXIDB21,23.243877757538964,100.0,10.0,run0016_150731_10fcb,10.0,64.64534211621927,4,31,1,0.10540018110894399,9.994873046875,2421,63.94684873106835,ok,spline/cr-first/cr,9249.0
pfpl,1,10.0,63.96405672743042,1,176.14723926380367,1281941,7.167131716670268,CXIDB21,163.60113960113958,100.0,10.0,run0016_150731_10fcb,10.0,63.964582540241516,4,31,1,0.10540018110894399,10.0,2421,64.49395054120923,ok,,9249.0
cuszp3,1,10.0,63.96405672743042,1,136.01137,1484816,6.187864354909968,CXIDB21,135.75413,100.0,10.0,run0016_150731_10fcb,10.0,63.964582540241516,4,31,1,0.10540018110894399,10.0,2421,64.49395054120923,ok,,9249.0
roibin_b1,1,100.0,44.314711293445384,1,85.047391,613472,14.976787856658495,CXIDB21,88.046614,100.0,10.0,run0016_150732_11097,100.0,44.322597777122624,4,52,1,0.1833728057954862,10.0,4212,64.05978322448932,ok,,9047.0
roibin_b2,n/a,3483.0,40.395516736053004,2,110.17651,151232,60.75327972915785,CXIDB21,106.81548,100.0,10.0,run0016_150732_11097,3483.0,40.403453511148854,4,52,1,0.1833728057954862,10.0,4212,64.05978322448932,ok,,9047.0
cuszhi,1,10.0,64.54072973115386,1,26.825340286009588,1044641,8.795212900891311,CXIDB21,24.242833621817876,100.0,10.0,run0016_150732_11097,10.0,64.53963092469749,4,52,1,0.1833728057954862,9.989677429199219,4212,63.97933401127169,ok,spline/cr-first/cr,9047.0
pfpl,1,10.0,63.82487503519332,1,178.0037197768134,1164778,7.8880610725820715,CXIDB21,162.39819004524887,100.0,10.0,run0016_150732_11097,10.0,63.82529437064989,4,52,1,0.1833728057954862,10.0,4212,64.05978322448932,ok,,9047.0
cuszp3,1,10.0,63.82487503519332,1,132.49654,1358272,6.764359421382462,CXIDB21,131.34492,100.0,10.0,run0016_150732_11097,10.0,63.82529437064989,4,52,1,0.1833728057954862,10.0,4212,64.05978322448932,ok,,9047.0
roibin_b1,1,100.0,44.75160306652904,1,87.56328,289648,31.72070927470585,CXIDB21,86.874432,100.0,10.0,run0016_150734_11307,100.0,44.753864111202176,4,15,1,0.05289600167177487,10.0,1215,62.706616782156374,ok,,7854.0
roibin_b2,n/a,5314.0,43.31823057962945,2,116.81041,61456,149.50273366310856,CXIDB21,109.21263,100.0,10.0,run0016_150734_11307,5314.0,43.32050197114685,4,15,1,0.05289600167177487,10.0,1215,62.706616782156374,ok,,7854.0
cuszhi,1,10.0,63.53557633008732,1,28.142897837786517,692343,13.270647641414731,CXIDB21,27.72499034376207,100.0,10.0,run0016_150734_11307,10.0,63.53521997823614,4,15,1,0.05289600167177487,9.998504638671875,1215,62.90927590780404,ok,spline/cr-first/cr,7854.0
pfpl,1,10.0,62.431646122028255,1,179.67459324155195,794466,11.56479950054502,CXIDB21,164.16237850200113,100.0,10.0,run0016_150734_11307,10.0,62.43178706397099,4,15,1,0.05289600167177487,10.0,1215,62.706616782156374,ok,,7854.0
cuszp3,1,10.0,62.431646122028255,1,142.56207,930544,9.873622311250193,CXIDB21,139.78578,100.0,10.0,run0016_150734_11307,10.0,62.43178706397099,4,15,1,0.05289600167177487,10.0,1215,62.706616782156374,ok,,7854.0
roibin_b1,1,100.0,45.08263721277726,1,87.376747,583728,15.739933667735658,CXIDB21,88.100647,100.0,10.0,run0016_150736_1162b,100.0,45.08490970473663,4,15,1,0.05289600167177487,10.0,1215,64.6555024548601,ok,,9874.0
roibin_b2,n/a,2561.0,41.47017728653888,2,116.71544,139584,65.8230169646951,CXIDB21,105.48126,100.0,10.0,run0016_150736_1162b,2561.0,41.47246410014975,4,15,1,0.05289600167177487,10.0,1215,64.6555024548601,ok,,9874.0
cuszhi,1,10.0,65.35096690002459,1,27.083319208768916,1013651,9.064105890488936,CXIDB21,24.751724137931035,100.0,10.0,run0016_150736_1162b,10.0,65.35058950099184,4,15,1,0.05289600167177487,9.997314453125,1215,64.69035329852558,ok,spline/cr-first/cr,9874.0
pfpl,1,10.0,64.39082900068672,1,179.67459324155195,1141955,8.04571108318629,CXIDB21,162.8125886022115,100.0,10.0,run0016_150736_1162b,10.0,64.39096482376088,4,15,1,0.05289600167177487,10.0,1215,64.6555024548601,ok,,9874.0
cuszp3,1,10.0,64.39082900068672,1,136.85415,1314048,6.9920124683421,CXIDB21,135.24257,100.0,10.0,run0016_150736_1162b,10.0,64.39096482376088,4,15,1,0.05289600167177487,10.0,1215,64.6555024548601,ok,,9874.0
roibin_b1,1,100.0,49.69298008432815,1,87.992647,732384,12.545112946214008,CXIDB21,91.149206,100.0,10.0,run0016_150743_11fd3,100.0,49.695260660590314,4,16,1,0.053070144887155196,10.0,1219,69.36964070527826,ok,,15899.0
roibin_b2,n/a,2288.0,42.7515294576904,2,116.66802,183280,50.130074203404625,CXIDB21,101.31263,100.0,10.0,run0016_150743_11fd3,2288.0,42.75382985254928,4,16,1,0.053070144887155196,10.0,1219,69.36964070527826,ok,,15899.0
cuszhi,1,10.0,69.33619129946963,1,26.249433961725103,1199072,7.662458968268795,CXIDB21,23.230713216554072,100.0,10.0,run0016_150743_11fd3,10.0,69.33592143090323,4,16,1,0.053070144887155196,9.9927978515625,1219,68.85529770405935,ok,spline/cr-first/cr,15899.0
pfpl,1,10.0,68.9393965711565,1,180.1254705144291,1306425,7.0328109152840765,CXIDB21,162.0773355913068,100.0,10.0,run0016_150743_11fd3,10.0,68.9396139621143,4,16,1,0.053070144887155196,10.0,1219,69.36964070527826,ok,,15899.0
cuszp3,1,10.0,68.9393965711565,1,133.11081,1553104,5.915791859398984,CXIDB21,130.33137,100.0,10.0,run0016_150743_11fd3,10.0,68.9396139621143,4,16,1,0.053070144887155196,10.0,1219,69.36964070527826,ok,,15899.0
roibin_b1,1,100.0,43.794312583216794,1,88.726824,677360,13.564190386205267,CXIDB21,90.545571,100.0,10.0,run0016_150759_1368f,100.0,43.796629345681595,4,16,1,0.05385378935636668,10.0,1237,63.9248780597016,ok,,8305.0
roibin_b2,n/a,4866.0,38.260230437181804,2,113.57595,169152,54.3170639424896,CXIDB21,103.39215,100.0,10.0,run0016_150759_1368f,4866.0,38.26256355760235,4,16,1,0.05385378935636668,10.0,1237,63.9248780597016,ok,,8305.0
cuszhi,1,10.0,63.72289288041678,1,26.704684009899623,1146560,8.013396595032097,CXIDB21,23.516114501003315,100.0,10.0,run0016_150759_1368f,10.0,63.722568213650206,4,16,1,0.05385378935636668,9.99884033203125,1237,63.15834025581768,ok,spline/cr-first/cr,8305.0
pfpl,1,10.0,63.392305504004774,1,177.67326732673268,1245602,7.376224508310038,CXIDB21,162.44413012729845,100.0,10.0,run0016_150759_1368f,10.0,63.39257543453368,4,16,1,0.05385378935636668,10.0,1237,63.9248780597016,ok,,8305.0
cuszp3,1,10.0,63.392305504004774,1,135.75413,1468592,6.256223648229052,CXIDB21,135.43396,100.0,10.0,run0016_150759_1368f,10.0,63.39257543453368,4,16,1,0.05385378935636668,10.0,1237,63.9248780597016,ok,,8305.0
roibin_b1,1,100.0,49.6055224466657,1,87.884911,717360,12.807851009256161,CXIDB21,88.562616,100.0,10.0,run0016_150806_140a3,100.0,49.60775139633561,4,16,1,0.051807606575647806,10.0,1190,69.78316850405882,ok,,15780.0
roibin_b2,n/a,10854.0,42.96262954094504,2,116.00808,179408,51.21198608757692,CXIDB21,103.13218,100.0,10.0,run0016_150806_140a3,10854.0,42.96487541863222,4,16,1,0.051807606575647806,10.0,1190,69.78316850405882,ok,,15780.0
cuszhi,1,10.0,69.28733164767894,1,26.313334030223057,1192202,7.706613476575279,CXIDB21,22.947570332480822,100.0,10.0,run0016_150806_140a3,10.0,69.28701151601537,4,16,1,0.051807606575647806,10.0,1190,68.70957734322864,ok,spline/cr-first/cr,15780.0
pfpl,1,10.0,68.78880917431972,1,179.2259675405743,1301361,7.060177767737008,CXIDB21,161.53023909985936,100.0,10.0,run0016_150806_140a3,10.0,68.7892696324458,4,16,1,0.051807606575647806,10.0,1190,69.78316850405882,ok,,15780.0
cuszp3,1,10.0,68.78880917431972,1,138.4378,1530768,6.0021113584814945,CXIDB21,133.23433,100.0,10.0,run0016_150806_140a3,10.0,68.7892696324458,4,16,1,0.051807606575647806,10.0,1190,69.78316850405882,ok,,15780.0
roibin_b1,1,100.0,45.50756643492519,1,89.921701,751312,12.229060629938028,CXIDB21,88.317439,100.0,10.0,run0016_150816_14f2b,100.0,45.509914425086436,4,17,1,0.054637433825578154,10.0,1255,65.19183931074478,ok,,9800.0
roibin_b2,n/a,5554.0,38.188079047794005,2,120.53736,188864,48.64791596069129,CXIDB21,105.05671,100.0,10.0,run0016_150816_14f2b,5554.0,38.19044783687926,4,17,1,0.054637433825578154,10.0,1255,65.19183931074478,ok,,9800.0
cuszhi,1,10.0,65.11995717701262,1,26.292739323038884,1223153,7.51160320908341,CXIDB21,22.853504198670752,100.0,10.0,run0016_150816_14f2b,10.0,65.11963160053455,4,17,1,0.054637433825578154,9.9794921875,1255,64.56153970180499,ok,spline/cr-first/cr,9800.0
pfpl,1,10.0,64.67307781866488,1,180.18198933165988,1337974,6.8669794779270745,CXIDB21,160.71648474671144,100.0,10.0,run0016_150816_14f2b,10.0,64.67334499098861,4,17,1,0.054637433825578154,10.0,1255,65.19183931074478,ok,,9800.0
cuszp3,1,10.0,64.67307781866488,1,135.94697,1570768,5.84926609149155,CXIDB21,130.4498,100.0,10.0,run0016_150816_14f2b,10.0,64.67334499098861,4,17,1,0.054637433825578154,10.0,1255,65.19183931074478,ok,,9800.0
roibin_b1,1,100.0,49.578340584860854,1,87.006061,769680,11.937220663132731,CXIDB21,88.019622,100.0,10.0,run0016_150818_151fb,100.0,49.58083122447364,4,17,1,0.0579461549178044,10.0,1331,69.33044167943383,ok,,15713.0
roibin_b2,n/a,2824.0,41.92754778058057,2,112.7287,193696,47.43433008425574,CXIDB21,108.75757,100.0,10.0,run0016_150818_151fb,2824.0,41.930060500518586,4,17,1,0.0579461549178044,10.0,1331,69.33044167943383,ok,,15713.0
cuszhi,1,10.0,69.23373256256477,1,25.99933500760497,1236854,7.428394943946497,CXIDB21,22.96500699860028,100.0,10.0,run0016_150818_151fb,10.0,69.2334274779736,4,17,1,0.0579461549178044,9.9949951171875,1331,68.73676764124882,ok,spline/cr-first/cr,15713.0
pfpl,1,10.0,68.88435411016121,1,176.63488157490002,1343678,6.837828705984618,CXIDB21,162.3522759400622,100.0,10.0,run0016_150818_151fb,10.0,68.88459977530981,4,17,1,0.0579461549178044,10.0,1331,69.33044167943383,ok,,15713.0
cuszp3,1,10.0,68.88435411016121,1,133.17255,1596240,5.755926427103693,CXIDB21,134.29373,100.0,10.0,run0016_150818_151fb,10.0,68.88459977530981,4,17,1,0.0579461549178044,10.0,1331,69.33044167943383,ok,,15713.0
roibin_b1,1,100.0,49.11980086258549,1,85.912625,686736,13.378998625381515,CXIDB21,91.178152,100.0,10.0,run0016_150830_161d3,100.0,49.12284311803254,4,21,1,0.07078921705210366,10.0,1626,68.79293875650447,ok,,15064.0
roibin_b2,n/a,10854.0,43.17146351545816,2,110.17651,172192,53.35811187511615,CXIDB21,104.10442,100.0,10.0,run0016_150830_161d3,10854.0,43.174530509135934,4,21,1,0.07078921705210366,10.0,1626,68.79293875650447,ok,,15064.0
cuszhi,1,10.0,68.90590727182658,1,26.483725542193678,1159376,7.924814727922606,CXIDB21,23.4441087613293,100.0,10.0,run0016_150830_161d3,10.0,68.90553744188244,4,21,1,0.07078921705210366,9.99591064453125,1626,68.41256013659566,ok,spline/cr-first/cr,15064.0
pfpl,1,10.0,68.63354439452428,1,176.52628343067937,1254014,7.326744358515934,CXIDB21,161.2128017967434,100.0,10.0,run0016_150830_161d3,10.0,68.6336551844474,4,21,1,0.07078921705210366,10.0,1626,68.79293875650447,ok,,15064.0
cuszp3,1,10.0,68.63354439452428,1,137.90586,1479696,6.209275418734659,CXIDB21,134.29373,100.0,10.0,run0016_150830_161d3,10.0,68.6336551844474,4,21,1,0.07078921705210366,10.0,1626,68.79293875650447,ok,,15064.0
roibin_b1,1,100.0,49.7112457047875,1,88.699414,783392,11.728279073567256,CXIDB21,91.09137,100.0,10.0,run0016_150830_161eb,100.0,49.71477359040251,4,24,1,0.08206499024797993,10.0,1885,69.48062240715394,ok,,15963.0
roibin_b2,n/a,10854.0,41.76784251848963,2,105.24926,197600,46.49716599190283,CXIDB21,104.59745,100.0,10.0,run0016_150830_161eb,10854.0,41.771401979174556,4,24,1,0.08206499024797993,10.0,1885,69.48062240715394,ok,,15963.0
cuszhi,1,10.0,69.34419998797686,1,25.72691418659058,1249650,7.352330652582723,CXIDB21,22.818087896368116,100.0,10.0,run0016_150830_161eb,10.0,69.34384000798792,4,24,1,0.08206499024797993,9.99798583984375,1885,68.92629675307779,ok,spline/cr-first/cr,15963.0
pfpl,1,10.0,68.95931592007662,1,177.01602959309494,1351771,6.796890893501932,CXIDB21,162.0773355913068,100.0,10.0,run0016_150830_161eb,10.0,68.9597190700013,4,24,1,0.08206499024797993,10.0,1885,69.48062240715394,ok,,15963.0
cuszp3,1,10.0,68.95931592007662,1,133.9804,1610416,5.705258765437005,CXIDB21,134.41948,100.0,10.0,run0016_150830_161eb,10.0,68.9597190700013,4,24,1,0.08206499024797993,10.0,1885,69.48062240715394,ok,,15963.0
roibin_b1,1,100.0,49.645366868326,1,88.617284,707888,12.979228352507741,CXIDB21,88.836636,100.0,10.0,run0016_150832_165e7,100.0,49.64875794406791,4,23,1,0.07888687656728895,10.0,1812,69.39881801249182,ok,,15930.0
roibin_b2,n/a,2111.0,43.32881407736013,2,112.90601,177584,51.73799441391116,CXIDB21,104.48326,100.0,10.0,run0016_150832_165e7,2111.0,43.332232968097614,4,23,1,0.07888687656728895,10.0,1812,69.39881801249182,ok,,15930.0
cuszhi,1,10.0,69.36414821121204,1,26.44153938024764,1182955,7.766855036751187,CXIDB21,23.56629868264456,100.0,10.0,run0016_150832_165e7,10.0,69.36380031058951,4,23,1,0.07888687656728895,9.9937744140625,1812,68.94410274338527,ok,spline/cr-first/cr,15930.0
pfpl,1,10.0,69.1149129086588,1,176.41781874039938,1281423,7.170028944384485,CXIDB21,162.0773355913068,100.0,10.0,run0016_150832_165e7,10.0,69.11512971444758,4,23,1,0.07888687656728895,10.0,1812,69.39881801249182,ok,,15930.0
cuszp3,1,10.0,69.1149129086588,1,137.11556,1516032,6.060452549814252,CXIDB21,136.01137,100.0,10.0,run0016_150832_165e7,10.0,69.11512971444758,4,23,1,0.07888687656728895,10.0,1812,69.39881801249182,ok,,15930.0
roibin_b1,1,100.0,49.24164229860092,1,85.886926,716128,12.829885160194825,CXIDB21,88.726824,100.0,10.0,run0016_150833_1660b,100.0,49.24577516887334,4,28,1,0.09617059069378657,10.0,2209,68.84777575872454,ok,,15064.0
roibin_b2,n/a,10854.0,42.61498384647786,2,117.96221,180016,51.03901875388854,CXIDB21,104.55936,100.0,10.0,run0016_150833_1660b,10854.0,42.619152538553244,4,28,1,0.09617059069378657,10.0,2209,68.84777575872454,ok,,15064.0
cuszhi,1,10.0,68.8781493458765,1,26.428457397464975,1188946,7.727718500251483,CXIDB21,23.26459506542965,100.0,10.0,run0016_150833_1660b,10.0,68.87769577224267,4,28,1,0.09617059069378657,9.9971923828125,2209,68.43038682983419,ok,spline/cr-first/cr,15064.0
pfpl,1,10.0,68.33823022169541,1,160.5367626502656,1301813,7.0577264169277765,CXIDB21,159.59977765425236,100.0,10.0,run0016_150833_1660b,10.0,68.3386926242218,4,28,1,0.09617059069378657,10.0,2209,68.84777575872454,ok,,15064.0
cuszp3,1,10.0,68.33823022169541,1,136.52877,1523872,6.029272799815208,CXIDB21,133.73078,100.0,10.0,run0016_150833_1660b,10.0,68.3386926242218,4,28,1,0.09617059069378657,10.0,2209,68.84777575872454,ok,,15064.0
roibin_b1,1,100.0,49.67032051918836,1,87.804282,739952,12.416805414405259,CXIDB21,88.100647,100.0,10.0,run0016_150841_1713f,100.0,49.67244436073031,4,15,1,0.04936960156032321,10.0,1134,69.80792645290936,ok,,15821.0
roibin_b2,n/a,2434.0,42.515655233626916,2,61.442329,185632,49.4949146698845,CXIDB21,62.539754,100.0,10.0,run0016_150841_1713f,2434.0,42.51779585604374,4,15,1,0.04936960156032321,10.0,1134,69.80792645290936,ok,,15821.0
cuszhi,1,10.0,69.33338030602386,1,26.20956032326068,1205787,7.619786910955252,CXIDB21,22.96500699860028,100.0,10.0,run0016_150841_1713f,10.0,69.33309155256653,4,15,1,0.04936960156032321,9.999755859375,1134,68.78465272803817,ok,spline/cr-first/cr,15821.0
pfpl,1,10.0,69.19593349995625,1,175.2334452242905,1307929,7.024723819106389,CXIDB21,138.94023711589645,100.0,10.0,run0016_150841_1713f,10.0,69.19621532511533,4,15,1,0.04936960156032321,10.0,1134,69.80792645290936,ok,,15821.0
cuszp3,1,10.0,69.19593349995625,1,136.52877,1558080,5.896898747176012,CXIDB21,134.98825,100.0,10.0,run0016_150841_1713f,10.0,69.19621532511533,4,15,1,0.04936960156032321,10.0,1134,69.80792645290936,ok,,15821.0
roibin_b1,1,100.0,49.78803539587499,1,88.589941,709088,12.957263414414008,CXIDB21,92.85899,100.0,10.0,run0016_150844_1759b,100.0,49.79325252553697,4,35,1,0.12146489272777933,10.0,2790,69.14599633684503,ok,,16121.0
roibin_b2,n/a,10854.0,43.277200116365904,2,115.96123,178704,51.41373444354911,CXIDB21,106.6964,100.0,10.0,run0016_150844_1759b,10854.0,43.282464802365965,4,35,1,0.12146489272777933,10.0,2790,69.14599633684503,ok,,16121.0
cuszhi,1,10.0,69.49695759179814,1,26.160232792542438,1184276,7.758191502656476,CXIDB21,23.12313763388902,100.0,10.0,run0016_150844_1759b,10.0,69.49626481717908,4,35,1,0.12146489272777933,9.9873046875,2790,68.96103253709349,ok,spline/cr-first/cr,16121.0
pfpl,1,10.0,69.43942080065312,1,177.39882607352487,1273785,7.213022605855777,CXIDB21,161.6211652124965,100.0,10.0,run0016_150844_1759b,10.0,69.43905209272309,4,35,1,0.12146489272777933,10.0,2790,69.14599633684503,ok,,16121.0
cuszp3,1,10.0,69.43942080065312,1,134.98825,1514896,6.064997201127998,CXIDB21,133.7931,100.0,10.0,run0016_150844_1759b,10.0,69.43905209272309,4,35,1,0.12146489272777933,10.0,2790,69.14599633684503,ok,,16121.0
roibin_b1,1,100.0,39.86104228649682,1,89.696972,374992,24.50142936382643,CXIDB21,89.11235,100.0,10.0,run0016_150849_17d33,100.0,39.863461081224635,4,16,1,0.05642240178322653,10.0,1296,58.66507584476576,ok,,4898.0
roibin_b2,n/a,1599.0,38.056309177724906,2,122.12676,82192,111.78508857309714,CXIDB21,102.5795,100.0,10.0,run0016_150849_17d33,1599.0,38.058738952073654,4,16,1,0.05642240178322653,10.0,1296,58.66507584476576,ok,,4898.0
cuszhi,1,10.0,59.31898377750807,1,27.644158008911997,805011,11.41330988023766,CXIDB21,25.986062087066703,100.0,10.0,run0016_150849_17d33,10.0,59.318431986896144,4,16,1,0.05642240178322653,9.995101928710938,1296,58.436918251791084,ok,spline/cr-first/cr,4898.0
pfpl,1,10.0,58.11478653460357,1,179.45,912124,10.073016388122667,CXIDB21,162.16887884778313,100.0,10.0,run0016_150849_17d33,10.0,58.1150781653099,4,16,1,0.05642240178322653,10.0,1296,58.66507584476576,ok,,4898.0
cuszp3,1,10.0,58.11478653460357,1,139.78578,1070816,8.580222932791441,CXIDB21,133.9804,100.0,10.0,run0016_150849_17d33,10.0,58.1150781653099,4,16,1,0.05642240178322653,10.0,1296,58.66507584476576,ok,,4898.0
roibin_b1,1,100.0,49.455409592501056,1,55.417872,814000,11.287272727272727,CXIDB21,56.541945,100.0,10.0,run0016_150856_18753,100.0,49.45808862823592,4,18,1,0.062299735302312614,10.0,1431,69.39529758103686,ok,,15653.0
roibin_b2,n/a,5452.0,40.912646695249606,2,117.76867,204496,44.92919176903216,CXIDB21,105.67538,100.0,10.0,run0016_150856_18753,5452.0,40.91534934201996,4,18,1,0.062299735302312614,10.0,1431,69.39529758103686,ok,,15653.0
cuszhi,1,10.0,69.16841227744139,1,26.25138395031922,1279097,7.183067429600726,CXIDB21,22.986150028020173,100.0,10.0,run0016_150856_18753,10.0,69.16828252709143,4,18,1,0.062299735302312614,9.9912109375,1431,68.96498107776871,ok,spline/cr-first/cr,15653.0
pfpl,1,10.0,68.65735659154826,1,176.85247921157992,1390898,6.605689274123624,CXIDB21,162.9049645390071,100.0,10.0,run0016_150856_18753,10.0,68.65777941031476,4,18,1,0.062299735302312614,10.0,1431,69.39529758103686,ok,,15653.0
cuszp3,1,10.0,68.65735659154826,1,134.48244,1646848,5.5790455464013675,CXIDB21,129.33334,100.0,10.0,run0016_150856_18753,10.0,68.65777941031476,4,18,1,0.062299735302312614,10.0,1431,69.39529758103686,ok,,15653.0
roibin_b1,1,100.0,44.62161576193695,1,90.918301,610928,15.039153550009166,CXIDB21,92.291869,100.0,10.0,run0016_150902_18ff3,100.0,44.62418816881288,4,18,1,0.05981819448314294,10.0,1374,64.58047230271993,ok,,9386.0
roibin_b2,n/a,2944.0,40.671708484127485,2,113.57595,148368,61.92602178367303,CXIDB21,100.35652,100.0,10.0,run0016_150902_18ff3,2944.0,40.67429656442657,4,18,1,0.05981819448314294,10.0,1374,64.58047230271993,ok,,9386.0
cuszhi,1,10.0,64.85789105652252,1,26.680218021947386,1045358,8.789180357351261,CXIDB21,24.327049353950436,100.0,10.0,run0016_150902_18ff3,10.0,64.85765255444926,4,18,1,0.05981819448314294,9.988739013671875,1374,64.47642333517068,ok,spline/cr-first/cr,9386.0
pfpl,1,10.0,64.21773520433183,1,177.67326732673268,1158379,7.9316355009888815,CXIDB21,163.46142897808141,100.0,10.0,run0016_150902_18ff3,10.0,64.21794337764725,4,18,1,0.05981819448314294,10.0,1374,64.58047230271993,ok,,9386.0
cuszp3,1,10.0,64.21773520433183,1,137.24665,1351856,6.796463528659857,CXIDB21,137.31228,100.0,10.0,run0016_150902_18ff3,10.0,64.21794337764725,4,18,1,0.05981819448314294,10.0,1374,64.58047230271993,ok,,9386.0
roibin_b1,1,100.0,44.068173609001626,1,85.477822,575632,15.961308613836618,CXIDB21,87.938746,100.0,10.0,run0016_150903_190a7,100.0,44.07105621576537,4,19,1,0.0670016021175815,10.0,1539,64.20556505545687,ok,,8842.0
roibin_b2,n/a,1317.0,40.65851866917075,2,120.48678,134880,68.11862396204033,CXIDB21,103.54129,100.0,10.0,run0016_150903_190a7,1317.0,40.661416620686666,4,19,1,0.0670016021175815,10.0,1539,64.20556505545687,ok,,8842.0
cuszhi,1,10.0,64.34671427236894,1,27.403115861305846,1059056,8.67549969029022,CXIDB21,23.734810283541375,100.0,10.0,run0016_150903_190a7,10.0,64.34617597642112,4,19,1,0.0670016021175815,9.9951171875,1539,63.60952015528876,ok,spline/cr-first/cr,8842.0
pfpl,1,10.0,63.49365848296095,1,174.64720194647205,1125290,8.164864168347714,CXIDB21,162.3522759400622,100.0,10.0,run0016_150903_190a7,10.0,63.494098450859845,4,19,1,0.0670016021175815,10.0,1539,64.20556505545687,ok,,8842.0
cuszp3,1,10.0,63.49365848296095,1,138.97387,1302192,7.055672281814049,CXIDB21,135.56185,100.0,10.0,run0016_150903_190a7,10.0,63.494098450859845,4,19,1,0.0670016021175815,10.0,1539,64.20556505545687,ok,,8842.0
roibin_b1,1,100.0,45.0521110884915,1,85.96407,801376,11.465080062292856,CXIDB21,93.433124,100.0,10.0,run0016_150904_1924b,100.0,45.054440390679986,4,17,1,0.05411500417943717,10.0,1243,65.43730836499789,ok,,9685.0
roibin_b2,n/a,3678.0,38.24120418431422,2,106.10495,202464,45.380116959064324,CXIDB21,104.67372,100.0,10.0,run0016_150904_1924b,3678.0,38.243550520587114,4,17,1,0.05411500417943717,10.0,1243,65.43730836499789,ok,,9685.0
cuszhi,1,10.0,65.00671855359175,1,26.355829980708965,1231508,7.460641749789689,CXIDB21,23.790860504619463,100.0,10.0,run0016_150904_1924b,10.0,65.00639013543764,4,17,1,0.05411500417943717,9.994140625,1243,64.43863510948209,ok,spline/cr-first/cr,9685.0
pfpl,1,10.0,64.62944810572131,1,176.36363636363637,1345935,6.826362342906604,CXIDB21,162.4900962082626,100.0,10.0,run0016_150904_1924b,10.0,64.62984704504053,4,17,1,0.05411500417943717,10.0,1243,65.43730836499789,ok,,9685.0
cuszp3,1,10.0,64.62944810572131,1,136.33428,1634176,5.622307511553223,CXIDB21,136.33428,100.0,10.0,run0016_150904_1924b,10.0,64.62984704504053,4,17,1,0.05411500417943717,10.0,1243,65.43730836499789,ok,,9685.0
roibin_b1,1,100.0,45.30487198534227,1,85.249405,645248,14.239238246379687,CXIDB21,89.893547,100.0,10.0,run0016_150906_1945b,100.0,45.30854433904266,4,25,1,0.08541724714405126,10.0,1962,65.1073441518202,ok,,10016.0
roibin_b2,n/a,6168.0,40.484345424363,2,120.74012,160464,57.25795193937581,CXIDB21,107.09437,100.0,10.0,run0016_150906_1945b,6168.0,40.48804382788803,4,25,1,0.08541724714405126,10.0,1962,65.1073441518202,ok,,10016.0
cuszhi,1,10.0,65.40291246751988,1,26.36418677922622,1098954,8.360531923993179,CXIDB21,23.642951251646906,100.0,10.0,run0016_150906_1945b,10.0,65.40236153905667,4,25,1,0.08541724714405126,9.993896484375,1962,64.80151658421454,ok,spline/cr-first/cr,10016.0
pfpl,1,10.0,64.74452551711099,1,177.89343246592318,1220643,7.52704926829548,CXIDB21,162.76643990929705,100.0,10.0,run0016_150906_1945b,10.0,64.7448228448148,4,25,1,0.08541724714405126,10.0,1962,65.1073441518202,ok,,10016.0
cuszp3,1,10.0,64.74452551711099,1,134.54546,1413008,6.502326950732055,CXIDB21,130.39055,100.0,10.0,run0016_150906_1945b,10.0,64.7448228448148,4,25,1,0.08541724714405126,10.0,1962,65.1073441518202,ok,,10016.0
roibin_b1,1,100.0,39.031915620464,1,87.058824,667152,13.771734177518766,CXIDB21,90.062734,100.0,10.0,run0016_150917_1a41b,100.0,39.0342923685254,4,16,1,0.05524693507940931,10.0,1269,59.16934298976608,ok,,4840.0
roibin_b2,n/a,1654.0,33.8020595991961,2,117.04851,166096,55.316443502552744,CXIDB21,106.53803,100.0,10.0,run0016_150917_1a41b,1654.0,33.80445263016969,4,16,1,0.05524693507940931,10.0,1269,59.16934298976608,ok,,4840.0
cuszhi,1,10.0,59.05936094696669,1,26.49243101409994,1130583,8.126639087974965,CXIDB21,23.58953292527626,100.0,10.0,run0016_150917_1a41b,10.0,59.059009567605635,4,16,1,0.05524693507940931,9.9998779296875,1269,58.46579450696077,ok,spline/cr-first/cr,4840.0
pfpl,1,10.0,58.744730753306285,1,177.34403953057443,1224093,7.505834932476536,CXIDB21,163.18272236430803,100.0,10.0,run0016_150917_1a41b,10.0,58.74495424131269,4,16,1,0.05524693507940931,10.0,1269,59.16934298976608,ok,,4840.0
cuszp3,1,10.0,58.744730753306285,1,135.3701,1453056,6.323114869626497,CXIDB21,132.61894,100.0,10.0,run0016_150917_1a41b,10.0,58.74495424131269,4,16,1,0.05524693507940931,10.0,1269,59.16934298976608,ok,,4840.0
roibin_b1,1,100.0,45.093683317274966,1,88.535306,597424,15.379094244623584,CXIDB21,90.147566,100.0,10.0,run0016_150917_1a50b,100.0,45.096358997122074,4,18,1,0.062256199498467536,10.0,1430,64.80488278486852,ok,,9910.0
roibin_b2,n/a,6251.0,41.29449058447065,2,115.54124,143792,63.89673973517303,CXIDB21,104.10442,100.0,10.0,run0016_150917_1a50b,6251.0,41.29718312299536,4,18,1,0.062256199498467536,10.0,1430,64.80488278486852,ok,,9910.0
cuszhi,1,10.0,65.35557878258521,1,27.021270651206905,1029814,8.92184413884449,CXIDB21,24.341486159976263,100.0,10.0,run0016_150917_1a50b,10.0,65.35516159716812,4,18,1,0.062256199498467536,9.9833984375,1430,64.73236891924013,ok,spline/cr-first/cr,9910.0
pfpl,1,10.0,64.5585358399841,1,177.72825750541628,1152498,7.972109279148424,CXIDB21,161.94021432600113,100.0,10.0,run0016_150917_1a50b,10.0,64.55868494014618,4,18,1,0.062256199498467536,10.0,1430,64.80488278486852,ok,,9910.0
cuszp3,1,10.0,64.5585358399841,1,137.64142,1328416,6.916387637607497,CXIDB21,132.49654,100.0,10.0,run0016_150917_1a50b,10.0,64.55868494014618,4,18,1,0.062256199498467536,10.0,1430,64.80488278486852,ok,,9910.0
roibin_b1,1,100.0,49.704707336470584,1,85.733057,742144,12.380131079682648,CXIDB21,88.864131,100.0,10.0,run0016_150917_1a517,100.0,49.70686349760379,4,15,1,0.05015324602953469,10.0,1152,69.56336489806806,ok,,15827.0
roibin_b2,n/a,2440.0,42.50262406786195,2,117.09625,186400,49.29098712446352,CXIDB21,108.10241,100.0,10.0,run0016_150917_1a517,2440.0,42.50479845432051,4,15,1,0.05015324602953469,10.0,1152,69.56336489806806,ok,,15827.0
cuszhi,1,10.0,69.2973355809373,1,26.245722284114606,1214993,7.562051797829288,CXIDB21,23.27591098861011,100.0,10.0,run0016_150917_1a517,10.0,69.29718601176685,4,15,1,0.05015324602953469,9.9925537109375,1152,69.00889994276005,ok,spline/cr-first/cr,15827.0
pfpl,1,10.0,68.98021695981751,1,177.89343246592315,1312548,7.000003047507596,CXIDB21,162.3522759400622,100.0,10.0,run0016_150917_1a517,10.0,68.98049065067383,4,15,1,0.05015324602953469,10.0,1152,69.56336489806806,ok,,15827.0
cuszp3,1,10.0,68.98021695981751,1,136.20493,1559184,5.892723373251649,CXIDB21,134.23095,100.0,10.0,run0016_150917_1a517,10.0,68.98049065067383,4,15,1,0.05015324602953469,10.0,1152,69.56336489806806,ok,,15827.0
roibin_b1,1,100.0,49.49132305002671,1,88.371805,698912,13.1459182271874,CXIDB21,91.265099,100.0,10.0,run0016_150918_1a59b,100.0,49.495509865627405,4,28,1,0.09747666480913904,10.0,2239,68.89541598804307,ok,,15676.0
roibin_b2,n/a,10854.0,43.295204342027134,2,119.6832,175280,52.41807393884071,CXIDB21,105.48126,100.0,10.0,run0016_150918_1a59b,10854.0,43.29942809397345,4,28,1,0.09747666480913904,10.0,2239,68.89541598804307,ok,,15676.0
cuszhi,1,10.0,69.26774708397977,1,26.365094623871904,1171420,7.843335439039798,CXIDB21,23.390631364562118,100.0,10.0,run0016_150918_1a59b,10.0,69.26723963938716,4,28,1,0.09747666480913904,9.98876953125,2239,68.77605115049393,ok,spline/cr-first/cr,15676.0
pfpl,1,10.0,69.02939713171205,1,175.82363747703616,1264754,7.264527331006662,CXIDB21,161.94021432600113,100.0,10.0,run0016_150918_1a59b,10.0,69.02926449798012,4,28,1,0.09747666480913904,10.0,2239,68.89541598804307,ok,,15676.0
cuszp3,1,10.0,69.02939713171205,1,137.57546,1501392,6.119547726376589,CXIDB21,134.29373,100.0,10.0,run0016_150918_1a59b,10.0,69.02926449798012,4,28,1,0.09747666480913904,10.0,2239,68.89541598804307,ok,,15676.0
roibin_b1,1,100.0,44.34701740719495,1,86.612366,623808,14.72863445162614,CXIDB21,89.949872,100.0,10.0,run0016_150923_1ac97,100.0,44.34985873429855,4,19,1,0.06613088604067985,10.0,1519,63.927906884364,ok,,9061.0
roibin_b2,n/a,4959.0,40.15911357473993,2,123.91886,152208,60.36371281404394,CXIDB21,110.47326,100.0,10.0,run0016_150923_1ac97,4959.0,40.161974485788235,4,19,1,0.06613088604067985,10.0,1519,63.927906884364,ok,,9061.0
cuszhi,1,10.0,64.54799076968841,1,26.560438480351063,1062946,8.643750482150551,CXIDB21,23.787903893951945,100.0,10.0,run0016_150923_1ac97,10.0,64.54747682380933,4,19,1,0.06613088604067985,9.997314453125,1519,63.83300239953546,ok,spline/cr-first/cr,9061.0
pfpl,1,10.0,63.954720032927106,1,177.23456790123456,1169217,7.858113592258751,CXIDB21,164.35031482541498,100.0,10.0,run0016_150923_1ac97,10.0,63.954702246340396,4,19,1,0.06613088604067985,10.0,1519,63.927906884364,ok,,9061.0
cuszp3,1,10.0,63.954720032927106,1,137.50957,1378944,6.66295368049754,CXIDB21,133.73078,100.0,10.0,run0016_150923_1ac97,10.0,63.954702246340396,4,19,1,0.06613088604067985,10.0,1519,63.927906884364,ok,,9061.0
roibin_b1,1,100.0,49.66611844721484,1,84.621279,729200,12.599890290729567,CXIDB21,92.321545,100.0,10.0,run0016_150924_1ae23,100.0,49.66846048003864,4,17,1,0.05446329061019783,10.0,1251,69.61934660677194,ok,,15832.0
roibin_b2,n/a,10854.0,42.748951794683194,2,112.86163,182640,50.30573806395094,CXIDB21,106.41957,100.0,10.0,run0016_150924_1ae23,10854.0,42.75131288466319,4,17,1,0.05446329061019783,10.0,1251,69.61934660677194,ok,,15832.0
cuszhi,1,10.0,69.29453454244059,1,26.47975652494697,1204343,7.628922989546997,CXIDB21,23.325074129737192,100.0,10.0,run0016_150924_1ae23,10.0,69.2943157611469,4,17,1,0.05446329061019783,9.990966796875,1251,68.91032753357943,ok,spline/cr-first/cr,15832.0
pfpl,1,10.0,68.9666176729142,1,177.45364647713225,1298821,7.07398479082183,CXIDB21,162.67422096317281,100.0,10.0,run0016_150924_1ae23,10.0,68.96694775768215,4,17,1,0.05446329061019783,10.0,1251,69.61934660677194,ok,,15832.0
cuszp3,1,10.0,68.9666176729142,1,135.81835,1545584,5.944574995600369,CXIDB21,133.42007,100.0,10.0,run0016_150924_1ae23,10.0,68.96694775768215,4,17,1,0.05446329061019783,10.0,1251,69.61934660677194,ok,,15832.0
roibin_b1,1,100.0,41.047806682871446,1,93.70757,532624,17.250142689777405,CXIDB21,89.612985,100.0,10.0,run0016_150924_1ae6b,100.0,41.05248016517864,4,31,1,0.1088395096127055,10.0,2500,60.32163376445987,ok,,6070.0
roibin_b2,n/a,2722.0,38.019354911102525,2,109.75536,123024,74.68331382494473,CXIDB21,106.14417,100.0,10.0,run0016_150924_1ae6b,2722.0,38.024056475831806,4,31,1,0.1088395096127055,10.0,2500,60.32163376445987,ok,,6070.0
cuszhi,1,10.0,61.12563785975224,1,27.325203239942837,998696,9.19983658690933,CXIDB21,24.61696746259699,100.0,10.0,run0016_150924_1ae6b,10.0,61.124860223250394,4,31,1,0.1088395096127055,9.985504150390625,2500,60.46413170596475,ok,spline/cr-first/cr,6070.0
pfpl,1,10.0,60.425076064162205,1,175.87748851454825,1059050,8.675548840942353,CXIDB21,161.43941523755973,100.0,10.0,run0016_150924_1ae6b,10.0,60.42496212804175,4,31,1,0.1088395096127055,10.0,2500,60.32163376445987,ok,,6070.0
cuszp3,1,10.0,60.425076064162205,1,139.58191,1227792,7.483221913809505,CXIDB21,135.88263,100.0,10.0,run0016_150924_1ae6b,10.0,60.42496212804175,4,31,1,0.1088395096127055,10.0,2500,60.32163376445987,ok,,6070.0
roibin_b1,1,100.0,44.51855237788381,1,87.884911,668640,13.741086384302465,CXIDB21,89.585025,100.0,10.0,run0016_150925_1af97,100.0,44.52138402208332,4,19,1,0.06582613541376428,10.0,1512,64.5977278595009,ok,,9081.0
roibin_b2,n/a,2485.0,39.18357332706852,2,113.6209,166848,55.06712696586114,CXIDB21,108.46997,100.0,10.0,run0016_150925_1af97,2485.0,39.18642483770973,4,19,1,0.06582613541376428,10.0,1512,64.5977278595009,ok,,9081.0
cuszhi,1,10.0,64.51056120135989,1,26.712952867738345,1135630,8.090522441288096,CXIDB21,23.704437564499482,100.0,10.0,run0016_150925_1af97,10.0,64.50999790031861,4,19,1,0.06582613541376428,9.9974365234375,1512,63.72942247199437,ok,spline/cr-first/cr,9081.0
pfpl,1,10.0,64.06498988110444,1,177.01602959309494,1240386,7.407242584163317,CXIDB21,163.04372515616126,100.0,10.0,run0016_150925_1af97,10.0,64.06531991905071,4,19,1,0.06582613541376428,10.0,1512,64.5977278595009,ok,,9081.0
cuszp3,1,10.0,64.06498988110444,1,132.80296,1453232,6.322349081220342,CXIDB21,133.17255,100.0,10.0,run0016_150925_1af97,10.0,64.06531991905071,4,19,1,0.06582613541376428,10.0,1512,64.5977278595009,ok,,9081.0
roibin_b1,1,100.0,49.42014979673645,1,86.48193,640064,14.354564543545646,CXIDB21,92.798964,100.0,10.0,run0016_150927_1b1fb,100.0,49.42258747519313,4,17,1,0.05668361660629702,10.0,1302,69.39791572700885,ok,,16121.0
roibin_b2,n/a,3443.0,44.72200089168511,2,113.39653,158384,58.00989998989797,CXIDB21,109.54598,100.0,10.0,run0016_150927_1b1fb,3443.0,44.72445493524685,4,17,1,0.05668361660629702,10.0,1302,69.39791572700885,ok,,16121.0
cuszhi,1,10.0,69.52312211112326,1,26.495754347666225,1091461,8.417927896644956,CXIDB21,23.830352326015685,100.0,10.0,run0016_150927_1b1fb,10.0,69.52288066228874,4,17,1,0.05668361660629702,9.9732666015625,1302,69.11676901766924,ok,spline/cr-first/cr,16121.0
pfpl,1,10.0,69.0179345430079,1,177.78328173374612,1193137,7.700574200615688,CXIDB21,161.16755543081672,100.0,10.0,run0016_150927_1b1fb,10.0,69.01814078135176,4,17,1,0.05668361660629702,10.0,1302,69.39791572700885,ok,,16121.0
cuszp3,1,10.0,69.0179345430079,1,134.79813,1408080,6.5250838020567015,CXIDB21,131.88792,100.0,10.0,run0016_150927_1b1fb,10.0,69.01814078135176,4,17,1,0.05668361660629702,10.0,1302,69.39791572700885,ok,,16121.0
roibin_b1,1,100.0,44.77198674164489,1,87.670228,652816,14.074164848900763,CXIDB21,88.290281,100.0,10.0,run0016_150927_1b30f,100.0,44.77535492893458,4,23,1,0.07832091111730287,10.0,1799,64.70382126903768,ok,,9417.0
roibin_b2,n/a,1661.0,39.82915778923233,2,115.58776,162560,56.51968503937008,CXIDB21,101.99645,100.0,10.0,run0016_150927_1b30f,1661.0,39.83254947600767,4,23,1,0.07832091111730287,10.0,1799,64.70382126903768,ok,,9417.0
cuszhi,1,10.0,64.86803444731859,1,26.56470054197212,1109091,8.284117353760873,CXIDB21,23.562430757867958,100.0,10.0,run0016_150927_1b30f,10.0,64.86749476236517,4,23,1,0.07832091111730287,9.98626708984375,1799,64.22842253894183,ok,spline/cr-first/cr,9417.0
pfpl,1,10.0,64.57277588673236,1,177.2892868169188,1200662,7.652311807985928,CXIDB21,162.21468926553672,100.0,10.0,run0016_150927_1b30f,10.0,64.57287699082012,4,23,1,0.07832091111730287,10.0,1799,64.70382126903768,ok,,9417.0
cuszp3,1,10.0,64.57277588673236,1,129.91855,1428048,6.433845360940248,CXIDB21,117.57576,100.0,10.0,run0016_150927_1b30f,10.0,64.57287699082012,4,23,1,0.07832091111730287,10.0,1799,64.70382126903768,ok,,9417.0
roibin_b1,1,100.0,44.37569380214508,1,85.835573,638432,14.391258583529648,CXIDB21,88.974282,100.0,10.0,run0016_150929_1b507,100.0,44.37837230434068,4,19,1,0.062299735302312614,10.0,1431,64.23198024187391,ok,,9038.0
roibin_b2,n/a,2357.0,39.79088341194283,2,114.027,157984,58.15677536965769,CXIDB21,101.3484,100.0,10.0,run0016_150929_1b507,2357.0,39.79358016109335,4,19,1,0.062299735302312614,10.0,1431,64.23198024187391,ok,,9038.0
cuszhi,1,10.0,64.508514933282,1,26.716021023094868,1088685,8.439392478081356,CXIDB21,23.87890884896873,100.0,10.0,run0016_150929_1b507,10.0,64.50821622361852,4,19,1,0.062299735302312614,9.99462890625,1431,64.05369592143738,ok,spline/cr-first/cr,9038.0
pfpl,1,10.0,63.99292171864722,1,178.61275272161743,1188427,7.731093285494187,CXIDB21,161.94021432600113,100.0,10.0,run0016_150929_1b507,10.0,63.99306662905583,4,19,1,0.062299735302312614,10.0,1431,64.23198024187391,ok,,9038.0
cuszp3,1,10.0,63.99292171864722,1,135.94697,1406240,6.533621572420071,CXIDB21,132.9875,100.0,10.0,run0016_150929_1b507,10.0,63.99306662905583,4,19,1,0.062299735302312614,10.0,1431,64.23198024187391,ok,,9038.0
roibin_b1,1,100.0,49.84544105830436,1,89.11235,743808,12.352435036998795,CXIDB21,88.919173,100.0,10.0,run0016_150930_1b6cf,100.0,49.847543850297605,4,15,1,0.04893424352187238,10.0,1124,69.52026371076273,ok,,16121.0
roibin_b2,n/a,2481.0,42.633027668213984,2,114.98599,186848,49.17280356225381,CXIDB21,102.94729,100.0,10.0,run0016_150930_1b6cf,2481.0,42.635149021574506,4,15,1,0.04893424352187238,10.0,1124,69.52026371076273,ok,,16121.0
cuszhi,1,10.0,69.45374102550053,1,26.18065766227845,1214549,7.564816240431633,CXIDB21,23.27025165133525,100.0,10.0,run0016_150930_1b6cf,10.0,69.45353442745842,4,15,1,0.04893424352187238,9.9976806640625,1124,69.05081829356467,ok,spline/cr-first/cr,16121.0
pfpl,1,10.0,69.00992538085157,1,169.79302188054405,1315878,6.9822886316208645,CXIDB21,162.72031737035988,100.0,10.0,run0016_150930_1b6cf,10.0,69.01016100281825,4,15,1,0.04893424352187238,10.0,1124,69.52026371076273,ok,,16121.0
cuszp3,1,10.0,69.00992538085157,1,137.05013,1562576,5.8799316001269695,CXIDB21,135.30631,100.0,10.0,run0016_150930_1b6cf,10.0,69.01016100281825,4,15,1,0.04893424352187238,10.0,1124,69.52026371076273,ok,,16121.0
roibin_b1,1,100.0,42.55710975593009,1,72.615076,781472,11.757094304082552,CXIDB21,71.316444,100.0,10.0,run0016_150938_1c1d3,100.0,42.56062309509435,4,24,1,0.08176023962106437,10.0,1878,62.16270448396356,ok,,7020.0
roibin_b2,n/a,2833.0,34.70602743373601,2,120.84175,197312,46.56503405773597,CXIDB21,103.05815,100.0,10.0,run0016_150938_1c1d3,2833.0,34.70957330535476,4,24,1,0.08176023962106437,10.0,1878,62.16270448396356,ok,,7020.0
cuszhi,1,10.0,62.22955297302775,1,26.254909665021184,1247746,7.363549953275747,CXIDB21,22.758402029169307,100.0,10.0,run0016_150938_1c1d3,10.0,62.22917611104973,4,24,1,0.08176023962106437,9.997802734375,1878,61.79145620466967,ok,spline/cr-first/cr,7020.0
pfpl,1,10.0,61.8716260385657,1,176.47203441917642,1351500,6.798253792082871,CXIDB21,158.4984819210599,100.0,10.0,run0016_150938_1c1d3,10.0,61.87185623101519,4,24,1,0.08176023962106437,10.0,1878,62.16270448396356,ok,,7020.0
cuszp3,1,10.0,61.8716260385657,1,137.44375,1611584,5.7011238632302135,CXIDB21,135.94697,100.0,10.0,run0016_150938_1c1d3,10.0,61.87185623101519,4,24,1,0.08176023962106437,10.0,1878,62.16270448396356,ok,,7020.0
roibin_b1,1,100.0,49.53423979169718,1,89.1677,703632,13.05773472496987,CXIDB21,88.644644,100.0,10.0,run0016_150943_1c8b7,100.0,49.53690855320926,4,19,1,0.06216912789077738,10.0,1428,68.79236669593304,ok,,15661.0
roibin_b2,n/a,10854.0,43.15063755932047,2,118.20502,175920,52.22737608003638,CXIDB21,107.53558,100.0,10.0,run0016_150943_1c8b7,10854.0,43.15333100005833,4,19,1,0.06216912789077738,10.0,1428,68.79236669593304,ok,,15661.0
cuszhi,1,10.0,69.21310182384389,1,26.37610721724065,1179358,7.7905436686739735,CXIDB21,23.213809273557825,100.0,10.0,run0016_150943_1c8b7,10.0,69.21281418071469,4,19,1,0.06216912789077738,9.9990234375,1428,68.77343391231744,ok,spline/cr-first/cr,15661.0
pfpl,1,10.0,68.80534130270864,1,178.77957658779576,1280037,7.177792516935058,CXIDB21,160.8966096945923,100.0,10.0,run0016_150943_1c8b7,10.0,68.80533322445532,4,19,1,0.06216912789077738,10.0,1428,68.79236669593304,ok,,15661.0
cuszp3,1,10.0,68.80534130270864,1,138.10486,1503616,6.110496296926875,CXIDB21,135.3701,100.0,10.0,run0016_150943_1c8b7,10.0,68.80533322445532,4,19,1,0.06216912789077738,10.0,1428,68.79236669593304,ok,,15661.0
roibin_b1,1,100.0,49.67099781055332,1,86.769415,766048,11.993817619783616,CXIDB21,85.300059,100.0,10.0,run0016_150959_1dfeb,100.0,49.67315485465141,4,15,1,0.05015324602953469,10.0,1152,69.70341688645884,ok,,15842.0
roibin_b2,n/a,2677.0,42.07948951804001,2,117.57576,192352,47.76576276825819,CXIDB21,101.8156,100.0,10.0,run0016_150959_1dfeb,2677.0,42.08166442598094,4,15,1,0.05015324602953469,10.0,1152,69.70341688645884,ok,,15842.0
cuszhi,1,10.0,69.31056914414648,1,26.126645917782664,1234580,7.442077467640817,CXIDB21,22.81627463445645,100.0,10.0,run0016_150959_1dfeb,10.0,69.31038383305281,4,15,1,0.05015324602953469,9.992141723632812,1152,68.95595167813289,ok,spline/cr-first/cr,15842.0
pfpl,1,10.0,69.09880424206443,1,176.79802955665025,1335278,6.880844288605069,CXIDB21,161.48481439820023,100.0,10.0,run0016_150959_1dfeb,10.0,69.09908732289163,4,15,1,0.05015324602953469,10.0,1152,69.70341688645884,ok,,15842.0
cuszp3,1,10.0,69.09880424206443,1,133.91791,1589056,5.781948527931048,CXIDB21,134.10556,100.0,10.0,run0016_150959_1dfeb,10.0,69.09908732289163,4,15,1,0.05015324602953469,10.0,1152,69.70341688645884,ok,,15842.0
roibin_b1,1,100.0,44.27882418931757,1,91.004753,676288,13.585691303113466,CXIDB21,89.921701,100.0,10.0,run0016_150959_1e01b,100.0,44.280923597978514,4,15,1,0.048847171914182225,10.0,1122,64.02238459737688,ok,,8708.0
roibin_b2,n/a,1859.0,38.61197480168278,2,109.75536,168672,54.471637260481884,CXIDB21,101.42,100.0,10.0,run0016_150959_1e01b,1859.0,38.61409061916473,4,15,1,0.048847171914182225,10.0,1122,64.02238459737688,ok,,8708.0
cuszhi,1,10.0,64.13107137597038,1,26.469801055295708,1147223,8.008765514638393,CXIDB21,23.290071382219338,100.0,10.0,run0016_150959_1e01b,10.0,64.13095345301394,4,15,1,0.048847171914182225,9.98419189453125,1122,63.89612721012326,ok,spline/cr-first/cr,8708.0
pfpl,1,10.0,63.60949114979984,1,178.16940738442446,1257685,7.305358654989127,CXIDB21,161.98589562764457,100.0,10.0,run0016_150959_1e01b,10.0,63.609683550173884,4,15,1,0.048847171914182225,10.0,1122,64.02238459737688,ok,,8708.0
cuszp3,1,10.0,63.60949114979984,1,138.63834,1466816,6.26379859505214,CXIDB21,135.88263,100.0,10.0,run0016_150959_1e01b,10.0,63.609683550173884,4,15,1,0.048847171914182225,10.0,1122,64.02238459737688,ok,,8708.0
roibin_b1,1,100.0,49.53743345651371,1,87.509904,737840,12.452347392388594,CXIDB21,89.725002,100.0,10.0,run0016_151000_1e0db,100.0,49.539597042518025,4,15,1,0.05032738924491502,10.0,1156,69.38386929005937,ok,,15603.0
roibin_b2,n/a,10854.0,42.42912930651248,2,114.11764,185120,49.63180639585134,CXIDB21,108.34717,100.0,10.0,run0016_151000_1e0db,10854.0,42.43131113851226,4,15,1,0.05032738924491502,10.0,1156,69.38386929005937,ok,,15603.0
cuszhi,1,10.0,69.19643619096257,1,26.087218232977566,1209687,7.595220912517039,CXIDB21,23.36968907699821,100.0,10.0,run0016_151000_1e0db,10.0,69.19605510897865,4,15,1,0.05032738924491502,9.98382568359375,1156,68.49842086973375,ok,spline/cr-first/cr,15603.0
pfpl,1,10.0,68.88333404064268,1,178.83525381501087,1307793,7.025454334133919,CXIDB21,163.27551890816036,100.0,10.0,run0016_151000_1e0db,10.0,68.88357197904624,4,15,1,0.05032738924491502,10.0,1156,69.38386929005937,ok,,15603.0
cuszp3,1,10.0,68.88333404064268,1,134.98825,1558256,5.896232711441509,CXIDB21,125.87462,100.0,10.0,run0016_151000_1e0db,10.0,68.88357197904624,4,15,1,0.05032738924491502,10.0,1156,69.38386929005937,ok,,15603.0
roibin_b1,1,100.0,45.08227655972427,1,87.138089,675280,13.605970856533586,CXIDB21,90.119271,100.0,10.0,run0016_151000_1e1a7,100.0,45.084434178839814,4,15,1,0.05015324602953469,10.0,1152,65.23171179034702,ok,,9566.0
roibin_b2,n/a,1943.0,39.46376566089401,2,115.07816,168336,54.58036308335709,CXIDB21,110.94282,100.0,10.0,run0016_151000_1e1a7,1943.0,39.46593856068482,4,15,1,0.05015324602953469,10.0,1152,65.23171179034702,ok,,9566.0
cuszhi,1,10.0,64.99627438951654,1,26.282886362011016,1142641,8.040880731568357,CXIDB21,23.582751540041066,100.0,10.0,run0016_151000_1e1a7,10.0,64.99603343858863,4,15,1,0.05015324602953469,9.9866943359375,1152,64.54059594483508,ok,spline/cr-first/cr,9566.0
pfpl,1,10.0,64.48614301089992,1,179.2259675405743,1249831,7.351265891148484,CXIDB21,161.43941523755973,100.0,10.0,run0016_151000_1e1a7,10.0,64.48648661527173,4,15,1,0.05015324602953469,10.0,1152,65.23171179034702,ok,,9566.0
cuszp3,1,10.0,64.48614301089992,1,136.20493,1468272,6.257587150064838,CXIDB21,134.92482,100.0,10.0,run0016_151000_1e1a7,10.0,64.48648661527173,4,15,1,0.05015324602953469,10.0,1152,65.23171179034702,ok,,9566.0
roibin_b1,1,100.0,41.0797588019441,1,80.515986,664608,13.8244499012952,CXIDB21,89.001863,100.0,10.0,run0016_151003_1e4ef,100.0,41.08194436749583,4,15,1,0.05080628308721093,10.0,1167,61.197822083128294,ok,,6117.0
roibin_b2,n/a,1705.0,35.82470402305057,2,117.38348,165584,55.48748671369214,CXIDB21,100.85002,100.0,10.0,run0016_151003_1e4ef,1705.0,35.8269046662522,4,15,1,0.05080628308721093,10.0,1167,61.197822083128294,ok,,6117.0
cuszhi,1,10.0,61.10295042800331,1,26.835604235122307,1127606,8.148094281158489,CXIDB21,23.930655109184865,100.0,10.0,run0016_151003_1e4ef,10.0,61.10265209605599,4,15,1,0.05080628308721093,9.9832763671875,1167,60.5521834253673,ok,spline/cr-first/cr,6117.0
pfpl,1,10.0,60.76716316383651,1,177.67326732673268,1232442,7.4549877397881605,CXIDB21,162.49009620826257,100.0,10.0,run0016_151003_1e4ef,10.0,60.76737147198743,4,15,1,0.05080628308721093,10.0,1167,61.197822083128294,ok,,6117.0
cuszp3,1,10.0,60.76716316383651,1,137.18107,1449520,6.338539654506319,CXIDB21,136.91942,100.0,10.0,run0016_151003_1e4ef,10.0,60.76737147198743,4,15,1,0.05080628308721093,10.0,1167,61.197822083128294,ok,,6117.0
roibin_b1,1,100.0,44.495153323940684,1,88.344614,365424,25.1429572222952,CXIDB21,91.062479,100.0,10.0,run0016_151005_1e837,100.0,44.49757222068539,4,16,1,0.05642240178322653,10.0,1296,63.31292948374108,ok,,8323.0
roibin_b2,n/a,1399.0,42.74065433493331,2,116.14887,79616,115.40192926045016,CXIDB21,105.17216,100.0,10.0,run0016_151005_1e837,1399.0,42.743083929463026,4,16,1,0.05642240178322653,10.0,1296,63.31292948374108,ok,,8323.0
cuszhi,1,10.0,63.951335606919,1,27.79960817240414,791029,11.615048247282969,CXIDB21,26.29424424195247,100.0,10.0,run0016_151005_1e837,10.0,63.95084667886272,4,16,1,0.05642240178322653,9.991607666015625,1296,63.16118234340128,ok,spline/cr-first/cr,8323.0
pfpl,1,10.0,62.91480437452819,1,178.83525381501087,894234,10.274536642534281,CXIDB21,162.1688788477831,100.0,10.0,run0016_151005_1e837,10.0,62.91501902293745,4,16,1,0.05642240178322653,10.0,1296,63.31292948374108,ok,,8323.0
cuszp3,1,10.0,62.91480437452819,1,140.53843,1045616,8.787011675414302,CXIDB21,128.75336,100.0,10.0,run0016_151005_1e837,10.0,62.91501902293745,4,16,1,0.05642240178322653,10.0,1296,63.31292948374108,ok,,8323.0
roibin_b1,1,100.0,49.65962485566973,1,87.456592,711520,12.912975039352373,CXIDB21,89.8373,100.0,10.0,run0016_151005_1e873,100.0,49.66434599365404,4,32,1,0.10992790470883256,10.0,2525,69.00284367107216,ok,,15897.0
roibin_b2,n/a,10854.0,43.211738487105606,2,120.79092,178960,51.34018775145284,CXIDB21,108.22465,100.0,10.0,run0016_151005_1e873,10854.0,43.216502624553016,4,32,1,0.10992790470883256,10.0,2525,69.00284367107216,ok,,15897.0
cuszhi,1,10.0,69.36033242662651,1,26.578455975411313,1184399,7.757385813395655,CXIDB21,23.271194683092883,100.0,10.0,run0016_151005_1e873,10.0,69.35977361125687,4,32,1,0.10992790470883256,9.998779296875,2525,68.87957213238361,ok,spline/cr-first/cr,15897.0
pfpl,1,10.0,69.13287492025138,1,176.79802955665025,1278854,7.184432312054386,CXIDB21,162.0773355913068,100.0,10.0,run0016_151005_1e873,10.0,69.13272982065178,4,32,1,0.10992790470883256,10.0,2525,69.00284367107216,ok,,15897.0
cuszp3,1,10.0,69.13287492025138,1,135.75413,1519072,6.048324240062354,CXIDB21,134.92482,100.0,10.0,run0016_151005_1e873,10.0,69.13272982065178,4,32,1,0.10992790470883256,10.0,2525,69.00284367107216,ok,,15897.0
roibin_b1,1,100.0,49.69790802475475,1,87.297053,719152,12.775936102520747,CXIDB21,89.223118,100.0,10.0,run0016_151009_1ed0b,100.0,49.70022214575248,4,16,1,0.05385378935636668,10.0,1237,69.35057057092635,ok,,15881.0
roibin_b2,n/a,10854.0,42.94802538841773,2,111.32997,179872,51.0798790250845,CXIDB21,105.40382,100.0,10.0,run0016_151009_1ed0b,10854.0,42.9503595010591,4,16,1,0.05385378935636668,10.0,1237,69.35057057092635,ok,,15881.0
cuszhi,1,10.0,69.35006685432373,1,26.123488803211757,1191747,7.709555803371018,CXIDB21,23.23635333630073,100.0,10.0,run0016_151009_1ed0b,10.0,69.34986058132293,4,16,1,0.05385378935636668,9.997932434082031,1237,68.98299298220668,ok,spline/cr-first/cr,15881.0
pfpl,1,10.0,68.91544390051536,1,176.30948725821307,1294818,7.095854398069845,CXIDB21,162.53608831021793,100.0,10.0,run0016_151009_1ed0b,10.0,68.91566688180416,4,16,1,0.05385378935636668,10.0,1237,69.35057057092635,ok,,15881.0
cuszp3,1,10.0,68.91544390051536,1,134.41948,1526368,6.019413404893184,CXIDB21,133.4821,100.0,10.0,run0016_151009_1ed0b,10.0,68.91566688180416,4,16,1,0.05385378935636668,10.0,1237,69.35057057092635,ok,,15881.0
roibin_b1,1,100.0,49.5159691942593,1,86.37786,751824,12.22073251186448,CXIDB21,87.992647,100.0,10.0,run0016_151012_1f1f7,100.0,49.5187976321802,4,19,1,0.06582613541376428,10.0,1512,69.1257313735006,ok,,15517.0
roibin_b2,n/a,5282.0,42.198716852319194,2,112.15625,189056,48.59851049424509,CXIDB21,102.5795,100.0,10.0,run0016_151012_1f1f7,5282.0,42.20157078185835,4,19,1,0.06582613541376428,10.0,1512,69.1257313735006,ok,,15517.0
cuszhi,1,10.0,69.12950451750552,1,26.247259316182426,1222969,7.512733356282948,CXIDB21,23.13338436127785,100.0,10.0,run0016_151012_1f1f7,10.0,69.12919894271793,4,19,1,0.06582613541376428,10.0,1512,68.6884472760089,ok,spline/cr-first/cr,15517.0
pfpl,1,10.0,68.79181751027245,1,178.33540372670808,1323539,6.941873265540343,CXIDB21,160.31267448352878,100.0,10.0,run0016_151012_1f1f7,10.0,68.79202908055296,4,19,1,0.06582613541376428,10.0,1512,69.1257313735006,ok,,15517.0
cuszp3,1,10.0,68.79181751027245,1,133.3581,1572032,5.844562960550421,CXIDB21,127.83615,100.0,10.0,run0016_151012_1f1f7,10.0,68.79202908055296,4,19,1,0.06582613541376428,10.0,1512,69.1257313735006,ok,,15517.0
roibin_b1,1,100.0,49.65077928658041,1,88.399013,685264,13.407737747787714,CXIDB21,87.91182,100.0,10.0,run0016_151016_1f74f,100.0,49.65536675792518,4,31,1,0.10674979102814156,10.0,2452,69.23359418181384,ok,,16121.0
roibin_b2,n/a,10854.0,43.83257003639002,2,117.38348,172368,53.30362944398032,CXIDB21,104.44525,100.0,10.0,run0016_151016_1f74f,10854.0,43.83719521545099,4,31,1,0.10674979102814156,10.0,2452,69.23359418181384,ok,,16121.0
cuszhi,1,10.0,69.50263846897019,1,26.64439495174462,1153867,7.962650808108734,CXIDB21,23.332656129373046,100.0,10.0,run0016_151016_1f74f,10.0,69.50219238936911,4,31,1,0.10674979102814156,9.99713134765625,2452,69.10364548221712,ok,spline/cr-first/cr,16121.0
pfpl,1,10.0,69.08804276484604,1,177.50850077279753,1248026,7.361897909178174,CXIDB21,153.29418045915642,100.0,10.0,run0016_151016_1f74f,10.0,69.08819556854438,4,31,1,0.10674979102814156,10.0,2452,69.23359418181384,ok,,16121.0
cuszp3,1,10.0,69.08804276484604,1,137.05013,1479824,6.208738336450821,CXIDB21,134.79813,100.0,10.0,run0016_151016_1f74f,10.0,69.08819556854438,4,31,1,0.10674979102814156,10.0,2452,69.23359418181384,ok,,16121.0
roibin_b1,1,100.0,49.61522639155142,1,87.831142,700240,13.120987090140524,CXIDB21,88.891643,100.0,10.0,run0016_151016_1f7af,100.0,49.61728007143558,4,15,1,0.047802312621900246,10.0,1098,69.2018017675458,ok,,15829.0
roibin_b2,n/a,10854.0,43.30386845300167,2,117.09625,174976,52.50914411119239,CXIDB21,102.06897,100.0,10.0,run0016_151016_1f7af,10854.0,43.305939636110246,4,15,1,0.047802312621900246,10.0,1098,69.2018017675458,ok,,15829.0
cuszhi,1,10.0,69.32959849096406,1,26.427241126887775,1174791,7.820829407103051,CXIDB21,23.132452465356106,100.0,10.0,run0016_151016_1f7af,10.0,69.32936280806135,4,15,1,0.047802312621900246,9.9947509765625,1098,68.86258334335169,ok,spline/cr-first/cr,15829.0
pfpl,1,10.0,68.81379464470517,1,177.94855903315775,1284237,7.154318089262341,CXIDB21,161.80332488024794,100.0,10.0,run0016_151016_1f7af,10.0,68.8139720806285,4,15,1,0.047802312621900246,10.0,1098,69.2018017675458,ok,,15829.0
cuszp3,1,10.0,68.81379464470517,1,137.18107,1503472,6.111081549905818,CXIDB21,133.9804,100.0,10.0,run0016_151016_1f7af,10.0,68.8139720806285,4,15,1,0.047802312621900246,10.0,1098,69.2018017675458,ok,,15829.0
roibin_b1,1,100.0,49.82572430805047,1,87.270519,743584,12.35615613030942,CXIDB21,89.893547,100.0,10.0,run0016_151020_1fc8f,100.0,49.827998381160505,4,16,1,0.05289600167177487,10.0,1215,69.67817454709109,ok,,16121.0
roibin_b2,n/a,2430.0,42.64314661361473,2,110.77161,186256,49.32909543853621,CXIDB21,107.09437,100.0,10.0,run0016_151020_1fc8f,2430.0,42.64543991637993,4,16,1,0.05289600167177487,10.0,1215,69.67817454709109,ok,,16121.0
cuszhi,1,10.0,69.48457269277512,1,26.336452027150987,1208176,7.604719842142204,CXIDB21,23.1707218657951,100.0,10.0,run0016_151020_1fc8f,10.0,69.48422197203767,4,16,1,0.05289600167177487,9.99658203125,1215,68.86749879223322,ok,spline/cr-first/cr,16121.0
pfpl,1,10.0,69.29226795420368,1,177.34403953057443,1312238,7.0016567116635855,CXIDB21,162.85876347135564,100.0,10.0,run0016_151020_1fc8f,10.0,69.29246328123534,4,16,1,0.05289600167177487,10.0,1215,69.67817454709109,ok,,16121.0
cuszp3,1,10.0,69.29226795420368,1,134.23095,1563488,5.87650177040054,CXIDB21,133.60632,100.0,10.0,run0016_151020_1fc8f,10.0,69.29246328123534,4,16,1,0.05289600167177487,10.0,1215,69.67817454709109,ok,,16121.0
roibin_b1,1,100.0,49.153155970464255,1,87.297053,768016,11.963084102414532,CXIDB21,89.278606,100.0,10.0,run0016_151020_1fd73,100.0,49.15582186747172,4,18,1,0.06203852047924213,10.0,1425,68.80084688542486,ok,,14917.0
roibin_b2,n/a,10854.0,41.52120830507636,2,110.38831,193008,47.60341540247036,CXIDB21,104.17997,100.0,10.0,run0016_151020_1fd73,10854.0,41.52389839616261,4,18,1,0.06203852047924213,10.0,1425,68.80084688542486,ok,,14917.0
cuszhi,1,10.0,68.77994974225953,1,26.331319569429,1236550,7.430221179895677,CXIDB21,22.716987103410077,100.0,10.0,run0016_151020_1fd73,10.0,68.77961721940392,4,18,1,0.06203852047924213,9.99517822265625,1425,68.27452071262603,ok,spline/cr-first/cr,14917.0
pfpl,1,10.0,68.59093548314365,1,176.68923076923076,1335788,6.878217202130877,CXIDB21,162.44413012729845,100.0,10.0,run0016_151020_1fd73,10.0,68.5910626138681,4,18,1,0.06203852047924213,10.0,1425,68.80084688542486,ok,,14917.0
cuszp3,1,10.0,68.59093548314365,1,136.65874,1590208,5.777759890530044,CXIDB21,132.74157,100.0,10.0,run0016_151020_1fd73,10.0,68.5910626138681,4,18,1,0.06203852047924213,10.0,1425,68.80084688542486,ok,,14917.0
roibin_b1,1,100.0,49.42387000933198,1,88.317439,682320,13.465587993903155,CXIDB21,88.535306,100.0,10.0,run0016_151021_1fe1b,100.0,49.42679183422868,4,20,1,0.06795938980217331,10.0,1561,69.26748369111924,ok,,15809.0
roibin_b2,n/a,3225.0,43.786655550178814,2,110.6862,170576,53.86361504549292,CXIDB21,100.99191,100.0,10.0,run0016_151021_1fe1b,3225.0,43.78959963156106,4,20,1,0.06795938980217331,10.0,1561,69.26748369111924,ok,,15809.0
cuszhi,1,10.0,69.31010013529114,1,26.387621611918867,1152132,7.9746417945166,CXIDB21,23.51611450100332,100.0,10.0,run0016_151021_1fe1b,10.0,69.30981102872722,4,20,1,0.06795938980217331,9.9990234375,1561,68.90424400661485,ok,spline/cr-first/cr,15809.0
pfpl,1,10.0,68.88084677201603,1,179.45,1258216,7.302275602917146,CXIDB21,138.57142857142858,100.0,10.0,run0016_151021_1fe1b,10.0,68.88109817876237,4,20,1,0.06795938980217331,10.0,1561,69.26748369111924,ok,,15809.0
cuszp3,1,10.0,68.88084677201603,1,136.78895,1472928,6.237806600186839,CXIDB21,135.56185,100.0,10.0,run0016_151021_1fe1b,10.0,68.88109817876237,4,20,1,0.06795938980217331,10.0,1561,69.26748369111924,ok,,15809.0
roibin_b1,1,100.0,42.470281240064025,1,88.67202,542848,16.925253477953312,CXIDB21,88.508014,100.0,10.0,run0016_151022_57,100.0,42.474222330544926,4,26,1,0.0916864028977431,10.0,2106,62.178395812613,ok,,7246.0
roibin_b2,n/a,1684.0,39.36376957312462,2,123.38633,125440,73.24489795918367,CXIDB21,104.14218,100.0,10.0,run0016_151022_57,1684.0,39.36773244349292,4,26,1,0.0916864028977431,10.0,2106,62.178395812613,ok,,7246.0
cuszhi,1,10.0,62.64589177497853,1,27.357137752792926,1015479,9.047789269891352,CXIDB21,24.290004652933458,100.0,10.0,run0016_151022_57,10.0,62.645275186837935,4,26,1,0.0916864028977431,9.990234375,2106,62.02060173946598,ok,spline/cr-first/cr,7246.0
pfpl,1,10.0,61.81331060957403,1,179.78710081402627,1078869,8.516177589679563,CXIDB21,162.8125886022115,100.0,10.0,run0016_151022_57,10.0,61.81363167151603,4,26,1,0.0916864028977431,10.0,2106,62.178395812613,ok,,7246.0
cuszp3,1,10.0,61.81331060957403,1,136.52877,1265264,7.261599160333337,CXIDB21,135.30631,100.0,10.0,run0016_151022_57,10.0,61.81363167151603,4,26,1,0.0916864028977431,10.0,2106,62.178395812613,ok,,7246.0
roibin_b1,1,100.0,49.56323122923904,1,86.638501,727216,12.634265472706872,CXIDB21,89.978061,100.0,10.0,run0016_151023_19b,100.0,49.56552127386079,4,16,1,0.05328782390638061,10.0,1224,69.25936573322262,ok,,15617.0
roibin_b2,n/a,10854.0,42.64068135085308,2,114.7562,182352,50.38518908484689,CXIDB21,104.44525,100.0,10.0,run0016_151023_19b,10854.0,42.64299118446915,4,16,1,0.05328782390638061,10.0,1224,69.25936573322262,ok,,15617.0
cuszhi,1,10.0,69.21048092589886,1,26.123785910879604,1199580,7.659214058253722,CXIDB21,23.284405157732543,100.0,10.0,run0016_151023_19b,10.0,69.21018537529105,4,16,1,0.05328782390638061,9.9921875,1224,68.68849592777953,ok,spline/cr-first/cr,15617.0
pfpl,1,10.0,68.97309254282841,1,177.07061362935553,1292913,7.106309550603946,CXIDB21,162.53608831021793,100.0,10.0,run0016_151023_19b,10.0,68.97324017500023,4,16,1,0.05328782390638061,10.0,1224,69.25936573322262,ok,,15617.0
cuszp3,1,10.0,68.97309254282841,1,134.79813,1541472,5.960432625438542,CXIDB21,132.19153,100.0,10.0,run0016_151023_19b,10.0,68.97324017500023,4,16,1,0.05328782390638061,10.0,1224,69.25936573322262,ok,,15617.0
roibin_b1,1,100.0,49.654586061011685,1,91.352213,743200,12.36254036598493,CXIDB21,88.781696,100.0,10.0,run0016_151025_447,100.0,49.657011838989405,4,17,1,0.05642240178322653,10.0,1296,69.51691779409997,ok,,15781.0
roibin_b2,n/a,10854.0,42.444454929961246,2,117.81699,186496,49.2656142759094,CXIDB21,109.75536,100.0,10.0,run0016_151025_447,10854.0,42.44690120429183,4,17,1,0.05642240178322653,10.0,1296,69.51691779409997,ok,,15781.0
cuszhi,1,10.0,69.26912367928075,1,26.263502871370054,1214496,7.565146365241219,CXIDB21,23.327916802079947,100.0,10.0,run0016_151025_447,10.0,69.26893832992599,4,17,1,0.05642240178322653,9.9876708984375,1296,68.95244513558104,ok,spline/cr-first/cr,15781.0
pfpl,1,10.0,68.81698445958642,1,165.77367205542726,1328624,6.915304856754055,CXIDB21,162.99744535906896,100.0,10.0,run0016_151025_447,10.0,68.81734921331275,4,17,1,0.05642240178322653,10.0,1296,69.51691779409997,ok,,15781.0
cuszp3,1,10.0,68.81698445958642,1,136.20493,1561392,5.884390338877105,CXIDB21,134.67167,100.0,10.0,run0016_151025_447,10.0,68.81734921331275,4,17,1,0.05642240178322653,10.0,1296,69.51691779409997,ok,,15781.0
roibin_b1,1,100.0,49.15841674121245,1,74.731912,782576,11.740508270123286,CXIDB21,79.644938,100.0,10.0,run0016_151031_c27,100.0,49.16091856244795,4,17,1,0.05825090554471998,10.0,1338,68.60987498681267,ok,,14922.0
roibin_b2,n/a,10854.0,41.176461639461465,2,114.89396,196992,46.64067576348278,CXIDB21,100.46186,100.0,10.0,run0016_151031_c27,10854.0,41.17898761038325,4,17,1,0.05825090554471998,10.0,1338,68.60987498681267,ok,,14922.0
cuszhi,1,10.0,68.7720472477767,1,26.35356208095801,1250049,7.349983880631879,CXIDB21,22.90181064050411,100.0,10.0,run0016_151031_c27,10.0,68.77183672401475,4,17,1,0.05825090554471998,9.9879150390625,1338,68.42488289531487,ok,spline/cr-first/cr,14922.0
pfpl,1,10.0,68.33571221306107,1,178.22470515207945,1360258,6.754483340660375,CXIDB21,153.82802035896063,100.0,10.0,run0016_151031_c27,10.0,68.3358669816696,4,17,1,0.05825090554471998,10.0,1338,68.60987498681267,ok,,14922.0
cuszp3,1,10.0,68.33571221306107,1,134.35658,1603808,5.7287655380195135,CXIDB21,132.43543,100.0,10.0,run0016_151031_c27,10.0,68.3358669816696,4,17,1,0.05825090554471998,10.0,1338,68.60987498681267,ok,,14922.0
roibin_b1,1,100.0,45.021893231461895,1,89.057069,526912,17.437143204178305,CXIDB21,92.679146,100.0,10.0,run0016_151033_f6f,100.0,45.02636933955872,4,30,1,0.10422471440512678,10.0,2394,64.36796619847738,ok,,9569.0
roibin_b2,n/a,1794.0,42.01397852911447,2,115.6809,121584,75.5678378734044,CXIDB21,101.31263,100.0,10.0,run0016_151033_f6f,1794.0,42.01848095976395,4,30,1,0.10422471440512678,10.0,2394,64.36796619847738,ok,,9569.0
cuszhi,1,10.0,65.08507638679282,1,27.551190842098162,994384,9.239730325508054,CXIDB21,24.70487007399759,100.0,10.0,run0016_151033_f6f,10.0,65.0842711536906,4,30,1,0.10422471440512678,9.9979248046875,2394,64.37394548510562,ok,spline/cr-first/cr,9569.0
pfpl,1,10.0,64.24765678738702,1,177.12523133867984,1058722,8.67823659090866,CXIDB21,158.45474613686534,100.0,10.0,run0016_151033_f6f,10.0,64.24778046039235,4,30,1,0.10422471440512678,10.0,2394,64.36796619847738,ok,,9569.0
cuszp3,1,10.0,64.24765678738702,1,138.17132,1238992,7.415576533181812,CXIDB21,132.31336,100.0,10.0,run0016_151033_f6f,10.0,64.24778046039235,4,30,1,0.10422471440512678,10.0,2394,64.36796619847738,ok,,9569.0
roibin_b1,1,100.0,49.04797689327664,1,89.250853,620064,14.81756721886773,CXIDB21,95.230517,100.0,10.0,run0016_151037_15b7,100.0,49.05106863388503,4,21,1,0.07192114795207578,10.0,1652,68.82831803409098,ok,,15552.0
roibin_b2,n/a,11054.0,44.87265924676274,2,117.14402,151632,60.59301466708874,CXIDB21,100.85002,100.0,10.0,run0016_151037_15b7,11054.0,44.875771294803826,4,21,1,0.07192114795207578,10.0,1652,68.82831803409098,ok,,15552.0
cuszhi,1,10.0,69.24649726560146,1,26.854978253752982,1058472,8.680286299495878,CXIDB21,23.975616884472466,100.0,10.0,run0016_151037_15b7,10.0,69.24606954754086,4,21,1,0.07192114795207578,9.9964599609375,1652,68.68911249393351,ok,spline/cr-first/cr,15552.0
pfpl,1,10.0,68.67170399470767,1,179.05830994699096,1161267,7.9119100086371175,CXIDB21,162.49009620826257,100.0,10.0,run0016_151037_15b7,10.0,68.67181462795587,4,21,1,0.07192114795207578,10.0,1652,68.82831803409098,ok,,15552.0
cuszp3,1,10.0,68.67170399470767,1,137.44375,1372640,6.693554027275907,CXIDB21,133.11081,100.0,10.0,run0016_151037_15b7,10.0,68.67181462795587,4,21,1,0.07192114795207578,10.0,1652,68.82831803409098,ok,,15552.0
roibin_b1,1,100.0,49.67678593168521,1,89.250853,777072,11.823666275454526,CXIDB21,86.507987,100.0,10.0,run0016_151040_19ef,100.0,49.67912778256498,4,16,1,0.05446329061019783,10.0,1251,69.59710800649182,ok,,15850.0
roibin_b2,n/a,10854.0,41.80565249084259,2,117.86536,195440,47.01105198526402,CXIDB21,98.972769,100.0,10.0,run0016_151040_19ef,10854.0,41.80801451053661,4,16,1,0.05446329061019783,10.0,1251,69.59710800649182,ok,,15850.0
cuszhi,1,10.0,69.30310304955836,1,26.04694939495353,1245004,7.379767454562395,CXIDB21,23.017476350809687,100.0,10.0,run0016_151040_19ef,10.0,69.30280434051411,4,16,1,0.05446329061019783,9.99658203125,1251,68.78659386540991,ok,spline/cr-first/cr,15850.0
pfpl,1,10.0,68.82791927381237,1,175.9313725490196,1350019,6.805711623317894,CXIDB21,163.04372515616126,100.0,10.0,run0016_151040_19ef,10.0,68.82830321441277,4,16,1,0.05446329061019783,10.0,1251,69.59710800649182,ok,,15850.0
cuszp3,1,10.0,68.82791927381237,1,135.56185,1602144,5.734715481255118,CXIDB21,133.60632,100.0,10.0,run0016_151040_19ef,10.0,68.82830321441277,4,16,1,0.05446329061019783,10.0,1251,69.59710800649182,ok,,15850.0
roibin_b1,1,100.0,39.506908952547974,1,86.638501,675568,13.600170523174572,CXIDB21,88.781696,100.0,10.0,run0016_151041_1a97,100.0,39.509360777741,4,17,1,0.05703190303705767,10.0,1310,59.34138965908065,ok,,5050.0
roibin_b2,n/a,2250.0,33.91995736582141,2,118.49773,168432,54.5492542984706,CXIDB21,105.2107,100.0,10.0,run0016_151041_1a97,2250.0,33.922427824230496,4,17,1,0.05703190303705767,10.0,1310,59.34138965908065,ok,,5050.0
cuszhi,1,10.0,59.43771305842148,1,26.44633427793026,1144646,8.026796057471044,CXIDB21,23.342140563391734,100.0,10.0,run0016_151041_1a97,10.0,59.4374046178199,4,17,1,0.05703190303705767,9.99609375,1310,58.927990637915194,ok,spline/cr-first/cr,5050.0
pfpl,1,10.0,59.14382261107701,1,179.8997493734336,1238271,7.419894352690163,CXIDB21,161.7121937482399,100.0,10.0,run0016_151041_1a97,10.0,59.14393276424126,4,17,1,0.05703190303705767,10.0,1310,59.34138965908065,ok,,5050.0
cuszp3,1,10.0,59.14382261107701,1,137.18107,1466912,6.263388669531642,CXIDB21,132.19153,100.0,10.0,run0016_151041_1a97,10.0,59.14393276424126,4,17,1,0.05703190303705767,10.0,1310,59.34138965908065,ok,,5050.0
roibin_b1,1,100.0,49.61427759236864,1,84.199416,731648,12.557732680195942,CXIDB21,89.001863,100.0,10.0,run0016_151043_1df7,100.0,49.616719944972026,4,17,1,0.056857759821677345,10.0,1306,69.12539859830319,ok,,15660.0
roibin_b2,n/a,10854.0,42.60151348663661,2,107.81825,183680,50.02090592334495,CXIDB21,103.84086,100.0,10.0,run0016_151043_1df7,10854.0,42.603977989150614,4,17,1,0.056857759821677345,10.0,1306,69.12539859830319,ok,,15660.0
cuszhi,1,10.0,69.20170568845019,1,26.38387075468718,1204516,7.627827276682086,CXIDB21,23.226015207895163,100.0,10.0,run0016_151043_1df7,10.0,69.20137968360194,4,17,1,0.056857759821677345,9.999267578125,1306,68.66313369684971,ok,spline/cr-first/cr,15660.0
pfpl,1,10.0,68.76713755677733,1,176.68923076923076,1307000,7.029716908951798,CXIDB21,161.8489289740699,100.0,10.0,run0016_151043_1df7,10.0,68.76733308488058,4,17,1,0.056857759821677345,10.0,1306,69.12539859830319,ok,,15660.0
cuszp3,1,10.0,68.76713755677733,1,134.98825,1540848,5.96284643261373,CXIDB21,132.49654,100.0,10.0,run0016_151043_1df7,10.0,68.76733308488058,4,17,1,0.056857759821677345,10.0,1306,69.12539859830319,ok,,15660.0
roibin_b1,1,100.0,49.796103308224616,1,86.429864,721120,12.74106944752607,CXIDB21,92.025641,100.0,10.0,run0016_151044_1f0b,100.0,49.79832698753966,4,15,1,0.05172053496795765,10.0,1188,69.67743444431981,ok,,16121.0
roibin_b2,n/a,10854.0,43.05503334462853,2,111.67639,180576,50.88073719652667,CXIDB21,101.92403,100.0,10.0,run0016_151044_1f0b,10854.0,43.057275228611815,4,15,1,0.05172053496795765,10.0,1188,69.67743444431981,ok,,16121.0
cuszhi,1,10.0,69.49843513138264,1,26.443365802906005,1195720,7.683939383802228,CXIDB21,23.383963839231175,100.0,10.0,run0016_151044_1f0b,10.0,69.49817341586456,4,15,1,0.05172053496795765,9.9984130859375,1188,69.01977552596391,ok,spline/cr-first/cr,16121.0
pfpl,1,10.0,69.27813503512088,1,174.64720194647202,1292246,7.109977512021705,CXIDB21,161.94021432600113,100.0,10.0,run0016_151044_1f0b,10.0,69.27833234986055,4,15,1,0.05172053496795765,10.0,1188,69.67743444431981,ok,,16121.0
cuszp3,1,10.0,69.27813503512088,1,135.11529,1535648,5.983037779491133,CXIDB21,134.92482,100.0,10.0,run0016_151044_1f0b,10.0,69.27833234986055,4,15,1,0.05172053496795765,10.0,1188,69.67743444431981,ok,,16121.0
roibin_b1,1,100.0,49.7146660142065,1,86.690819,782976,11.734510380905673,CXIDB21,90.260924,100.0,10.0,run0016_151045_1fbf,100.0,49.71723354894793,4,18,1,0.05973112287545277,10.0,1372,69.49069874500044,ok,,15962.0
roibin_b2,n/a,10854.0,41.80579248350479,2,114.48166,196864,46.67100130039012,CXIDB21,102.21431,100.0,10.0,run0016_151045_1fbf,10854.0,41.80838292488548,4,18,1,0.05973112287545277,10.0,1372,69.49069874500044,ok,,15962.0
cuszhi,1,10.0,69.32582257041652,1,26.115135417066373,1252161,7.33758677997478,CXIDB21,22.891767988837948,100.0,10.0,run0016_151045_1fbf,10.0,69.32556598810808,4,18,1,0.05973112287545277,9.98858642578125,1372,68.91618840411842,ok,spline/cr-first/cr,15962.0
pfpl,1,10.0,68.81715956871706,1,176.36363636363637,1369417,6.709307683488667,CXIDB21,161.94021432600113,100.0,10.0,run0016_151045_1fbf,10.0,68.81753225239252,4,18,1,0.05973112287545277,10.0,1372,69.49069874500044,ok,,15962.0
cuszp3,1,10.0,68.81715956871706,1,137.24665,1610512,5.704918684244514,CXIDB21,136.52877,100.0,10.0,run0016_151045_1fbf,10.0,68.81753225239252,4,18,1,0.05973112287545277,10.0,1372,69.49069874500044,ok,,15962.0
roibin_b1,1,100.0,44.53308799002712,1,85.401547,738240,12.445600346770698,CXIDB21,89.306375,100.0,10.0,run0016_151046_21ab,100.0,44.53575079800714,4,19,1,0.06195144887155196,10.0,1423,64.27912506772213,ok,,8772.0
roibin_b2,n/a,2259.0,37.46359548344392,2,114.61876,185488,49.53333908392996,CXIDB21,106.93482,100.0,10.0,run0016_151046_21ab,2259.0,37.46628122974355,4,19,1,0.06195144887155196,10.0,1423,64.27912506772213,ok,,8772.0
cuszhi,1,10.0,64.209805954745,1,26.24827160634906,1206807,7.61334662460526,CXIDB21,23.15017133642411,100.0,10.0,run0016_151046_21ab,10.0,64.20951267380582,4,19,1,0.06195144887155196,10.0,1423,63.76045488706167,ok,spline/cr-first/cr,8772.0
pfpl,1,10.0,64.05441830503653,1,177.78328173374612,1301496,7.059445438172688,CXIDB21,162.0773355913068,100.0,10.0,run0016_151046_21ab,10.0,64.05455397618417,4,19,1,0.06195144887155196,10.0,1423,64.27912506772213,ok,,8772.0
cuszp3,1,10.0,64.05441830503653,1,134.67167,1554272,5.911346276584793,CXIDB21,135.88263,100.0,10.0,run0016_151046_21ab,10.0,64.05455397618417,4,19,1,0.06195144887155196,10.0,1423,64.27912506772213,ok,,8772.0
roibin_b1,1,100.0,49.24927383671681,1,89.140016,566336,16.223302068030286,CXIDB21,88.726824,100.0,10.0,run0016_151048_2433,100.0,49.25230706128893,4,20,1,0.07052800222903316,10.0,1620,69.22147069679932,ok,,16059.0
roibin_b2,n/a,11054.0,45.917131815797894,2,111.93762,133920,68.60692951015531,CXIDB21,100.32146,100.0,10.0,run0016_151048_2433,11054.0,45.92018156619582,4,20,1,0.07052800222903316,10.0,1620,69.22147069679932,ok,,16059.0
cuszhi,1,10.0,69.55575120254733,1,27.549125581883466,1043154,8.807750341752033,CXIDB21,24.44822888283379,100.0,10.0,run0016_151048_2433,10.0,69.55523682062467,4,20,1,0.07052800222903316,9.99462890625,1620,68.88152952138967,ok,spline/cr-first/cr,16059.0
pfpl,1,10.0,68.68182449408268,1,165.34408292542471,1106152,8.306127910088307,CXIDB21,162.8125886022115,100.0,10.0,run0016_151048_2433,10.0,68.68218241382581,4,20,1,0.07052800222903316,10.0,1620,69.22147069679932,ok,,16059.0
cuszp3,1,10.0,68.68182449408268,1,140.81413,1293984,7.1004278260009395,CXIDB21,135.56185,100.0,10.0,run0016_151048_2433,10.0,68.68218241382581,4,20,1,0.07052800222903316,10.0,1620,69.22147069679932,ok,,16059.0
roibin_b1,1,100.0,49.7452681028207,1,88.45348,748864,12.269036834458593,CXIDB21,91.526939,100.0,10.0,run0016_151050_26d3,100.0,49.74801517059854,4,19,1,0.06391056004458066,10.0,1468,69.49518621448829,ok,,15955.0
roibin_b2,n/a,10854.0,42.42384788052564,2,108.8813,188192,48.82162897466417,CXIDB21,106.26202,100.0,10.0,run0016_151050_26d3,10854.0,42.42661891690591,4,19,1,0.06391056004458066,10.0,1468,69.49518621448829,ok,,15955.0
cuszhi,1,10.0,69.38435113223221,1,26.269848190914328,1211806,7.581939683414672,CXIDB21,23.19318227715174,100.0,10.0,run0016_151050_26d3,10.0,69.38383684096348,4,19,1,0.06391056004458066,9.987548828125,1468,68.64606436090202,ok,spline/cr-first/cr,15955.0
pfpl,1,10.0,68.9519014618045,1,177.23456790123456,1324636,6.936124339063713,CXIDB21,133.79310344827584,100.0,10.0,run0016_151050_26d3,10.0,68.95222785069105,4,19,1,0.06391056004458066,10.0,1468,69.49518621448829,ok,,15955.0
cuszp3,1,10.0,68.9519014618045,1,135.3701,1568000,5.859591836734694,CXIDB21,133.85548,100.0,10.0,run0016_151050_26d3,10.0,68.95222785069105,4,19,1,0.06391056004458066,10.0,1468,69.49518621448829,ok,,15955.0
roibin_b1,1,100.0,49.48276250367827,1,88.290281,834016,11.016383378736139,CXIDB21,92.529807,100.0,10.0,run0016_151052_29c7,100.0,49.485558736736294,4,19,1,0.0650424909445528,10.0,1494,69.30520211623175,ok,,15837.0
roibin_b2,n/a,10654.0,40.385306255576836,2,114.52732,209760,43.80167810831426,CXIDB21,99.349485,100.0,10.0,run0016_151052_29c7,10654.0,40.38812830939454,4,19,1,0.0650424909445528,10.0,1494,69.30520211623175,ok,,15837.0
cuszhi,1,10.0,69.27618175907888,1,26.303992762554234,1298086,7.077990210201789,CXIDB21,22.504212877689387,100.0,10.0,run0016_151052_29c7,10.0,69.27595159187858,4,19,1,0.0650424909445528,9.9853515625,1494,68.93597992338825,ok,spline/cr-first/cr,15837.0
pfpl,1,10.0,69.00424394089504,1,176.25537139349294,1392851,6.596427040652589,CXIDB21,161.75774647887323,100.0,10.0,run0016_151052_29c7,10.0,69.00443306711992,4,19,1,0.0650424909445528,10.0,1494,69.30520211623175,ok,,15837.0
cuszp3,1,10.0,69.00424394089504,1,134.86144,1670784,5.499118976480503,CXIDB21,130.62785,100.0,10.0,run0016_151052_29c7,10.0,69.00443306711992,4,19,1,0.0650424909445528,10.0,1494,69.30520211623175,ok,,15837.0
roibin_b1,1,100.0,44.14639418714012,1,87.403346,570720,16.098682366134007,CXIDB21,87.006061,100.0,10.0,run0016_151054_2d7b,100.0,44.14938070635513,4,20,1,0.06948314293675119,10.0,1596,63.87500905343686,ok,,8911.0
roibin_b2,n/a,1217.0,40.72818022274004,2,111.67639,134736,68.19142619641373,CXIDB21,101.16984,100.0,10.0,run0016_151054_2d7b,1217.0,40.73118425487915,4,20,1,0.06948314293675119,10.0,1596,63.87500905343686,ok,,8911.0
cuszhi,1,10.0,64.43260747564439,1,27.13735497743437,1054422,8.713626991849564,CXIDB21,24.027783589271518,100.0,10.0,run0016_151054_2d7b,10.0,64.4322739419336,4,20,1,0.06948314293675119,9.971435546875,1596,63.97729210685941,ok,spline/cr-first/cr,8911.0
pfpl,1,10.0,63.750863743048654,1,179.05830994699096,1103581,8.32547860102702,CXIDB21,162.5821064552661,100.0,10.0,run0016_151054_2d7b,10.0,63.75094878271473,4,20,1,0.06948314293675119,10.0,1596,63.87500905343686,ok,,8911.0
cuszp3,1,10.0,63.750863743048654,1,139.44633,1302816,7.052292879424263,CXIDB21,135.81835,100.0,10.0,run0016_151054_2d7b,10.0,63.75094878271473,4,20,1,0.06948314293675119,10.0,1596,63.87500905343686,ok,,8911.0
roibin_b1,1,100.0,49.17291701377157,1,85.861242,763872,12.02798374596791,CXIDB21,87.48324,100.0,10.0,run0016_151055_2dc3,100.0,49.17661990244615,4,26,1,0.08620089161326275,10.0,1980,68.63769073920385,ok,,14969.0
roibin_b2,n/a,10854.0,41.64229179201085,2,114.11764,192752,47.666638997260726,CXIDB21,101.96023,100.0,10.0,run0016_151055_2dc3,10854.0,41.64602957968738,4,26,1,0.08620089161326275,10.0,1980,68.63769073920385,ok,,14969.0
cuszhi,1,10.0,68.82240071027317,1,26.129432240890942,1230940,7.4640843582952865,CXIDB21,22.83714456154305,100.0,10.0,run0016_151055_2dc3,10.0,68.82188760495436,4,26,1,0.08620089161326275,9.998291015625,1980,68.26453630235017,ok,spline/cr-first/cr,14969.0
pfpl,1,10.0,68.55866394190551,1,177.89343246592318,1333371,6.890685338139198,CXIDB21,162.9049645390071,100.0,10.0,run0016_151055_2dc3,10.0,68.55873144818402,4,26,1,0.08620089161326275,10.0,1980,68.63769073920385,ok,,14969.0
cuszp3,1,10.0,68.55866394190551,1,134.16822,1586928,5.789701864230765,CXIDB21,133.91791,100.0,10.0,run0016_151055_2dc3,10.0,68.55873144818402,4,26,1,0.08620089161326275,10.0,1980,68.63769073920385,ok,,14969.0
roibin_b1,1,100.0,49.46602538536011,1,85.401547,687632,13.361565488517114,CXIDB21,91.497772,100.0,10.0,run0016_151055_2dcf,100.0,49.468680979115945,4,18,1,0.06177730565617163,10.0,1419,69.25393723557274,ok,,15742.0
roibin_b2,n/a,1847.0,43.58230266741501,2,115.82089,171632,53.53220844597744,CXIDB21,105.2107,100.0,10.0,run0016_151055_2dcf,1847.0,43.58497917770916,4,18,1,0.06177730565617163,10.0,1419,69.25393723557274,ok,,15742.0
cuszhi,1,10.0,69.28477960239408,1,26.628487297051343,1160888,7.914493043256542,CXIDB21,23.177268324184695,100.0,10.0,run0016_151055_2dcf,10.0,69.28454516251259,4,18,1,0.06177730565617163,9.9970703125,1419,68.92095180932665,ok,spline/cr-first/cr,15742.0
pfpl,1,10.0,69.09441466185599,1,171.61984459055589,1251730,7.340113283216029,CXIDB21,162.5821064552661,100.0,10.0,run0016_151055_2dcf,10.0,69.09451142372195,4,18,1,0.06177730565617163,10.0,1419,69.25393723557274,ok,,15742.0
cuszp3,1,10.0,69.09441466185599,1,134.73487,1482080,6.199287487854907,CXIDB21,134.10556,100.0,10.0,run0016_151055_2dcf,10.0,69.09451142372195,4,18,1,0.06177730565617163,10.0,1419,69.25393723557274,ok,,15742.0
roibin_b1,1,100.0,49.65033915344034,1,83.054671,706032,13.013347836925238,CXIDB21,91.966687,100.0,10.0,run0016_151055_2e77,100.0,49.65338334856419,4,21,1,0.07087628865979381,10.0,1628,69.09379593447784,ok,,15897.0
roibin_b2,n/a,2004.0,43.27445149293881,2,113.44133,176656,52.00978172267005,CXIDB21,102.76306,100.0,10.0,run0016_151055_2e77,2004.0,43.27752263638621,4,21,1,0.07087628865979381,10.0,1628,69.09379593447784,ok,,15897.0
cuszhi,1,10.0,69.37051896261384,1,26.082885859837532,1180485,7.783106096223163,CXIDB21,23.085025125628142,100.0,10.0,run0016_151055_2e77,10.0,69.37007190986112,4,21,1,0.07087628865979381,9.999847412109375,1628,68.78154169660192,ok,spline/cr-first/cr,15897.0
pfpl,1,10.0,69.24840217491095,1,177.94855903315775,1273494,7.214670819022312,CXIDB21,162.0316027088036,100.0,10.0,run0016_151055_2e77,10.0,69.2482906233492,4,21,1,0.07087628865979381,10.0,1628,69.09379593447784,ok,,15897.0
cuszp3,1,10.0,69.24840217491095,1,136.98474,1513872,6.069099633258294,CXIDB21,134.86144,100.0,10.0,run0016_151055_2e77,10.0,69.2482906233492,4,21,1,0.07087628865979381,10.0,1628,69.09379593447784,ok,,15897.0
roibin_b1,1,100.0,39.638080397544584,1,88.019622,678560,13.54020278236265,CXIDB21,88.45348,100.0,10.0,run0016_151057_313b,100.0,39.64023797376414,4,15,1,0.05015324602953469,10.0,1152,59.7786766223778,ok,,5132.0
roibin_b2,n/a,1713.0,34.06083450956744,2,115.26294,169216,54.296520423600604,CXIDB21,107.09437,100.0,10.0,run0016_151057_313b,1713.0,34.06300734235407,4,15,1,0.05015324602953469,10.0,1152,59.7786766223778,ok,,5132.0
cuszhi,1,10.0,59.55241690858646,1,26.428913527794997,1143132,8.037426998806787,CXIDB21,23.37159137159137,100.0,10.0,run0016_151057_313b,10.0,59.55213618044843,4,15,1,0.05015324602953469,9.986724853515625,1152,59.02590361760975,ok,spline/cr-first/cr,5132.0
pfpl,1,10.0,58.94151201651785,1,179.11416094822206,1263597,7.271179023058776,CXIDB21,161.53023909985936,100.0,10.0,run0016_151057_313b,10.0,58.94189391062699,4,15,1,0.05015324602953469,10.0,1152,59.7786766223778,ok,,5132.0
cuszp3,1,10.0,58.94151201651785,1,137.77351,1471312,6.2446578292027795,CXIDB21,135.49787,100.0,10.0,run0016_151057_313b,10.0,58.94189391062699,4,15,1,0.05015324602953469,10.0,1152,59.7786766223778,ok,,5132.0
roibin_b1,1,100.0,49.25198814821754,1,84.646227,672112,13.670102601947294,CXIDB21,88.181815,100.0,10.0,run0016_151104_3bd3,100.0,49.25414478453801,4,15,1,0.05015324602953469,10.0,1152,69.20329456936632,ok,,15631.0
roibin_b2,n/a,10854.0,43.79979434893088,2,113.84615,167296,54.919663351185925,CXIDB21,100.04181,100.0,10.0,run0016_151104_3bd3,10854.0,43.80196674324108,4,15,1,0.05015324602953469,10.0,1152,69.20329456936632,ok,,15631.0
cuszhi,1,10.0,69.24982248834824,1,26.913505026597615,1139902,8.060201666459047,CXIDB21,23.611842105263158,100.0,10.0,run0016_151104_3bd3,10.0,69.24957857435987,4,15,1,0.05015324602953469,9.9774169921875,1152,68.788827467907,ok,spline/cr-first/cr,15631.0
pfpl,1,10.0,69.17177641460623,1,177.45364647713225,1229139,7.475021132679054,CXIDB21,161.16755543081672,100.0,10.0,run0016_151104_3bd3,10.0,69.17179216479138,4,15,1,0.05015324602953469,10.0,1152,69.20329456936632,ok,,15631.0
cuszp3,1,10.0,69.17177641460623,1,136.85415,1460704,6.290008105680548,CXIDB21,132.9875,100.0,10.0,run0016_151104_3bd3,10.0,69.17179216479138,4,15,1,0.05015324602953469,10.0,1152,69.20329456936632,ok,,15631.0
roibin_b1,1,100.0,49.17172181503711,1,85.886926,741552,12.390014456167606,CXIDB21,88.781696,100.0,10.0,run0016_151107_3fab,100.0,49.17429868942502,4,18,1,0.05994880189467819,10.0,1377,68.94458353699878,ok,,14923.0
roibin_b2,n/a,10854.0,41.983881847176264,2,114.16302,186464,49.27406898918826,CXIDB21,106.77575,100.0,10.0,run0016_151107_3fab,10854.0,41.98648092615812,4,18,1,0.05994880189467819,10.0,1377,68.94458353699878,ok,,14923.0
cuszhi,1,10.0,68.8188737277942,1,26.049201754410834,1213301,7.572597401634055,CXIDB21,23.212870886894653,100.0,10.0,run0016_151107_3fab,10.0,68.81863774099052,4,18,1,0.05994880189467819,9.99346923828125,1377,68.44204720963582,ok,spline/cr-first/cr,14923.0
pfpl,1,10.0,68.56481954715107,1,177.89343246592315,1307919,7.02477752827201,CXIDB21,161.98589562764457,100.0,10.0,run0016_151107_3fab,10.0,68.56503754657595,4,18,1,0.05994880189467819,10.0,1377,68.94458353699878,ok,,14923.0
cuszp3,1,10.0,68.56481954715107,1,134.10556,1558080,5.896898747176012,CXIDB21,132.61894,100.0,10.0,run0016_151107_3fab,10.0,68.56503754657595,4,18,1,0.05994880189467819,10.0,1377,68.94458353699878,ok,,14923.0
roibin_b1,1,100.0,49.54133393705317,1,88.290281,831952,11.043714060426563,CXIDB21,87.429961,100.0,10.0,run0016_151108_402f,100.0,49.54453316879732,4,22,1,0.07444622457509055,10.0,1710,69.18394161229688,ok,,15891.0
roibin_b2,n/a,3609.0,40.55115383972231,2,113.98173,209568,43.84180790960452,CXIDB21,107.17432,100.0,10.0,run0016_151108_402f,3609.0,40.55438376952379,4,22,1,0.07444622457509055,10.0,1710,69.18394161229688,ok,,15891.0
cuszhi,1,10.0,69.30667156156355,1,26.327848746912412,1298967,7.073189696120071,CXIDB21,22.558139534883722,100.0,10.0,run0016_151108_402f,10.0,69.30629728428795,4,22,1,0.07444622457509055,10.0,1710,68.83093601585149,ok,spline/cr-first/cr,15891.0
pfpl,1,10.0,69.02932015140209,1,177.67326732673268,1392334,6.598876419020149,CXIDB21,162.85876347135564,100.0,10.0,run0016_151108_402f,10.0,69.02943323769527,4,22,1,0.07444622457509055,10.0,1710,69.18394161229688,ok,,15891.0
cuszp3,1,10.0,69.02932015140209,1,136.39905,1670656,5.499540300337113,CXIDB21,133.29619,100.0,10.0,run0016_151108_402f,10.0,69.02943323769527,4,22,1,0.07444622457509055,10.0,1710,69.18394161229688,ok,,15891.0
roibin_b1,1,100.0,49.646325018281345,1,87.297053,762816,12.04463461699807,CXIDB21,86.53406,100.0,10.0,run0016_151128_5d57,100.0,49.65040663748334,4,28,1,0.09503865979381443,10.0,2183,69.0111862099836,ok,,15778.0
roibin_b2,n/a,10854.0,42.104249311449024,2,111.20062,192864,47.63895802223328,CXIDB21,104.10442,100.0,10.0,run0016_151128_5d57,10854.0,42.10837032882202,4,28,1,0.09503865979381443,10.0,2183,69.0111862099836,ok,,15778.0
cuszhi,1,10.0,69.26805230059617,1,26.453758382112017,1232354,7.455520085949329,CXIDB21,22.997196635963157,100.0,10.0,run0016_151128_5d57,10.0,69.26761166833866,4,28,1,0.09503865979381443,10.0,2183,68.82751279605979,ok,spline/cr-first/cr,15778.0
pfpl,1,10.0,69.06244534934751,1,179.50609565489216,1329857,6.908893211826535,CXIDB21,138.60487569394158,100.0,10.0,run0016_151128_5d57,10.0,69.0623963449966,4,28,1,0.09503865979381443,10.0,2183,69.0111862099836,ok,,15778.0
cuszp3,1,10.0,69.06244534934751,1,135.56185,1584096,5.80005252206937,CXIDB21,132.9875,100.0,10.0,run0016_151128_5d57,10.0,69.0623963449966,4,28,1,0.09503865979381443,10.0,2183,69.0111862099836,ok,,15778.0
roibin_b1,1,100.0,44.04732969145102,1,90.260924,388112,23.673166508636683,CXIDB21,88.344614,100.0,10.0,run0016_151129_5e83,100.0,44.05035408948659,4,20,1,0.07052800222903316,10.0,1620,62.92668266994745,ok,,7969.0
roibin_b2,n/a,4677.0,42.14961832185714,2,117.76867,86112,106.69639539204756,CXIDB21,100.88545,100.0,10.0,run0016_151129_5e83,4677.0,42.152656764955,4,20,1,0.07052800222903316,10.0,1620,62.92668266994745,ok,,7969.0
cuszhi,1,10.0,63.582354870237,1,27.875728155339807,821501,11.184210366146846,CXIDB21,25.68157423971378,100.0,10.0,run0016_151129_5e83,10.0,63.581779372430105,4,20,1,0.07052800222903316,9.999496459960938,1620,62.83455640354545,ok,spline/cr-first/cr,7969.0
pfpl,1,10.0,62.59760076387685,1,178.501709667392,920215,9.984449286308092,CXIDB21,161.6211652124965,100.0,10.0,run0016_151129_5e83,10.0,62.597824289112566,4,20,1,0.07052800222903316,10.0,1620,62.92668266994745,ok,,7969.0
cuszp3,1,10.0,62.59760076387685,1,142.42064,1066944,8.611361046128007,CXIDB21,135.30631,100.0,10.0,run0016_151129_5e83,10.0,62.597824289112566,4,20,1,0.07052800222903316,10.0,1620,62.92668266994745,ok,,7969.0
roibin_b1,1,100.0,49.09033277608869,1,88.127689,701920,13.089582858445407,CXIDB21,92.410688,100.0,10.0,run0016_151135_670b,100.0,49.09368093693431,4,23,1,0.07792908888269713,10.0,1790,68.63944597006555,ok,,14916.0
roibin_b2,n/a,2575.0,42.8408067148216,2,110.81436,176160,52.15622161671208,CXIDB21,108.3063,100.0,10.0,run0016_151135_670b,2575.0,42.84418353990825,4,23,1,0.07792908888269713,10.0,1790,68.63944597006555,ok,,14916.0
cuszhi,1,10.0,68.79889695626422,1,26.216216216216218,1175099,7.818779524108182,CXIDB21,23.52767648625395,100.0,10.0,run0016_151135_670b,10.0,68.79849103788987,4,23,1,0.07792908888269713,10.0,1790,68.30693755707873,ok,spline/cr-first/cr,14916.0
pfpl,1,10.0,68.16251649254352,1,176.30948725821307,1290747,7.11823463467279,CXIDB21,161.75774647887323,100.0,10.0,run0016_151135_670b,10.0,68.16286849289536,4,23,1,0.07792908888269713,10.0,1790,68.63944597006555,ok,,14916.0
cuszp3,1,10.0,68.16251649254352,1,136.65874,1507424,6.0950601821385355,CXIDB21,135.68998,100.0,10.0,run0016_151135_670b,10.0,68.16286849289536,4,23,1,0.07792908888269713,10.0,1790,68.63944597006555,ok,,14916.0
roibin_b1,1,100.0,49.14763328886363,1,85.173538,736000,12.483478260869566,CXIDB21,88.726824,100.0,10.0,run0016_151136_68c7,100.0,49.150410787098984,4,19,1,0.06460713290610198,10.0,1484,68.96822954449607,ok,,14914.0
roibin_b2,n/a,10854.0,42.13968300606892,2,118.20502,184960,49.674740484429066,CXIDB21,105.48126,100.0,10.0,run0016_151136_68c7,10854.0,42.14248393737067,4,19,1,0.06460713290610198,10.0,1484,68.96822954449607,ok,,14914.0
cuszhi,1,10.0,68.77069101286142,1,26.213860092354967,1209450,7.596709248005292,CXIDB21,23.241055528573742,100.0,10.0,run0016_151136_68c7,10.0,68.77046277958256,4,19,1,0.06460713290610198,9.98486328125,1484,68.43105220675433,ok,spline/cr-first/cr,14914.0
pfpl,1,10.0,68.32149594516991,1,176.68923076923076,1322536,6.947137922899642,CXIDB21,162.1688788477831,100.0,10.0,run0016_151136_68c7,10.0,68.32188417583619,4,19,1,0.06460713290610198,10.0,1484,68.96822954449607,ok,,14914.0
cuszp3,1,10.0,68.32149594516991,1,134.16822,1552688,5.917376832950342,CXIDB21,134.10556,100.0,10.0,run0016_151136_68c7,10.0,68.32188417583619,4,19,1,0.06460713290610198,10.0,1484,68.96822954449607,ok,,14914.0
roibin_b1,1,100.0,45.66396955745674,1,87.992647,733024,12.534159863797093,CXIDB21,88.45348,100.0,10.0,run0016_151145_7497,100.0,45.6666463948102,4,18,1,0.062299735302312614,10.0,1431,65.26927645420282,ok,,9962.0
roibin_b2,n/a,5172.0,38.593182453139995,2,110.13425,184160,49.890529973935706,CXIDB21,106.85523,100.0,10.0,run0016_151145_7497,5172.0,38.59588311930732,4,18,1,0.062299735302312614,10.0,1431,65.26927645420282,ok,,9962.0
cuszhi,1,10.0,65.29377017828358,1,26.07448441832284,1200782,7.6515470751560235,CXIDB21,23.15203805991211,100.0,10.0,run0016_151145_7497,10.0,65.29349748275206,4,18,1,0.062299735302312614,9.994140625,1431,64.87672203583824,ok,spline/cr-first/cr,9962.0
pfpl,1,10.0,64.88220587808944,1,177.83834004335708,1308751,7.020311732331055,CXIDB21,161.98589562764457,100.0,10.0,run0016_151145_7497,10.0,64.88243659429477,4,18,1,0.062299735302312614,10.0,1431,65.26927645420282,ok,,9962.0
cuszp3,1,10.0,64.88220587808944,1,112.77297,1549408,5.929903550259196,CXIDB21,93.372361,100.0,10.0,run0016_151145_7497,10.0,64.88243659429477,4,18,1,0.062299735302312614,10.0,1431,65.26927645420282,ok,,9962.0
roibin_b1,1,100.0,43.586286441511945,1,87.48324,444736,20.65908763850914,CXIDB21,93.799411,100.0,10.0,run0016_151146_759f,100.0,43.58870697865358,4,16,1,0.05642240178322653,10.0,1296,62.63122778675957,ok,,7820.0
roibin_b2,n/a,1599.0,41.33439801595793,2,114.98599,99200,92.61935483870968,CXIDB21,109.04671,100.0,10.0,run0016_151146_759f,1599.0,41.33683091276945,4,16,1,0.05642240178322653,10.0,1296,62.63122778675957,ok,,7820.0
cuszhi,1,10.0,63.350147507738924,1,27.981422545720335,888837,10.33692341790452,CXIDB21,25.48326972574776,100.0,10.0,run0016_151146_759f,10.0,63.34973380911599,4,16,1,0.05642240178322653,9.998382568359375,1296,62.67260618855239,ok,spline/cr-first/cr,7820.0
pfpl,1,10.0,62.22240837324274,1,177.2892868169188,990906,9.272161032428908,CXIDB21,161.89455878206937,100.0,10.0,run0016_151146_759f,10.0,62.22262852058883,4,16,1,0.05642240178322653,10.0,1296,62.63122778675957,ok,,7820.0
cuszp3,1,10.0,62.22240837324274,1,138.03846,1160032,7.920333232186699,CXIDB21,136.33428,100.0,10.0,run0016_151146_759f,10.0,62.22262852058883,4,16,1,0.05642240178322653,10.0,1296,62.63122778675957,ok,,7820.0
roibin_b1,1,100.0,44.97113502711282,1,86.612366,463648,19.816412450824764,CXIDB21,93.830065,100.0,10.0,run0016_151146_75db,100.0,44.97416141485669,4,20,1,0.07052800222903316,10.0,1620,64.07394055307145,ok,,9168.0
roibin_b2,n/a,2577.0,42.50905529555242,2,111.37315,104304,88.08712992790305,CXIDB21,106.18343,100.0,10.0,run0016_151146_75db,2577.0,42.51209799062787,4,20,1,0.07052800222903316,10.0,1620,64.07394055307145,ok,,9168.0
cuszhi,1,10.0,64.7337455992633,1,27.155842908338567,914005,10.052286366048326,CXIDB21,25.180442885332162,100.0,10.0,run0016_151146_75db,10.0,64.73320871505942,4,20,1,0.07052800222903316,10.0,1620,64.03228857304092,ok,spline/cr-first/cr,9168.0
pfpl,1,10.0,63.817707341934536,1,179.67459324155195,999682,9.190762662526684,CXIDB21,162.53608831021793,100.0,10.0,run0016_151146_75db,10.0,63.817882833845935,4,20,1,0.07052800222903316,10.0,1620,64.07394055307145,ok,,9168.0
cuszp3,1,10.0,63.817707341934536,1,141.64775,1165248,7.884879441972868,CXIDB21,133.3581,100.0,10.0,run0016_151146_75db,10.0,63.817882833845935,4,20,1,0.07052800222903316,10.0,1620,64.07394055307145,ok,,9168.0
roibin_b1,1,100.0,46.51417726309515,1,88.781696,211392,43.46351801392673,CXIDB21,88.344614,100.0,10.0,run0016_151147_772b,100.0,46.51657451817216,4,16,1,0.05642240178322653,10.0,1296,63.09869678296809,ok,,8393.0
roibin_b2,n/a,1517.0,45.44758961603309,2,114.43603,40048,229.42069516580105,CXIDB21,103.61603,100.0,10.0,run0016_151147_772b,1517.0,45.4499985930093,4,16,1,0.05642240178322653,10.0,1296,63.09869678296809,ok,,8393.0
cuszhi,1,10.0,64.24781587154914,1,28.158509301541578,588786,15.604718862201207,CXIDB21,28.030850336815387,100.0,10.0,run0016_151147_772b,10.0,64.24721572499548,4,16,1,0.05642240178322653,9.999176025390625,1296,63.29634793150468,ok,spline/cr-first/cr,8393.0
pfpl,1,10.0,62.96515195794541,1,178.77957658779576,686822,13.37732338218636,CXIDB21,164.20932227623678,100.0,10.0,run0016_151147_772b,10.0,62.96522616107317,4,16,1,0.05642240178322653,10.0,1296,63.09869678296809,ok,,8393.0
cuszp3,1,10.0,62.96515195794541,1,143.9198,832672,11.03416471311633,CXIDB21,137.70743,100.0,10.0,run0016_151147_772b,10.0,62.96522616107317,4,16,1,0.05642240178322653,10.0,1296,63.09869678296809,ok,,8393.0
roibin_b1,1,100.0,39.862622033176656,1,90.232558,672016,13.672055427251733,CXIDB21,89.557081,100.0,10.0,run0016_151148_78c3,100.0,39.86479251193504,4,15,1,0.05050153246029535,10.0,1160,59.59674484155861,ok,,5262.0
roibin_b2,n/a,2331.0,34.34011751776684,2,117.86536,167072,54.99329630339015,CXIDB21,100.11158,100.0,10.0,run0016_151148_78c3,2331.0,34.34230478443857,4,15,1,0.05050153246029535,10.0,1160,59.59674484155861,ok,,5262.0
cuszhi,1,10.0,59.803464497154735,1,26.445078303317775,1137753,8.07542586132491,CXIDB21,23.525748699250276,100.0,10.0,run0016_151148_78c3,10.0,59.80308506281527,4,15,1,0.05050153246029535,9.99688720703125,1160,59.11045394440909,ok,spline/cr-first/cr,5262.0
pfpl,1,10.0,59.314445144845735,1,176.47203441917642,1243363,7.389507328109329,CXIDB21,162.0773355913068,100.0,10.0,run0016_151148_78c3,10.0,59.31458317797732,4,15,1,0.05050153246029535,10.0,1160,59.59674484155861,ok,,5262.0
cuszp3,1,10.0,59.314445144845735,1,137.50957,1459744,6.294144726746608,CXIDB21,135.49787,100.0,10.0,run0016_151148_78c3,10.0,59.31458317797732,4,15,1,0.05050153246029535,10.0,1160,59.59674484155861,ok,,5262.0
roibin_b1,1,100.0,49.66392189127727,1,67.367435,810672,11.333609647304952,CXIDB21,65.32878,100.0,10.0,run0016_151152_7e1b,100.0,49.666533571066935,4,18,1,0.060732446363889664,10.0,1395,69.61379423144544,ok,,15955.0
roibin_b2,n/a,10654.0,41.036565014491224,2,110.60093,204016,45.03489922359031,CXIDB21,104.02898,100.0,10.0,run0016_151152_7e1b,10654.0,41.03919973014918,4,18,1,0.060732446363889664,10.0,1395,69.61379423144544,ok,,15955.0
cuszhi,1,10.0,69.3548874590342,1,26.447894897436342,1277978,7.18935693728687,CXIDB21,22.712494561563105,100.0,10.0,run0016_151152_7e1b,10.0,69.35460114820464,4,18,1,0.060732446363889664,9.9940185546875,1395,68.90731777639502,ok,spline/cr-first/cr,15955.0
pfpl,1,10.0,69.13381934097492,1,176.4720344191764,1372095,6.696212725795226,CXIDB21,162.39819004524887,100.0,10.0,run0016_151152_7e1b,10.0,69.1340953195388,4,18,1,0.060732446363889664,10.0,1395,69.61379423144544,ok,,15955.0
cuszp3,1,10.0,69.13381934097492,1,137.05013,1640512,5.600592985604494,CXIDB21,134.29373,100.0,10.0,run0016_151152_7e1b,10.0,69.1340953195388,4,18,1,0.060732446363889664,10.0,1395,69.61379423144544,ok,,15955.0
roibin_b1,1,100.0,44.91743589971032,1,87.750611,691680,13.283368031459634,CXIDB21,88.208907,100.0,10.0,run0016_151152_7eb7,100.0,44.91990009735706,4,17,1,0.05738018946781833,10.0,1318,64.33577878399902,ok,,9292.0
roibin_b2,n/a,2093.0,38.900251121671175,2,113.57595,172896,53.140847677216364,CXIDB21,106.57758,100.0,10.0,run0016_151152_7eb7,2093.0,38.902736694353926,4,17,1,0.05738018946781833,10.0,1318,64.33577878399902,ok,,9292.0
cuszhi,1,10.0,64.70111557737751,1,26.51582665712372,1164549,7.889612201805162,CXIDB21,22.992592592592594,100.0,10.0,run0016_151152_7eb7,10.0,64.7008147871181,4,17,1,0.05738018946781833,9.99847412109375,1318,64.20619466456114,ok,spline/cr-first/cr,9292.0
pfpl,1,10.0,64.38930123779284,1,176.25537139349294,1261236,7.284790475374949,CXIDB21,161.53023909985936,100.0,10.0,run0016_151152_7eb7,10.0,64.38927033659462,4,17,1,0.05738018946781833,10.0,1318,64.33577878399902,ok,,9292.0
cuszp3,1,10.0,64.38930123779284,1,136.07583,1490240,6.165342495168564,CXIDB21,132.00919,100.0,10.0,run0016_151152_7eb7,10.0,64.38927033659462,4,17,1,0.05738018946781833,10.0,1318,64.33577878399902,ok,,9292.0
roibin_b1,1,100.0,48.648416653161505,1,89.250853,606720,15.143459915611814,CXIDB21,92.679146,100.0,10.0,run0016_151155_825f,100.0,48.65061659548755,4,15,1,0.051198105321816664,10.0,1176,68.29498263296568,ok,,14932.0
roibin_b2,n/a,11054.0,44.71931850374381,2,111.85041,146192,62.84776184743351,CXIDB21,100.92091,100.0,10.0,run0016_151155_825f,11054.0,44.72153281311449,4,15,1,0.051198105321816664,10.0,1176,68.29498263296568,ok,,14932.0
cuszhi,1,10.0,68.89925884535442,1,27.059629116408793,1039861,8.83564245605903,CXIDB21,24.395258931985214,100.0,10.0,run0016_151155_825f,10.0,68.89897281730174,4,15,1,0.051198105321816664,9.989524841308594,1176,68.37369455076167,ok,spline/cr-first/cr,14932.0
pfpl,1,10.0,68.1801810990239,1,177.89343246592315,1160447,7.917500756174129,CXIDB21,162.76643990929705,100.0,10.0,run0016_151155_825f,10.0,68.18023910557554,4,15,1,0.051198105321816664,10.0,1176,68.29498263296568,ok,,14932.0
cuszp3,1,10.0,68.1801810990239,1,139.17595,1344080,6.835783584310458,CXIDB21,130.15412,100.0,10.0,run0016_151155_825f,10.0,68.18023910557554,4,15,1,0.051198105321816664,10.0,1176,68.29498263296568,ok,,14932.0
roibin_b1,1,100.0,49.49743332507201,1,86.586246,775040,11.854665565648224,CXIDB21,87.750611,100.0,10.0,run0016_151156_83df,100.0,49.50615001118672,4,59,1,0.20278977431039286,10.0,4658,68.98484157342045,ok,,15616.0
roibin_b2,n/a,10854.0,41.870405027537906,2,115.44833,197888,46.42949547218629,CXIDB21,101.7074,100.0,10.0,run0016_151156_83df,10854.0,41.8792038673909,4,59,1,0.20278977431039286,10.0,4658,68.98484157342045,ok,,15616.0
cuszhi,1,10.0,69.18074673958988,1,26.40218048796608,1240688,7.405439562565286,CXIDB21,22.86715514495062,100.0,10.0,run0016_151156_83df,10.0,69.1796924185572,4,59,1,0.20278977431039286,9.9984130859375,4658,68.68962189461506,ok,spline/cr-first/cr,15616.0
pfpl,1,10.0,68.89593010778452,1,180.46511627906978,1343971,6.8363379864595295,CXIDB21,160.76147816349385,100.0,10.0,run0016_151156_83df,10.0,68.8961085817018,4,59,1,0.20278977431039286,10.0,4658,68.98484157342045,ok,,15616.0
cuszp3,1,10.0,68.89593010778452,1,136.91942,1598512,5.747745403224999,CXIDB21,134.67167,100.0,10.0,run0016_151156_83df,10.0,68.8961085817018,4,59,1,0.20278977431039286,10.0,4658,68.98484157342045,ok,,15616.0
roibin_b1,1,100.0,49.2565541214524,1,88.617284,741392,12.392688348404084,CXIDB21,90.431497,100.0,10.0,run0016_151156_83f7,100.0,49.26024648892912,4,25,1,0.08593967679019225,10.0,1974,68.79434225974377,ok,,15124.0
roibin_b2,n/a,2284.0,42.20604941150117,2,118.74276,186240,49.333333333333336,CXIDB21,103.16924,100.0,10.0,run0016_151156_83f7,2284.0,42.20977513444389,4,25,1,0.08593967679019225,10.0,1974,68.79434225974377,ok,,15124.0
cuszhi,1,10.0,68.889062661097,1,26.216403228314665,1215360,7.559768299104792,CXIDB21,22.805401111993646,100.0,10.0,run0016_151156_83f7,10.0,68.8887307452605,4,25,1,0.08593967679019225,10.0,1974,68.51904812843416,ok,spline/cr-first/cr,15124.0
pfpl,1,10.0,68.5780579912136,1,176.9614791987673,1318294,6.969492389406309,CXIDB21,161.5756893640968,100.0,10.0,run0016_151156_83f7,10.0,68.57823931650336,4,25,1,0.08593967679019225,10.0,1974,68.79434225974377,ok,,15124.0
cuszp3,1,10.0,68.5780579912136,1,135.62588,1560896,5.886260199270163,CXIDB21,134.41948,100.0,10.0,run0016_151156_83f7,10.0,68.57823931650336,4,25,1,0.08593967679019225,10.0,1974,68.79434225974377,ok,,15124.0
roibin_b1,1,100.0,43.30746284186822,1,84.22411,515280,17.830771619313772,CXIDB21,93.463538,100.0,10.0,run0016_151200_8a0f,100.0,43.3106439097089,4,21,1,0.07405440234048481,10.0,1701,62.789086304470985,ok,,7856.0
roibin_b2,n/a,1327.0,40.481333370784476,2,119.58351,117360,78.28766189502386,CXIDB21,107.57587,100.0,10.0,run0016_151200_8a0f,1327.0,40.484531785811654,4,21,1,0.07405440234048481,10.0,1701,62.789086304470985,ok,,7856.0
cuszhi,1,10.0,63.347511519515116,1,27.652353184605545,983958,9.337634329920586,CXIDB21,24.541219710244025,100.0,10.0,run0016_151200_8a0f,10.0,63.34695370638117,4,21,1,0.07405440234048481,9.9884033203125,1701,62.65285508761222,ok,spline/cr-first/cr,7856.0
pfpl,1,10.0,62.66027720940568,1,177.6183111660996,1049148,8.757429838306892,CXIDB21,164.20932227623678,100.0,10.0,run0016_151200_8a0f,10.0,62.6603711985235,4,21,1,0.07405440234048481,10.0,1701,62.789086304470985,ok,,7856.0
cuszp3,1,10.0,62.66027720940568,1,137.77351,1223136,7.511707610600947,CXIDB21,134.04295,100.0,10.0,run0016_151200_8a0f,10.0,62.6603711985235,4,21,1,0.07405440234048481,10.0,1701,62.789086304470985,ok,,7856.0
roibin_b1,1,100.0,49.54379992618645,1,82.081187,829904,11.070967244404173,CXIDB21,88.426238,100.0,10.0,run0016_151201_8b3b,100.0,49.54607492333147,4,16,1,0.05289600167177487,10.0,1215,69.56838204198569,ok,,15944.0
roibin_b2,n/a,10654.0,40.61263114700657,2,113.30703,208272,44.114619343934855,CXIDB21,102.50625,100.0,10.0,run0016_151201_8b3b,10654.0,40.614926075738765,4,16,1,0.05289600167177487,10.0,1215,69.56838204198569,ok,,15944.0
cuszhi,1,10.0,69.33702601853223,1,26.34098232818431,1293721,7.101871268998494,CXIDB21,22.636392305266476,100.0,10.0,run0016_151201_8b3b,10.0,69.33676336514904,4,16,1,0.05289600167177487,9.99871826171875,1215,68.86685827052388,ok,spline/cr-first/cr,15944.0
pfpl,1,10.0,69.05066620702242,1,175.50122249388752,1385895,6.629535426565504,CXIDB21,161.80332488024794,100.0,10.0,run0016_151201_8b3b,10.0,69.05092437271618,4,16,1,0.05289600167177487,10.0,1215,69.56838204198569,ok,,15944.0
cuszp3,1,10.0,69.05066620702242,1,133.91791,1667856,5.50877293963028,CXIDB21,129.50835,100.0,10.0,run0016_151201_8b3b,10.0,69.05092437271618,4,16,1,0.05289600167177487,10.0,1215,69.56838204198569,ok,,15944.0
roibin_b1,1,100.0,49.26935586925281,1,88.263139,646800,14.205071119356834,CXIDB21,89.140016,100.0,10.0,run0016_151205_9183,100.0,49.27239825399972,4,21,1,0.07078921705210366,10.0,1626,68.95945620184887,ok,,15852.0
roibin_b2,n/a,11054.0,44.46696306520726,2,111.58958,160576,57.218015145476286,CXIDB21,104.59745,100.0,10.0,run0016_151205_9183,11054.0,44.47002755574873,4,21,1,0.07078921705210366,10.0,1626,68.95945620184887,ok,,15852.0
cuszhi,1,10.0,69.3830862824493,1,26.71221506207907,1099073,8.359626703594756,CXIDB21,23.64489829531417,100.0,10.0,run0016_151205_9183,10.0,69.38261661029097,4,21,1,0.07078921705210366,9.9954833984375,1626,68.76562145497962,ok,spline/cr-first/cr,15852.0
pfpl,1,10.0,68.86491711601708,1,177.89343246592315,1210501,7.590113514982639,CXIDB21,161.39404159640247,100.0,10.0,run0016_151205_9183,10.0,68.86498331684761,4,21,1,0.07078921705210366,10.0,1626,68.95945620184887,ok,,15852.0
cuszp3,1,10.0,68.86491711601708,1,137.44375,1415584,6.490494382530461,CXIDB21,131.88792,100.0,10.0,run0016_151205_9183,10.0,68.86498331684761,4,21,1,0.07078921705210366,10.0,1626,68.95945620184887,ok,,15852.0
roibin_b1,1,100.0,49.170822078799986,1,84.646227,716672,12.820146454724059,CXIDB21,91.614547,100.0,10.0,run0016_151212_9b73,100.0,49.17298638972428,4,15,1,0.05032738924491502,10.0,1156,69.15849725311894,ok,,14929.0
roibin_b2,n/a,10854.0,42.49226711977359,2,115.63431,179472,51.193723812070964,CXIDB21,105.09517,100.0,10.0,run0016_151212_9b73,10854.0,42.49444864893245,4,15,1,0.05032738924491502,10.0,1156,69.15849725311894,ok,,14929.0
cuszhi,1,10.0,68.82007030972359,1,26.34502316125712,1190780,7.715816523623172,CXIDB21,23.428804569563443,100.0,10.0,run0016_151212_9b73,10.0,68.81986884609381,4,15,1,0.05032738924491502,9.983154296875,1156,68.43714388843927,ok,spline/cr-first/cr,14929.0
pfpl,1,10.0,68.44249094621132,1,171.56856886764265,1294410,7.098091022164538,CXIDB21,162.9049645390071,100.0,10.0,run0016_151212_9b73,10.0,68.44282316890109,4,15,1,0.05032738924491502,10.0,1156,69.15849725311894,ok,,14929.0
cuszp3,1,10.0,68.44249094621132,1,132.43543,1527936,6.0132361564882295,CXIDB21,123.65202,100.0,10.0,run0016_151212_9b73,10.0,68.44282316890109,4,15,1,0.05032738924491502,10.0,1156,69.15849725311894,ok,,14929.0
roibin_b1,1,100.0,49.32945836364777,1,92.114213,623728,14.730523561552472,CXIDB21,88.181815,100.0,10.0,run0016_151213_9c4b,100.0,49.33168165554218,4,15,1,0.05172053496795765,10.0,1188,69.13854360050563,ok,,15963.0
roibin_b2,n/a,11054.0,44.91306070101433,2,115.35556,153680,59.78552837064029,CXIDB21,101.2769,100.0,10.0,run0016_151213_9c4b,11054.0,44.915298982164664,4,15,1,0.05172053496795765,10.0,1188,69.13854360050563,ok,,15963.0
cuszhi,1,10.0,69.5023020337829,1,26.828512653099363,1067506,8.606827502608885,CXIDB21,24.08219752568673,100.0,10.0,run0016_151213_9c4b,10.0,69.50204531067361,4,15,1,0.05172053496795765,9.99658203125,1188,69.03229688373655,ok,spline/cr-first/cr,15963.0
pfpl,1,10.0,69.03367064087817,1,178.33540372670808,1167404,7.870317387982224,CXIDB21,151.87516530018513,100.0,10.0,run0016_151213_9c4b,10.0,69.03372423240326,4,15,1,0.05172053496795765,10.0,1188,69.13854360050563,ok,,15963.0
cuszp3,1,10.0,69.03367064087817,1,136.26958,1385600,6.63094688221709,CXIDB21,134.10556,100.0,10.0,run0016_151213_9c4b,10.0,69.03372423240326,4,15,1,0.05172053496795765,10.0,1188,69.13854360050563,ok,,15963.0
roibin_b1,1,100.0,44.13724597065624,1,86.743201,480864,19.106940839821654,CXIDB21,89.278606,100.0,10.0,run0016_151213_9c9f,100.0,44.13951462320067,4,15,1,0.05289600167177487,10.0,1215,63.09786015621483,ok,,8373.0
roibin_b2,n/a,4588.0,41.50317848543232,2,114.39044,108880,84.38501102130786,CXIDB21,104.25563,100.0,10.0,run0016_151213_9c9f,4588.0,41.50546041647254,4,15,1,0.05289600167177487,10.0,1215,63.09786015621483,ok,,8373.0
cuszhi,1,10.0,63.991067506312085,1,27.51707118384168,935976,9.81632007658316,CXIDB21,24.88365038783204,100.0,10.0,run0016_151213_9c9f,10.0,63.99079505407791,4,15,1,0.05289600167177487,9.99163818359375,1215,63.504306473806885,ok,spline/cr-first/cr,8373.0
pfpl,1,10.0,63.08109688071896,1,178.16940738442443,1020186,9.006043995898787,CXIDB21,163.2291074474133,100.0,10.0,run0016_151213_9c9f,10.0,63.08110573073945,4,15,1,0.05289600167177487,10.0,1215,63.09786015621483,ok,,8373.0
cuszp3,1,10.0,63.08109688071896,1,140.40098,1181312,7.777657384331997,CXIDB21,136.01137,100.0,10.0,run0016_151213_9c9f,10.0,63.08110573073945,4,15,1,0.05289600167177487,10.0,1215,63.09786015621483,ok,,8373.0
roibin_b1,1,100.0,49.698474453781735,1,86.664652,731248,12.564601886090628,CXIDB21,90.860757,100.0,10.0,run0016_151216_a0a7,100.0,49.70470358590847,4,44,1,0.14497422680412372,10.0,3330,69.14715743933684,ok,,15896.0
roibin_b2,n/a,10854.0,42.81817422640556,2,118.93952,185504,49.52906675866828,CXIDB21,107.77778,100.0,10.0,run0016_151216_a0a7,10854.0,42.824460262684255,4,44,1,0.14497422680412372,10.0,3330,69.14715743933684,ok,,15896.0
cuszhi,1,10.0,69.36501251221227,1,26.403432391035086,1198808,7.664146385409507,CXIDB21,23.34593649632069,100.0,10.0,run0016_151216_a0a7,10.0,69.3640487076729,4,44,1,0.14497422680412372,9.9996337890625,3330,68.74636024306956,ok,spline/cr-first/cr,15896.0
pfpl,1,10.0,68.81089158516,1,178.05891472868217,1306245,7.033780033607784,CXIDB21,161.03196859226023,100.0,10.0,run0016_151216_a0a7,10.0,68.8113607140881,4,44,1,0.14497422680412372,10.0,3330,69.14715743933684,ok,,15896.0
cuszp3,1,10.0,68.81089158516,1,136.20493,1546112,5.942544912658333,CXIDB21,135.1789,100.0,10.0,run0016_151216_a0a7,10.0,68.8113607140881,4,44,1,0.14497422680412372,10.0,3330,69.14715743933684,ok,,15896.0
roibin_b1,1,100.0,49.61120352679254,1,87.536584,705136,13.029883596923147,CXIDB21,89.389788,100.0,10.0,run0016_151221_a713,100.0,49.61336636285686,4,15,1,0.05032738924491502,10.0,1156,69.3162038665342,ok,,15862.0
roibin_b2,n/a,10854.0,43.333706742329646,2,108.92261,176256,52.127814088598406,CXIDB21,108.63412,100.0,10.0,run0016_151221_a713,10854.0,43.335887468108304,4,15,1,0.05032738924491502,10.0,1156,69.3162038665342,ok,,15862.0
cuszhi,1,10.0,69.28991963751584,1,26.392965583410174,1183055,7.766198528386254,CXIDB21,23.19037234472175,100.0,10.0,run0016_151221_a713,10.0,69.28979111471602,4,15,1,0.05032738924491502,9.97479248046875,1156,69.04176889031483,ok,spline/cr-first/cr,15862.0
pfpl,1,10.0,68.92292219301842,1,178.94671237145528,1288856,7.128678455933014,CXIDB21,161.89455878206937,100.0,10.0,run0016_151221_a713,10.0,68.92311142819571,4,15,1,0.05032738924491502,10.0,1156,69.3162038665342,ok,,15862.0
cuszp3,1,10.0,68.92292219301842,1,131.4652,1506992,6.096807415036046,CXIDB21,134.10556,100.0,10.0,run0016_151221_a713,10.0,68.92311142819571,4,15,1,0.05032738924491502,10.0,1156,69.3162038665342,ok,,15862.0
roibin_b1,1,100.0,43.82375872997852,1,88.836636,580016,15.840666464373397,CXIDB21,88.946719,100.0,10.0,run0016_151222_a947,100.0,43.825987575408455,4,15,1,0.0518511423794929,10.0,1191,63.621370503754115,ok,,8569.0
roibin_b2,n/a,3690.0,40.309108642888006,2,118.84106,136544,67.28849308647762,CXIDB21,103.05815,100.0,10.0,run0016_151222_a947,3690.0,40.31135058488995,4,15,1,0.0518511423794929,10.0,1191,63.621370503754115,ok,,8569.0
cuszhi,1,10.0,64.06102051185223,1,27.296181201314333,1012686,9.072743180018287,CXIDB21,24.678327388370796,100.0,10.0,run0016_151222_a947,10.0,64.06060057168025,4,15,1,0.0518511423794929,9.9906005859375,1191,63.3183636107809,ok,spline/cr-first/cr,8569.0
pfpl,1,10.0,63.155801106508804,1,178.22470515207945,1130914,8.124260553852901,CXIDB21,161.75774647887323,100.0,10.0,run0016_151222_a947,10.0,63.15603002647221,4,15,1,0.0518511423794929,10.0,1191,63.621370503754115,ok,,8569.0
cuszp3,1,10.0,63.155801106508804,1,136.14035,1313216,6.996442321750573,CXIDB21,134.67167,100.0,10.0,run0016_151222_a947,10.0,63.15603002647221,4,15,1,0.0518511423794929,10.0,1191,63.621370503754115,ok,,8569.0
roibin_b1,1,100.0,45.130304212146385,1,87.965688,721168,12.740221418587625,CXIDB21,92.114213,100.0,10.0,run0016_151223_aabb,100.0,45.13425846600538,4,27,1,0.09207822513234885,10.0,2115,64.47964656597665,ok,,9391.0
roibin_b2,n/a,2365.0,38.45015460121245,2,123.5988,180960,50.772767462422635,CXIDB21,103.4294,100.0,10.0,run0016_151223_aabb,2365.0,38.45414536391073,4,27,1,0.09207822513234885,10.0,2115,64.47964656597665,ok,,9391.0
cuszhi,1,10.0,64.76143899809382,1,26.309265243417915,1196670,7.6778393374948815,CXIDB21,23.282517028867986,100.0,10.0,run0016_151223_aabb,10.0,64.76091931282971,4,27,1,0.09207822513234885,9.99560546875,2115,64.23079054767783,ok,spline/cr-first/cr,9391.0
pfpl,1,10.0,64.40886452169462,1,179.33791380387257,1299295,7.071404107612205,CXIDB21,163.88127853881278,100.0,10.0,run0016_151223_aabb,10.0,64.40892916878423,4,27,1,0.09207822513234885,10.0,2115,64.47964656597665,ok,,9391.0
cuszp3,1,10.0,64.40886452169462,1,133.73078,1531904,5.997660427807487,CXIDB21,136.07583,100.0,10.0,run0016_151223_aabb,10.0,64.40892916878423,4,27,1,0.09207822513234885,10.0,2115,64.47964656597665,ok,,9391.0
roibin_b1,1,100.0,45.55341922457463,1,88.181815,724928,12.674141431976693,CXIDB21,86.743201,100.0,10.0,run0016_151226_ae3f,100.0,45.55711683010881,4,26,1,0.08607028420172749,10.0,1977,65.05215953595209,ok,,9858.0
roibin_b2,n/a,2315.0,38.76287172149748,2,114.89396,182560,50.327782646801055,CXIDB21,102.83667,100.0,10.0,run0016_151226_ae3f,2315.0,38.76660252412589,4,26,1,0.08607028420172749,10.0,1977,65.05215953595209,ok,,9858.0
cuszhi,1,10.0,65.2094494760313,1,26.016046528419796,1197519,7.672396012088326,CXIDB21,23.284405157732543,100.0,10.0,run0016_151226_ae3f,10.0,65.20899618861118,4,26,1,0.08607028420172749,10.0,1977,64.71234160415435,ok,spline/cr-first/cr,9858.0
pfpl,1,10.0,64.78071606361654,1,177.94855903315775,1305446,7.038085068244876,CXIDB21,160.31267448352878,100.0,10.0,run0016_151226_ae3f,10.0,64.78094255019892,4,26,1,0.08607028420172749,10.0,1977,65.05215953595209,ok,,9858.0
cuszp3,1,10.0,64.78071606361654,1,136.26958,1537360,5.976375084560545,CXIDB21,134.10556,100.0,10.0,run0016_151226_ae3f,10.0,64.78094255019892,4,26,1,0.08607028420172749,10.0,1977,65.05215953595209,ok,,9858.0
roibin_b1,1,100.0,49.67318483809934,1,88.317439,803296,11.437676771700593,CXIDB21,89.278606,100.0,10.0,run0016_151228_b0c7,100.0,49.67537248074513,4,15,1,0.05089335469490108,10.0,1169,69.46677497877448,ok,,15956.0
roibin_b2,n/a,10854.0,41.30393708453873,2,120.74012,201728,45.545685279187815,CXIDB21,100.28642,100.0,10.0,run0016_151228_b0c7,10854.0,41.30614454163582,4,15,1,0.05089335469490108,10.0,1169,69.46677497877448,ok,,15956.0
cuszhi,1,10.0,69.31586649045838,1,26.47792507204611,1271310,7.2270649959490605,CXIDB21,22.665877244918097,100.0,10.0,run0016_151228_b0c7,10.0,69.31552566967729,4,15,1,0.05089335469490108,9.98828125,1169,68.69303796207878,ok,spline/cr-first/cr,15956.0
pfpl,1,10.0,68.8328335658654,1,178.05891472868217,1385443,6.631698308771996,CXIDB21,161.39404159640247,100.0,10.0,run0016_151228_b0c7,10.0,68.83313376790791,4,15,1,0.05089335469490108,10.0,1169,69.46677497877448,ok,,15956.0
cuszp3,1,10.0,68.8328335658654,1,133.7931,1634912,5.619776477266055,CXIDB21,135.88263,100.0,10.0,run0016_151228_b0c7,10.0,68.83313376790791,4,15,1,0.05089335469490108,10.0,1169,69.46677497877448,ok,,15956.0
roibin_b1,1,100.0,49.62195736345237,1,86.118776,742128,12.380397990643123,CXIDB21,90.175879,100.0,10.0,run0016_151234_b94f,100.0,49.62828792738013,4,43,1,0.14736869601560323,10.0,3385,68.9804633154533,ok,,15683.0
roibin_b2,n/a,10854.0,42.46364154968494,2,120.33529,188320,48.78844519966015,CXIDB21,100.85002,100.0,10.0,run0016_151234_b94f,10854.0,42.47003211759223,4,43,1,0.14736869601560323,10.0,3385,68.9804633154533,ok,,15683.0
cuszhi,1,10.0,69.19339496822036,1,26.27544512889148,1215701,7.557647809782175,CXIDB21,23.248582995951416,100.0,10.0,run0016_151234_b94f,10.0,69.19272260343469,4,43,1,0.14736869601560323,9.998291015625,3385,68.7595253215205,ok,spline/cr-first/cr,15683.0
pfpl,1,10.0,68.78107916874309,1,176.63488157490002,1314575,6.9892094403134095,CXIDB21,164.63302752293575,100.0,10.0,run0016_151234_b94f,10.0,68.78136636525232,4,43,1,0.14736869601560323,10.0,3385,68.9804633154533,ok,,15683.0
cuszp3,1,10.0,68.78107916874309,1,134.10556,1547408,5.937567855407236,CXIDB21,133.17255,100.0,10.0,run0016_151234_b94f,10.0,68.78136636525232,4,43,1,0.14736869601560323,10.0,3385,68.9804633154533,ok,,15683.0
roibin_b1,1,100.0,49.069934592996695,1,85.93834,808704,11.361190250079138,CXIDB21,90.119271,100.0,10.0,run0016_151241_c393,100.0,49.07333981518488,4,24,1,0.0792351629980496,10.0,1820,68.72547823442304,ok,,14914.0
roibin_b2,n/a,3223.0,40.52736056381201,2,113.89131,203552,45.13755698789498,CXIDB21,108.34717,100.0,10.0,run0016_151241_c393,3223.0,40.5307978524731,4,24,1,0.0792351629980496,10.0,1820,68.72547823442304,ok,,14914.0
cuszhi,1,10.0,68.77689676604945,1,25.994774359561973,1272952,7.217742695718299,CXIDB21,22.868976503385106,100.0,10.0,run0016_151241_c393,10.0,68.77652058970699,4,24,1,0.0792351629980496,9.9970703125,1820,68.32632005972825,ok,spline/cr-first/cr,14914.0
pfpl,1,10.0,68.28319751388943,1,178.0037197768134,1378048,6.667285900055731,CXIDB21,160.98682366134005,100.0,10.0,run0016_151241_c393,10.0,68.2835307148496,4,24,1,0.0792351629980496,10.0,1820,68.72547823442304,ok,,14914.0
cuszp3,1,10.0,68.28319751388943,1,136.20493,1638368,5.607922029727143,CXIDB21,129.1588,100.0,10.0,run0016_151241_c393,10.0,68.2835307148496,4,24,1,0.0792351629980496,10.0,1820,68.72547823442304,ok,,14914.0
