arm,bg_bound_ok,bg_max_abs_err,bg_psnr_db,bin_factor,cmp_gbs,compressed_bytes,cr,dataset,dec_gbs,eb_bg,eb_roi,frame,global_max_abs_err,global_psnr_db,half_width,npeaks,roi_bound_ok,roi_frac_pct,roi_max_abs_err,roi_pixels,roi_psnr_db,status,tuning,value_range
roibin_b1,1,99.99998474121094,45.54762624848376,1,88.371805,537248,17.101673714932396,EXAFEL,85.528747,100.0,10.0,exafel_f000,99.99998474121094,45.56393390629392,4,108,1,0.37967574533296183,9.997665405273438,8721,64.45563595181176,ok,,8963.193359375
roibin_b2,n/a,2137.54150390625,43.15932762176013,2,110.64355,94432,97.29583192138259,EXAFEL,108.79878,100.0,10.0,exafel_f000,2137.54150390625,43.17572530797857,4,108,1,0.37967574533296183,9.997665405273438,8721,64.45563595181176,ok,,8963.193359375
cuszhi,1,9.999996185302734,63.84592930131675,1,27.349686476285164,1066507,8.61488954127821,EXAFEL,29.978595666927696,100.0,10.0,exafel_f000,9.999996185302734,63.845930901534885,4,108,1,0.37967574533296183,9.994696855545044,8721,63.84635079136871,ok,spline/cr-first/cr,8963.193359375
pfpl,1,9.999984741210938,64.83178648402334,1,176.96147919876734,1247861,7.362871345446328,EXAFEL,159.06925207756234,100.0,10.0,exafel_f000,9.999984741210938,64.83029491546989,4,108,1,0.37967574533296183,9.997665405273438,8721,64.45563595181176,ok,,8963.193359375
cuszp3,1,9.999984741210938,64.83178648402334,1,139.24345,1323696,6.941049908740376,EXAFEL,135.62588,100.0,10.0,exafel_f000,9.999984741210938,64.83029491546989,4,108,1,0.37967574533296183,9.997665405273438,8721,64.45563595181176,ok,,8963.193359375
roibin_b1,1,99.99993896484375,47.09100232845898,1,86.248123,654304,14.042157773756541,EXAFEL,81.893898,100.0,10.0,exafel_f001,99.99993896484375,47.101280975743855,4,68,1,0.23901156310950125,9.998992919921875,5490,66.69745879791057,ok,,12237.861328125
roibin_b2,n/a,3640.4931640625,44.158472718800915,2,113.39653,118464,77.55807671528903,EXAFEL,100.28642,100.0,10.0,exafel_f001,3640.4931640625,44.16880729538768,4,68,1,0.23901156310950125,9.998992919921875,5490,66.69745879791057,ok,,12237.861328125
cuszhi,1,9.999987602233887,66.53637620922768,1,27.18356176542379,1171030,7.845947584605006,EXAFEL,30.282128355218056,100.0,10.0,exafel_f001,9.999987602233887,66.5364223000752,4,68,1,0.23901156310950125,9.99908447265625,5490,66.55570298721969,ok,spline/cr-first/cr,12237.861328125
pfpl,1,10.0,67.04594218609664,1,177.17988275223698,1368753,6.712562456484114,EXAFEL,162.0316027088036,100.0,10.0,exafel_f001,10.0,67.04507502794957,4,68,1,0.23901156310950125,9.998992919921875,5490,66.69745879791057,ok,,12237.861328125
cuszp3,1,10.0,67.04594218609664,1,138.50459,1407632,6.527160507860009,EXAFEL,134.48244,100.0,10.0,exafel_f001,10.0,67.04507502794957,4,68,1,0.23901156310950125,9.998992919921875,5490,66.69745879791057,ok,,12237.861328125
roibin_b1,1,99.9999008178711,45.271322910886646,1,84.521636,771664,11.906529266623815,EXAFEL,88.019622,100.0,10.0,exafel_f002,99.9999008178711,45.2745970992709,4,22,1,0.07610058512120367,9.99664306640625,1748,65.40450200538336,ok,,10702.7490234375
roibin_b2,n/a,1478.022705078125,41.10193971273169,2,117.09625,167984,54.69473283169825,EXAFEL,105.67538,100.0,10.0,exafel_f002,1478.022705078125,41.10523369600396,4,22,1,0.07610058512120367,9.99664306640625,1748,65.40450200538336,ok,,10702.7490234375
cuszhi,1,10.0,65.36163513080488,1,27.344436375757436,1331260,6.901612006670373,EXAFEL,28.942089612418734,100.0,10.0,exafel_f002,10.0,65.36167837421608,4,22,1,0.07610058512120367,9.991592407226562,1748,65.41883388714847,ok,spline/cr-first/cr,10702.7490234375
pfpl,1,10.0,65.49991659538827,1,177.50850077279753,1533981,5.9895396357582005,EXAFEL,160.13385387618516,100.0,10.0,exafel_f002,10.0,65.49984318144064,4,22,1,0.07610058512120367,9.99664306640625,1748,65.40450200538336,ok,,10702.7490234375
cuszp3,1,10.0,65.49991659538827,1,136.14035,1578272,5.82145536384096,EXAFEL,134.16822,100.0,10.0,exafel_f002,10.0,65.49984318144064,4,22,1,0.07610058512120367,9.99664306640625,1748,65.40450200538336,ok,,10702.7490234375
roibin_b1,1,99.99996948242188,48.136091979849176,1,88.535306,769056,11.946906337119794,EXAFEL,89.001863,100.0,10.0,exafel_f003,99.99996948242188,48.14155759305733,4,36,1,0.12695040401225968,9.998779296875,2916,68.45667806788543,ok,,14852.6728515625
roibin_b2,n/a,2545.838623046875,44.073511789572095,2,112.20008,167584,54.82528164979951,EXAFEL,98.768489,100.0,10.0,exafel_f003,2545.838623046875,44.079008557029454,4,36,1,0.12695040401225968,9.998779296875,2916,68.45667806788543,ok,,14852.6728515625
cuszhi,1,10.0,68.21411851289567,1,27.485255734296587,1323904,6.939959392826066,EXAFEL,29.082805773613572,100.0,10.0,exafel_f003,10.0,68.21408130775136,4,36,1,0.12695040401225968,9.998273849487305,2916,68.18490999490845,ok,spline/cr-first/cr,14852.6728515625
pfpl,1,9.999984741210938,68.35732366831168,1,176.85247921157992,1527492,6.014984039196277,EXAFEL,159.91088833194095,100.0,10.0,exafel_f003,9.999984741210938,68.35744836909343,4,36,1,0.12695040401225968,9.998779296875,2916,68.45667806788543,ok,,14852.6728515625
cuszp3,1,9.999984741210938,68.35732366831168,1,136.20493,1571392,5.846943347045167,EXAFEL,135.43396,100.0,10.0,exafel_f003,9.999984741210938,68.35744836909343,4,36,1,0.12695040401225968,9.998779296875,2916,68.45667806788543,ok,,14852.6728515625
roibin_b1,1,99.99998474121094,48.29857795499653,1,88.781696,750608,12.240530343401616,EXAFEL,88.073622,100.0,10.0,exafel_f004,99.99998474121094,48.30996511519958,4,75,1,0.2644800083588743,9.999473571777344,6075,68.3322119660765,ok,,14945.138671875
roibin_b2,n/a,8009.451171875,44.65897479224983,2,114.43603,160720,57.16674962667994,EXAFEL,101.31263,100.0,10.0,exafel_f004,8009.451171875,44.67042679808855,4,75,1,0.2644800083588743,9.999473571777344,6075,68.3322119660765,ok,,14945.138671875
cuszhi,1,10.0,68.26321255675349,1,27.112850203910597,1292364,7.109328331646502,EXAFEL,29.348870489624858,100.0,10.0,exafel_f004,10.0,68.26311331440809,4,75,1,0.2644800083588743,9.998302459716797,6075,68.22584973644307,ok,spline/cr-first/cr,14945.138671875
pfpl,1,9.999980926513672,68.47091417949551,1,175.76981940618302,1488251,6.173582278795714,EXAFEL,161.71219374823994,100.0,10.0,exafel_f004,9.999980926513672,68.47054143505714,4,75,1,0.2644800083588743,9.999473571777344,6075,68.3322119660765,ok,,14945.138671875
cuszp3,1,9.999980926513672,68.47091417949551,1,135.81835,1530080,6.0048102060023005,EXAFEL,127.10049,100.0,10.0,exafel_f004,9.999980926513672,68.47054143505714,4,75,1,0.2644800083588743,9.999473571777344,6075,68.3322119660765,ok,,14945.138671875
roibin_b1,1,99.99993133544922,48.92316346832203,1,86.118776,809696,11.347271074576136,EXAFEL,89.978061,100.0,10.0,exafel_f005,99.99993133544922,48.97703406562338,4,355,1,1.24477570353859,9.999908447265625,28592,69.07473594000592,ok,,16327.5634765625
roibin_b2,n/a,7290.1904296875,44.75586382934196,2,113.48617,204928,44.83447845096814,EXAFEL,100.81461,100.0,10.0,exafel_f005,7290.1904296875,44.8100605353954,4,355,1,1.24477570353859,9.999908447265625,28592,69.07473594000592,ok,,16327.5634765625
cuszhi,1,9.999990224838257,69.0294346556363,1,26.131996183092124,1337312,6.870378789691561,EXAFEL,27.82709827485947,100.0,10.0,exafel_f005,9.999990224838257,69.029513161345,4,355,1,1.24477570353859,9.999801635742188,28592,69.03574599799718,ok,spline/cr-first/cr,16327.5634765625
pfpl,1,10.0,69.16891059255356,1,175.3404580152672,1541153,5.9616663627816315,EXAFEL,161.16755543081672,100.0,10.0,exafel_f005,10.0,69.16772568866602,4,355,1,1.24477570353859,9.999908447265625,28592,69.07473594000592,ok,,16327.5634765625
cuszp3,1,10.0,69.16891059255356,1,137.24665,1586976,5.789526747726494,EXAFEL,136.52877,100.0,10.0,exafel_f005,10.0,69.16772568866602,4,355,1,1.24477570353859,9.999908447265625,28592,69.07473594000592,ok,,16327.5634765625
roibin_b1,1,99.9996109008789,44.414667750040934,1,93.738164,267056,34.404169911928584,EXAFEL,94.014408,100.0,10.0,exafel_f006,99.9996109008789,44.4212314399771,4,44,1,0.15516160490387296,9.99441146850586,3564,60.15123823425362,ok,,4823.81396484375
roibin_b2,n/a,471.09295654296875,43.69346398566134,2,99.109426,20048,458.29209896249,EXAFEL,77.079195,100.0,10.0,exafel_f006,471.09295654296875,43.7000552357532,4,44,1,0.15516160490387296,9.99441146850586,3564,60.15123823425362,ok,,4823.81396484375
cuszhi,1,9.999988555908203,58.661498381043245,1,28.107039883752055,842713,10.902691663709946,EXAFEL,33.660023446658855,100.0,10.0,exafel_f006,9.999988555908203,58.661232059093706,4,44,1,0.15516160490387296,9.999705910682678,3564,58.49315666868348,ok,spline/cr-first/cr,4823.81396484375
pfpl,1,9.999996185302734,60.86986236878157,1,178.55721393034827,949620,9.675280638571218,EXAFEL,162.67422096317281,100.0,10.0,exafel_f006,9.999996185302734,60.868649951850614,4,44,1,0.15516160490387296,9.99441146850586,3564,60.15123823425362,ok,,4823.81396484375
cuszp3,1,9.999996185302734,60.86986236878157,1,138.50459,1136464,8.084585169437835,EXAFEL,131.82736,100.0,10.0,exafel_f006,9.999996185302734,60.868649951850614,4,44,1,0.15516160490387296,9.99441146850586,3564,60.15123823425362,ok,,4823.81396484375
roibin_b1,1,99.99999237060547,48.54957502920129,1,85.148278,790752,11.61911699243252,EXAFEL,89.501247,100.0,10.0,exafel_f007,99.99999237060547,48.556983291015904,4,49,1,0.1720970325996099,9.996917724609375,3953,68.70385305194213,ok,,15725.0302734375
roibin_b2,n/a,2537.843505859375,44.00282693634948,2,114.29936,176768,51.976828385228096,EXAFEL,104.90318,100.0,10.0,exafel_f007,2537.843505859375,44.010282091160356,4,49,1,0.1720970325996099,9.996917724609375,3953,68.70385305194213,ok,,15725.0302734375
cuszhi,1,10.0,68.7027802527867,1,26.61090289805541,1360552,6.7530237727040205,EXAFEL,28.760893518982268,100.0,10.0,exafel_f007,10.0,68.70276344712317,4,49,1,0.1720970325996099,9.998825073242188,3953,68.69302597056814,ok,spline/cr-first/cr,15725.0302734375
pfpl,1,9.999992370605469,68.80984686110415,1,173.01596866526063,1563948,5.8747733300595675,EXAFEL,161.2128017967434,100.0,10.0,exafel_f007,9.999992370605469,68.80966220863542,4,49,1,0.1720970325996099,9.996917724609375,3953,68.70385305194213,ok,,15725.0302734375
cuszp3,1,9.999992370605469,68.80984686110415,1,134.60854,1605312,5.723398317585616,EXAFEL,133.23433,100.0,10.0,exafel_f007,9.999992370605469,68.80966220863542,4,49,1,0.1720970325996099,9.996917724609375,3953,68.70385305194213,ok,,15725.0302734375
roibin_b1,1,99.99993133544922,48.57427920607311,1,82.411022,802048,11.455473986594319,EXAFEL,88.891643,100.0,10.0,exafel_f008,99.99993133544922,48.5768600095085,4,17,1,0.05994880189467819,9.965850830078125,1377,69.01802508213382,ok,,15847.154296875
roibin_b2,n/a,1692.660888671875,43.67585773696756,2,117.04851,178304,51.52907394113424,EXAFEL,102.65284,100.0,10.0,exafel_f008,1692.660888671875,43.67845444714512,4,17,1,0.05994880189467819,9.965850830078125,1377,69.01802508213382,ok,,15847.154296875
cuszhi,1,10.0,68.7701033917963,1,27.437526876582734,1389347,6.613063547119618,EXAFEL,28.781074578989575,100.0,10.0,exafel_f008,10.0,68.77004262099035,4,17,1,0.05994880189467819,9.9910888671875,1377,68.66989650985809,ok,spline/cr-first/cr,15847.154296875
pfpl,1,10.0,68.84694966251921,1,174.4879975691279,1587845,5.786358240256448,EXAFEL,154.65661190412067,100.0,10.0,exafel_f008,10.0,68.84705022765806,4,17,1,0.05994880189467819,9.965850830078125,1377,69.01802508213382,ok,,15847.154296875
cuszp3,1,10.0,68.84694966251921,1,133.4821,1627024,5.647021801768136,EXAFEL,134.04295,100.0,10.0,exafel_f008,10.0,68.84705022765806,4,17,1,0.05994880189467819,9.965850830078125,1377,69.01802508213382,ok,,15847.154296875
roibin_b1,1,99.99996948242188,48.69376544978053,1,83.319793,787264,11.670595886513292,EXAFEL,89.11235,100.0,10.0,exafel_f009,99.99996948242188,48.72660604978597,4,217,1,0.7607011005851212,9.9998779296875,17473,68.83110770201128,ok,,15828.1748046875
roibin_b2,n/a,8173.2705078125,44.603006680371216,2,116.95315,186480,49.26984126984127,EXAFEL,103.20633,100.0,10.0,exafel_f009,8173.2705078125,44.636044058882405,4,217,1,0.7607011005851212,9.9998779296875,17473,68.83110770201128,ok,,15828.1748046875
cuszhi,1,10.0,68.7629207131775,1,26.140062876082904,1331081,6.902540115890768,EXAFEL,28.33793920252665,100.0,10.0,exafel_f009,10.0,68.76311495739182,4,217,1,0.7607011005851212,9.998260498046875,17473,68.78853039543107,ok,spline/cr-first/cr,15828.1748046875
pfpl,1,9.999969482421875,68.914001011644,1,174.70033465165804,1527757,6.0139406986844115,EXAFEL,161.03196859226023,100.0,10.0,exafel_f009,9.999969482421875,68.91336443169826,4,217,1,0.7607011005851212,9.9998779296875,17473,68.83110770201128,ok,,15828.1748046875
cuszp3,1,9.999969482421875,68.914001011644,1,132.9875,1574016,5.83719606408067,EXAFEL,128.46532,100.0,10.0,exafel_f009,9.999969482421875,68.91336443169826,4,217,1,0.7607011005851212,9.9998779296875,17473,68.83110770201128,ok,,15828.1748046875
roibin_b1,1,99.99993896484375,45.66936598503227,1,86.222223,792912,11.587464939362754,EXAFEL,86.041354,100.0,10.0,exafel_f010,99.99993896484375,45.671794440410466,4,16,1,0.05642240178322653,9.981903076171875,1296,66.01733006143414,ok,,11307.9609375
roibin_b2,n/a,1910.32666015625,40.96318907170556,2,112.11246,175024,52.49474357802359,EXAFEL,100.32146,100.0,10.0,exafel_f010,1910.32666015625,40.96563249988764,4,16,1,0.05642240178322653,9.981903076171875,1296,66.01733006143414,ok,,11307.9609375
cuszhi,1,10.0,65.84168243785996,1,27.188951410887903,1376305,6.675729580289253,EXAFEL,28.676154806491883,100.0,10.0,exafel_f010,10.0,65.84180697966805,4,16,1,0.05642240178322653,9.98052978515625,1296,66.06821721055577,ok,spline/cr-first/cr,11307.9609375
pfpl,1,9.999977111816406,65.93545869239279,1,174.91318915625953,1575238,5.832667825433363,EXAFEL,161.48481439820023,100.0,10.0,exafel_f010,9.999977111816406,65.93550445373691,4,16,1,0.05642240178322653,9.981903076171875,1296,66.01733006143414,ok,,11307.9609375
cuszp3,1,9.999977111816406,65.93545869239279,1,133.85548,1615168,5.688473273368467,EXAFEL,133.29619,100.0,10.0,exafel_f010,9.999977111816406,65.93550445373691,4,16,1,0.05642240178322653,9.981903076171875,1296,66.01733006143414,ok,,11307.9609375
roibin_b1,1,99.99996948242188,48.82185299805026,1,83.684056,819360,11.21343487600078,EXAFEL,90.631316,100.0,10.0,exafel_f011,99.99996948242188,48.84764970603601,4,170,1,0.5979207300083589,9.99652099609375,13734,69.03700070122848,ok,,16301.8876953125
roibin_b2,n/a,4217.87744140625,44.00028136882498,2,115.6809,194848,47.15388405321071,EXAFEL,101.1342,100.0,10.0,exafel_f011,4217.87744140625,44.02624476549633,4,170,1,0.5979207300083589,9.99652099609375,13734,69.03700070122848,ok,,16301.8876953125
cuszhi,1,10.0,69.01848101062988,1,26.346118553863093,1388232,6.618375026652606,EXAFEL,27.797463452415528,100.0,10.0,exafel_f011,10.0,69.01840411490984,4,170,1,0.5979207300083589,9.999980926513672,13734,69.00563938034409,ok,spline/cr-first/cr,16301.8876953125
pfpl,1,9.999984741210938,69.09659926800933,1,175.2869352869353,1586852,5.7899791536954925,EXAFEL,162.21468926553672,100.0,10.0,exafel_f011,9.999984741210938,69.09624047429746,4,170,1,0.5979207300083589,9.99652099609375,13734,69.03700070122848,ok,,16301.8876953125
cuszp3,1,9.999984741210938,69.09659926800933,1,135.05175,1627600,5.645023347259769,EXAFEL,130.6873,100.0,10.0,exafel_f011,9.999984741210938,69.09624047429746,4,170,1,0.5979207300083589,9.99652099609375,13734,69.03700070122848,ok,,16301.8876953125
roibin_b1,1,99.99984741210938,48.780567713453785,1,87.48324,852224,10.781015319915891,EXAFEL,92.949174,100.0,10.0,exafel_f012,99.99984741210938,48.820573529016755,4,264,1,0.9257453329618278,9.999755859375,21264,68.99713317780939,ok,,16267.1318359375
roibin_b2,n/a,10287.6748046875,43.50142392308295,2,117.19184,211008,43.54261449802851,EXAFEL,102.43311,100.0,10.0,exafel_f012,10287.6748046875,43.5417013024465,4,264,1,0.9257453329618278,9.999755859375,21264,68.99713317780939,ok,,16267.1318359375
cuszhi,1,10.0,68.99453442022394,1,26.070970002823366,1415553,6.4906365215573,EXAFEL,27.95171339563863,100.0,10.0,exafel_f012,10.0,68.99478263496664,4,264,1,0.9257453329618278,9.99981689453125,21264,69.02142918033232,ok,spline/cr-first/cr,16267.1318359375
pfpl,1,10.0,69.05149881106748,1,176.63488157490002,1616198,5.684848019858953,EXAFEL,161.53023909985936,100.0,10.0,exafel_f012,10.0,69.0509923899836,4,264,1,0.9257453329618278,9.999755859375,21264,68.99713317780939,ok,,16267.1318359375
cuszp3,1,10.0,69.05149881106748,1,133.7931,1656176,5.547622957946499,EXAFEL,131.88792,100.0,10.0,exafel_f012,10.0,69.0509923899836,4,264,1,0.9257453329618278,9.999755859375,21264,68.99713317780939,ok,,16267.1318359375
roibin_b1,1,99.99993896484375,46.75998000131311,1,86.37786,921056,9.975332661640552,EXAFEL,87.270519,100.0,10.0,exafel_f013,99.99993896484375,46.76559518619571,4,37,1,0.13047680412371132,9.9931640625,2997,66.89117061914797,ok,,12721.2431640625
roibin_b2,n/a,5725.7919921875,40.07309854233554,2,114.71035,209040,43.95254496747034,EXAFEL,99.487176,100.0,10.0,exafel_f013,5725.7919921875,40.078756972621214,4,37,1,0.13047680412371132,9.9931640625,2997,66.89117061914797,ok,,12721.2431640625
cuszhi,1,10.0,66.85579543431717,1,26.57914796552288,1504382,6.107384959405257,EXAFEL,27.333047741444144,100.0,10.0,exafel_f013,10.0,66.85569737545387,4,37,1,0.13047680412371132,9.999417304992676,2997,66.7812832132364,ok,spline/cr-first/cr,12721.2431640625
pfpl,1,10.0,66.86756583078224,1,176.25537139349294,1715662,5.355273940904444,EXAFEL,160.94170403587444,100.0,10.0,exafel_f013,10.0,66.86759654611697,4,37,1,0.13047680412371132,9.9931640625,2997,66.89117061914797,ok,,12721.2431640625
cuszp3,1,10.0,66.86756583078224,1,135.11529,1758976,5.223402707029544,EXAFEL,130.21315,100.0,10.0,exafel_f013,10.0,66.86759654611697,4,37,1,0.13047680412371132,9.9931640625,2997,66.89117061914797,ok,,12721.2431640625
roibin_b1,1,99.99994659423828,48.715133928549044,1,86.37786,853168,10.769086510511412,EXAFEL,89.557081,100.0,10.0,exafel_f014,99.99994659423828,48.73608417375735,4,138,1,0.4858595709111173,9.998046875,11160,68.93004967553038,ok,,16127.595703125
roibin_b2,n/a,5497.1083984375,43.26507009390217,2,114.11764,201776,45.534850527317424,EXAFEL,107.41489,100.0,10.0,exafel_f014,5497.1083984375,43.286164601283446,4,138,1,0.4858595709111173,9.998046875,11160,68.93004967553038,ok,,16127.595703125
cuszhi,1,10.000015258789062,68.92564367428912,1,26.551573167648016,1431082,6.420205131501898,EXAFEL,27.82170542635659,100.0,10.0,exafel_f014,10.000015258789062,68.92556031862148,4,138,1,0.4858595709111173,9.999954223632812,11160,68.908520979172,ok,spline/cr-first/cr,16127.595703125
pfpl,1,10.0,68.96352154022799,1,174.4879975691279,1635882,5.616444217859234,EXAFEL,157.88836953533132,100.0,10.0,exafel_f014,10.0,68.96335828872996,4,138,1,0.4858595709111173,9.998046875,11160,68.93004967553038,ok,,16127.595703125
cuszp3,1,10.0,68.96352154022799,1,135.05175,1671136,5.497960668670892,EXAFEL,133.04913,100.0,10.0,exafel_f014,10.0,68.96335828872996,4,138,1,0.4858595709111173,9.998046875,11160,68.93004967553038,ok,,16127.595703125
roibin_b1,1,100.00000762939453,48.63588045778361,1,86.717002,817968,11.232517653502338,EXAFEL,88.344614,100.0,10.0,exafel_f015,100.00000762939453,48.6474247201467,4,76,1,0.268006408470326,9.998291015625,6156,68.86399957195201,ok,,15968.935546875
roibin_b2,n/a,7664.4775390625,43.580195217743054,2,117.91376,187152,49.09292981106267,EXAFEL,107.85875,100.0,10.0,exafel_f015,7664.4775390625,43.59181564215706,4,76,1,0.268006408470326,9.998291015625,6156,68.86399957195201,ok,,15968.935546875
cuszhi,1,10.0,68.83759775815716,1,26.771602609023773,1397985,6.572202133785413,EXAFEL,28.55636779551444,100.0,10.0,exafel_f015,10.0,68.83737683729699,4,76,1,0.268006408470326,9.999603271484375,6156,68.75593704668428,ok,spline/cr-first/cr,15968.935546875
pfpl,1,10.0,68.90269454708091,1,141.82267226475673,1598211,5.748827908204862,EXAFEL,161.94021432600113,100.0,10.0,exafel_f015,10.0,68.90259037994399,4,76,1,0.268006408470326,9.998291015625,6156,68.86399957195201,ok,,15968.935546875
cuszp3,1,10.0,68.90269454708091,1,135.56185,1638208,5.608469742547955,EXAFEL,125.76435,100.0,10.0,exafel_f015,10.0,68.90259037994399,4,76,1,0.268006408470326,9.998291015625,6156,68.86399957195201,ok,,15968.935546875
roibin_b1,1,100.00003051757812,48.857499760038124,1,79.822076,921344,9.972214504028896,EXAFEL,79.5126,100.0,10.0,exafel_f016,100.00003051757812,48.896506390163715,4,256,1,0.9027584285316245,9.9998779296875,20736,69.05864952147755,ok,,16282.23046875
roibin_b2,n/a,8991.35546875,42.565205924614176,2,109.21263,227744,40.34284108472671,EXAFEL,99.315119,100.0,10.0,exafel_f016,8991.35546875,42.6045015619684,4,256,1,0.9027584285316245,9.9998779296875,20736,69.05864952147755,ok,,16282.23046875
cuszhi,1,10.0,69.00279074300977,1,26.360934182590235,1481924,6.199940077898732,EXAFEL,27.017973087418838,100.0,10.0,exafel_f016,10.0,69.00266092014279,4,256,1,0.9027584285316245,9.999664306640625,20736,68.98843359822494,ok,spline/cr-first/cr,16282.23046875
pfpl,1,9.99993896484375,69.02229656699325,1,175.50122249388752,1693486,5.425400623329629,EXAFEL,157.71491348530623,100.0,10.0,exafel_f016,9.99993896484375,69.02262338894988,4,256,1,0.9027584285316245,9.9998779296875,20736,69.05864952147755,ok,,16282.23046875
cuszp3,1,9.99993896484375,69.02229656699325,1,132.19153,1731872,5.305149572254763,EXAFEL,130.21315,100.0,10.0,exafel_f016,9.99993896484375,69.02262338894988,4,256,1,0.9027584285316245,9.9998779296875,20736,69.05864952147755,ok,,16282.23046875
roibin_b1,1,99.9998779296875,48.883855013800286,1,86.015577,782560,11.740748313228378,EXAFEL,84.546525,100.0,10.0,exafel_f017,99.9998779296875,48.90859387546156,4,163,1,0.573627751462803,9.998764038085938,13176,68.97762960567414,ok,,16194.9248046875
roibin_b2,n/a,5975.91650390625,44.745792670487546,2,113.98173,181712,50.56264858677468,EXAFEL,105.55882,100.0,10.0,exafel_f017,5975.91650390625,44.77068216996697,4,163,1,0.573627751462803,9.998764038085938,13176,68.97762960567414,ok,,16194.9248046875
cuszhi,1,10.0,68.95863704720364,1,26.59522765396077,1327734,6.919940289244683,EXAFEL,28.266797932562145,100.0,10.0,exafel_f017,10.0,68.9588060225004,4,163,1,0.573627751462803,9.99908447265625,13176,68.98819413430705,ok,spline/cr-first/cr,16194.9248046875
pfpl,1,10.0,69.10391477682151,1,175.76981940618302,1530457,6.003331031188724,EXAFEL,159.46681477367397,100.0,10.0,exafel_f017,10.0,69.10317979716136,4,163,1,0.573627751462803,9.998764038085938,13176,68.97762960567414,ok,,16194.9248046875
cuszp3,1,10.0,69.10391477682151,1,133.60632,1575120,5.833104779318401,EXAFEL,135.68998,100.0,10.0,exafel_f017,10.0,69.10317979716136,4,163,1,0.573627751462803,9.998764038085938,13176,68.97762960567414,ok,,16194.9248046875
roibin_b1,1,99.99998474121094,48.52250558021917,1,83.879638,726592,12.645115828415397,EXAFEL,91.907809,100.0,10.0,exafel_f018,99.99998474121094,48.53718231117678,4,97,1,0.3408853441069936,9.99713134765625,7830,68.39364520429064,ok,,15125.8369140625
roibin_b2,n/a,9028.609375,45.22117577994109,2,112.64025,149952,61.27187366623986,EXAFEL,100.2514,100.0,10.0,exafel_f018,9028.609375,45.23593398039735,4,97,1,0.3408853441069936,9.99713134765625,7830,68.39364520429064,ok,,15125.8369140625
cuszhi,1,9.999984741210938,68.36611346781093,1,26.745690282540476,1252763,7.334060792025308,EXAFEL,28.444620566673272,100.0,10.0,exafel_f018,9.999984741210938,68.36617302788108,4,97,1,0.3408853441069936,9.999931335449219,7830,68.38362075932746,ok,spline/cr-first/cr,15125.8369140625
pfpl,1,9.999980926513672,68.65052689197415,1,175.2334452242905,1449233,6.339794912205284,EXAFEL,159.15742793791574,100.0,10.0,exafel_f018,9.999980926513672,68.64962489772756,4,97,1,0.3408853441069936,9.99713134765625,7830,68.39364520429064,ok,,15125.8369140625
cuszp3,1,9.999980926513672,68.65052689197415,1,135.88263,1485264,6.185997910135841,EXAFEL,132.74157,100.0,10.0,exafel_f018,9.999980926513672,68.64962489772756,4,97,1,0.3408853441069936,9.99713134765625,7830,68.39364520429064,ok,,15125.8369140625
roibin_b1,1,99.99994659423828,48.60461479173125,1,84.646227,820320,11.200312073337233,EXAFEL,88.073622,100.0,10.0,exafel_f019,99.99994659423828,48.610382600735676,4,38,1,0.134003204235163,9.999992370605469,3078,68.79469971127472,ok,,15928.9931640625
roibin_b2,n/a,8417.7744140625,43.43843892857025,2,116.71544,184736,49.734973150874765,EXAFEL,100.32146,100.0,10.0,exafel_f019,8417.7744140625,43.44424553979062,4,38,1,0.134003204235163,9.999992370605469,3078,68.79469971127472,ok,,15928.9931640625
cuszhi,1,10.0,68.81444269511418,1,26.927308482484342,1406597,6.531963312874974,EXAFEL,28.661841776890448,100.0,10.0,exafel_f019,10.0,68.8143147357122,4,38,1,0.134003204235163,9.9932861328125,3078,68.71998615584579,ok,spline/cr-first/cr,15928.9931640625
pfpl,1,10.0,68.87506958377543,1,174.91318915625953,1607971,5.713933895573987,EXAFEL,161.3486934532172,100.0,10.0,exafel_f019,10.0,68.87496088423241,4,38,1,0.134003204235163,9.999992370605469,3078,68.79469971127472,ok,,15928.9931640625
cuszp3,1,10.0,68.87506958377543,1,135.11529,1644592,5.5866987070349365,EXAFEL,128.06422,100.0,10.0,exafel_f019,10.0,68.87496088423241,4,38,1,0.134003204235163,9.999992370605469,3078,68.79469971127472,ok,,15928.9931640625
roibin_b1,1,100.0,44.34055917168882,1,88.208907,783648,11.724447711217282,EXAFEL,89.140016,100.0,10.0,exafel_f020,100.0,44.34374522868929,4,21,1,0.07405440234048481,9.994003295898438,1701,64.46496398025991,ok,,9667.5576171875
roibin_b2,n/a,3318.78662109375,39.87940635576341,2,112.86163,172576,53.23938438716855,EXAFEL,108.42901,100.0,10.0,exafel_f020,3318.78662109375,39.882612492056374,4,21,1,0.07405440234048481,9.994003295898438,1701,64.46496398025991,ok,,9667.5576171875
cuszhi,1,10.0,64.47579577075832,1,27.196556858310814,1360006,6.7557349011695536,EXAFEL,28.876596600623554,100.0,10.0,exafel_f020,10.0,64.47576985919555,4,21,1,0.07405440234048481,9.997589111328125,1701,64.44094596468454,ok,spline/cr-first/cr,9667.5576171875
pfpl,1,10.0,64.59180251192811,1,174.8599269183922,1557726,5.898238843031445,EXAFEL,160.98682366134005,100.0,10.0,exafel_f020,10.0,64.59170719836986,4,21,1,0.07405440234048481,9.994003295898438,1701,64.46496398025991,ok,,9667.5576171875
cuszp3,1,10.0,64.59180251192811,1,136.33428,1599536,5.744065779075932,EXAFEL,127.5522,100.0,10.0,exafel_f020,10.0,64.59170719836986,4,21,1,0.07405440234048481,9.994003295898438,1701,64.46496398025991,ok,,9667.5576171875
roibin_b1,1,100.0,48.71902151410326,1,83.806188,816480,11.252988438173624,EXAFEL,83.90415,100.0,10.0,exafel_f021,100.0,48.73983515542516,4,138,1,0.4827249930342714,9.99908447265625,11088,68.9098161036163,ok,,16104.75
roibin_b2,n/a,4167.38818359375,43.83116039136995,2,116.14887,191136,48.06964674367989,EXAFEL,101.7074,100.0,10.0,exafel_f021,4167.38818359375,43.85211021433018,4,138,1,0.4827249930342714,9.99908447265625,11088,68.9098161036163,ok,,16104.75
cuszhi,1,10.0,68.90550251231885,1,26.579532420043773,1390301,6.608525779669295,EXAFEL,28.482714151083776,100.0,10.0,exafel_f021,10.0,68.90561128180123,4,138,1,0.4827249930342714,9.998809814453125,11088,68.92809327466566,ok,spline/cr-first/cr,16104.75
pfpl,1,10.0,68.99138802038783,1,175.4476015887565,1588146,5.785261556557143,EXAFEL,161.6211652124965,100.0,10.0,exafel_f021,10.0,68.99099054928628,4,138,1,0.4827249930342714,9.99908447265625,11088,68.9098161036163,ok,,16104.75
cuszp3,1,10.0,68.99138802038783,1,136.39905,1629296,5.63914721450246,EXAFEL,131.76686,100.0,10.0,exafel_f021,10.0,68.99099054928628,4,138,1,0.4827249930342714,9.99908447265625,11088,68.9098161036163,ok,,16104.75
roibin_b1,1,99.99999237060547,46.040857296178245,1,87.48324,753248,12.197629465992607,EXAFEL,89.306375,100.0,10.0,exafel_f022,99.99999237060547,46.043132140061076,4,15,1,0.05289600167177487,9.994632720947266,1215,66.03641317200135,ok,,11589.408203125
roibin_b2,n/a,1541.224609375,42.237692237080005,2,119.23588,160480,57.25224327018943,EXAFEL,103.46667,100.0,10.0,exafel_f022,1541.224609375,42.239980504645956,4,15,1,0.05289600167177487,9.994632720947266,1215,66.03641317200135,ok,,11589.408203125
cuszhi,1,10.000007629394531,66.05502956121947,1,27.599357766059224,1310066,7.013264980542965,EXAFEL,28.417874993814024,100.0,10.0,exafel_f022,10.000007629394531,66.05504119852428,4,15,1,0.05289600167177487,9.999221801757812,1215,66.07708579352223,ok,spline/cr-first/cr,11589.408203125
pfpl,1,10.0,66.2261759187916,1,174.06486814186118,1505531,6.102723889444986,EXAFEL,139.71776155717762,100.0,10.0,exafel_f022,10.0,66.2260733178471,4,15,1,0.05289600167177487,9.994632720947266,1215,66.03641317200135,ok,,11589.408203125
cuszp3,1,10.0,66.2261759187916,1,135.62588,1547040,5.938980246147482,EXAFEL,129.97736,100.0,10.0,exafel_f022,10.0,66.2260733178471,4,15,1,0.05289600167177487,9.994632720947266,1215,66.03641317200135,ok,,11589.408203125
roibin_b1,1,100.0,48.72224779092235,1,85.426957,856944,10.721634085774566,EXAFEL,88.617284,100.0,10.0,exafel_f023,100.0,48.73733994625772,4,100,1,0.3502890777375313,9.999755859375,8046,68.87416783915764,ok,,16138.5537109375
roibin_b2,n/a,3821.1376953125,43.148502131645074,2,111.894,199552,46.04233483001924,EXAFEL,104.75009,100.0,10.0,exafel_f023,3821.1376953125,43.16370085230757,4,100,1,0.3502890777375313,9.999755859375,8046,68.87416783915764,ok,,16138.5537109375
cuszhi,1,10.0,68.93289736936825,1,26.514066724959378,1433971,6.407270439918241,EXAFEL,27.957156767283344,100.0,10.0,exafel_f023,10.0,68.93301450456167,4,100,1,0.3502890777375313,9.99853515625,8046,68.9664658969092,ok,spline/cr-first/cr,16138.5537109375
pfpl,1,10.0,68.96161570897185,1,174.9664838513102,1644092,5.588397729567445,EXAFEL,150.83793012871027,100.0,10.0,exafel_f023,10.0,68.96130629487936,4,100,1,0.3502890777375313,9.999755859375,8046,68.87416783915764,ok,,16138.5537109375
cuszp3,1,10.0,68.96161570897185,1,136.33428,1679232,5.471453616891531,EXAFEL,136.72381,100.0,10.0,exafel_f023,10.0,68.96130629487936,4,100,1,0.3502890777375313,9.999755859375,8046,68.87416783915764,ok,,16138.5537109375
roibin_b1,1,99.99996948242188,48.32995129087609,1,86.612366,769088,11.94640925355746,EXAFEL,91.556125,100.0,10.0,exafel_f024,99.99996948242188,48.3485916072907,4,123,1,0.4325717470047367,9.998687744140625,9936,68.37367468147079,ok,,15137.849609375
roibin_b2,n/a,2418.363037109375,44.45675084988624,2,110.21881,173936,52.823107349829826,EXAFEL,94.790359,100.0,10.0,exafel_f024,2418.363037109375,44.475501387178475,4,123,1,0.4325717470047367,9.998687744140625,9936,68.37367468147079,ok,,15137.849609375
cuszhi,1,10.000015258789062,68.37397602798512,1,26.782528089641996,1313801,6.993326995488662,EXAFEL,28.52799443588852,100.0,10.0,exafel_f024,10.000015258789062,68.37410207608006,4,123,1,0.4325717470047367,9.99969482421875,9936,68.40321303173309,ok,spline/cr-first/cr,15137.849609375
pfpl,1,9.999969482421875,68.5427903436071,1,176.25537139349294,1513382,6.071064675012654,EXAFEL,162.21468926553672,100.0,10.0,exafel_f024,9.999969482421875,68.54204443107005,4,123,1,0.4325717470047367,9.998687744140625,9936,68.37367468147079,ok,,15137.849609375
cuszp3,1,9.999969482421875,68.5427903436071,1,137.70743,1556880,5.901443913467961,EXAFEL,132.61894,100.0,10.0,exafel_f024,9.999969482421875,68.54204443107005,4,123,1,0.4325717470047367,9.998687744140625,9936,68.37367468147079,ok,,15137.849609375
roibin_b1,1,99.99996948242188,48.841149484009314,1,86.53406,790976,11.615826523181488,EXAFEL,85.325408,100.0,10.0,exafel_f025,99.99996948242188,48.86106463978062,4,131,1,0.4619584146001672,9.99853515625,10611,69.00865285559829,ok,,16216.564453125
roibin_b2,n/a,2868.892578125,44.47688080594808,2,115.58776,183440,50.086349760139555,EXAFEL,105.59765,100.0,10.0,exafel_f025,2868.892578125,44.496918895327994,4,131,1,0.4619584146001672,9.99853515625,10611,69.00865285559829,ok,,16216.564453125
cuszhi,1,10.0,68.97089538286673,1,26.436365885905587,1355426,6.778562606885216,EXAFEL,28.059613975079404,100.0,10.0,exafel_f025,10.0,68.97087366384577,4,131,1,0.4619584146001672,9.998741149902344,10611,68.96619640414646,ok,spline/cr-first/cr,16216.564453125
pfpl,1,9.999996185302734,69.08263364845985,1,152.92676431424766,1551522,5.921823860699365,EXAFEL,161.3486934532172,100.0,10.0,exafel_f025,9.999996185302734,69.08228897414544,4,131,1,0.4619584146001672,9.99853515625,10611,69.00865285559829,ok,,16216.564453125
cuszp3,1,9.999996185302734,69.08263364845985,1,136.85415,1596000,5.756791979949875,EXAFEL,127.15678,100.0,10.0,exafel_f025,9.999996185302734,69.08228897414544,4,131,1,0.4619584146001672,9.99853515625,10611,69.00865285559829,ok,,16216.564453125
roibin_b1,1,99.9998550415039,48.73590902725908,1,86.429864,868304,10.581363209198622,EXAFEL,86.927036,100.0,10.0,exafel_f026,99.9998550415039,48.757451545734305,4,142,1,0.49957334912231816,9.999542236328125,11475,68.93967686946873,ok,,16151.7509765625
roibin_b2,n/a,7275.365234375,43.05851207596111,2,117.33551,205840,44.63583365720948,EXAFEL,105.40382,100.0,10.0,exafel_f026,7275.365234375,43.0802063551717,4,142,1,0.49957334912231816,9.999542236328125,11475,68.93967686946873,ok,,16151.7509765625
cuszhi,1,10.0,68.93989741348429,1,26.431308470363504,1447638,6.346780065182041,EXAFEL,28.07882255146448,100.0,10.0,exafel_f026,10.0,68.93988739468715,4,142,1,0.49957334912231816,9.9991455078125,11475,68.93789240336991,ok,spline/cr-first/cr,16151.7509765625
pfpl,1,9.999969482421875,68.96953383277837,1,146.8268984914344,1652651,5.559455686651326,EXAFEL,161.43941523755973,100.0,10.0,exafel_f026,9.999969482421875,68.96938416403363,4,142,1,0.49957334912231816,9.999542236328125,11475,68.93967686946873,ok,,16151.7509765625
cuszp3,1,9.999969482421875,68.96953383277837,1,136.33428,1686880,5.446647064402922,EXAFEL,133.4821,100.0,10.0,exafel_f026,9.999969482421875,68.96938416403363,4,142,1,0.49957334912231816,9.999542236328125,11475,68.93967686946873,ok,,16151.7509765625
roibin_b1,1,99.99993896484375,46.922470364303685,1,83.465119,858544,10.701653031178367,EXAFEL,87.965688,100.0,10.0,exafel_f027,99.99993896484375,46.925807885442055,4,22,1,0.07758080245193648,9.998779296875,1782,67.00582561906246,ok,,13100.3037109375
roibin_b2,n/a,1479.9920654296875,41.192790448725276,2,113.39653,193840,47.39909203466777,EXAFEL,105.2107,100.0,10.0,exafel_f027,1479.9920654296875,41.19615220537297,4,22,1,0.07758080245193648,9.998779296875,1782,67.00582561906246,ok,,13100.3037109375
cuszhi,1,10.0,67.11580865344843,1,26.70340337721975,1450751,6.333161238558512,EXAFEL,28.109060649077293,100.0,10.0,exafel_f027,10.0,67.11583249049372,4,22,1,0.07758080245193648,9.9920654296875,1782,67.14664321506451,ok,spline/cr-first/cr,13100.3037109375
pfpl,1,10.0,67.14535934766177,1,178.89096573208724,1656929,5.545101811845891,EXAFEL,160.76147816349385,100.0,10.0,exafel_f027,10.0,67.14524933989908,4,22,1,0.07758080245193648,9.998779296875,1782,67.00582561906246,ok,,13100.3037109375
cuszp3,1,10.0,67.14535934766177,1,134.98825,1689296,5.438857370170769,EXAFEL,130.866,100.0,10.0,exafel_f027,10.0,67.14524933989908,4,22,1,0.07758080245193648,9.998779296875,1782,67.00582561906246,ok,,13100.3037109375
roibin_b1,1,99.99996185302734,48.752289915568696,1,85.80992,877600,10.469279854147675,EXAFEL,87.058824,100.0,10.0,exafel_f028,99.99996185302734,48.7913477391167,4,257,1,0.9039338952354417,9.999755859375,20763,68.95544363384964,ok,,16204.5419921875
roibin_b2,n/a,7081.3935546875,43.150344316405935,2,111.63297,217056,42.32935279374908,EXAFEL,105.75322,100.0,10.0,exafel_f028,7081.3935546875,43.18967609773857,4,257,1,0.9039338952354417,9.999755859375,20763,68.95544363384964,ok,,16204.5419921875
cuszhi,1,10.0,68.96623083700251,1,26.37027810106582,1444143,6.36214003737857,EXAFEL,27.419185408012222,100.0,10.0,exafel_f028,10.0,68.96597449805384,4,257,1,0.9039338952354417,9.998977661132812,20763,68.93796403755377,ok,spline/cr-first/cr,16204.5419921875
pfpl,1,9.999961853027344,69.00666743234639,1,176.79802955665025,1647806,5.575802005818646,EXAFEL,160.04459308807134,100.0,10.0,exafel_f028,9.999961853027344,69.00620168662721,4,257,1,0.9039338952354417,9.999755859375,20763,68.95544363384964,ok,,16204.5419921875
cuszp3,1,9.999961853027344,69.00666743234639,1,102.94729,1684768,5.453474899808164,EXAFEL,73.282286,100.0,10.0,exafel_f028,9.999961853027344,69.00620168662721,4,257,1,0.9039338952354417,9.999755859375,20763,68.95544363384964,ok,,16204.5419921875
roibin_b1,1,99.9998779296875,43.630364935167165,1,87.750611,740512,12.40741540987857,EXAFEL,91.643789,100.0,10.0,exafel_f029,99.9998779296875,43.63689196990405,4,43,1,0.1516352047924213,9.994186401367188,3483,63.80211409620276,ok,,8714.20703125
roibin_b2,n/a,3623.81396484375,40.10048130117827,2,118.01069,154576,59.43898147189732,EXAFEL,106.49851,100.0,10.0,exafel_f029,3623.81396484375,40.10704360831433,4,43,1,0.1516352047924213,9.994186401367188,3483,63.80211409620276,ok,,8714.20703125
cuszhi,1,9.999988555908203,63.57139416164415,1,26.604353252198493,1277160,7.193961602305114,EXAFEL,29.554297478126607,100.0,10.0,exafel_f029,9.999988555908203,63.571345661625564,4,43,1,0.1516352047924213,9.998672485351562,3483,63.53952651951401,ok,spline/cr-first/cr,8714.20703125
pfpl,1,9.999980926513672,63.79928877427024,1,175.2334452242905,1479075,6.211882426516573,EXAFEL,161.30337078651687,100.0,10.0,exafel_f029,9.999980926513672,63.7992930570618,4,43,1,0.1516352047924213,9.994186401367188,3483,63.80211409620276,ok,,8714.20703125
cuszp3,1,9.999980926513672,63.79928877427024,1,133.42007,1518432,6.050873532696888,EXAFEL,129.91855,100.0,10.0,exafel_f029,9.999980926513672,63.7992930570618,4,43,1,0.1516352047924213,9.994186401367188,3483,63.80211409620276,ok,,8714.20703125
roibin_b1,1,100.0,45.646230741314845,1,85.733057,898832,10.221976965662103,EXAFEL,89.668959,100.0,10.0,exafel_f030,100.0,45.64847273213741,4,15,1,0.05211235720256339,9.992050170898438,1197,65.80917610542326,ok,,11235.361328125
roibin_b2,n/a,2324.761962890625,39.29856968592206,2,118.98881,202640,45.340702724042636,EXAFEL,99.006898,100.0,10.0,exafel_f030,2324.761962890625,39.300828429778896,4,15,1,0.05211235720256339,9.992050170898438,1197,65.80917610542326,ok,,11235.361328125
cuszhi,1,10.0,65.78499605684674,1,26.79334528964904,1485055,6.186868499819872,EXAFEL,27.28369838931914,100.0,10.0,exafel_f030,10.0,65.78498586983149,4,15,1,0.05211235720256339,9.995651245117188,1197,65.76549172103293,ok,spline/cr-first/cr,11235.361328125
pfpl,1,10.0,65.791347009417,1,174.7534996956786,1696467,5.415867211092229,EXAFEL,161.6211652124965,100.0,10.0,exafel_f030,10.0,65.79135628154366,4,15,1,0.05211235720256339,9.992050170898438,1197,65.80917610542326,ok,,11235.361328125
cuszp3,1,10.0,65.791347009417,1,133.73078,1734368,5.297514714293622,EXAFEL,134.10556,100.0,10.0,exafel_f030,10.0,65.79135628154366,4,15,1,0.05211235720256339,9.992050170898438,1197,65.80917610542326,ok,,11235.361328125
roibin_b1,1,99.99994659423828,48.955231097540114,1,86.874432,765248,12.006356109391987,EXAFEL,92.114213,100.0,10.0,exafel_f031,99.99994659423828,48.97316081528263,4,118,1,0.4161152131512956,9.99859619140625,9558,68.99918881501328,ok,,16220.8984375
roibin_b2,n/a,7854.01953125,45.09142185451848,2,107.61619,171184,53.67230582297411,EXAFEL,101.02745,100.0,10.0,exafel_f031,7854.01953125,45.10945741743355,4,118,1,0.4161152131512956,9.99859619140625,9558,68.99918881501328,ok,,16220.8984375
cuszhi,1,10.0,68.97449671453194,1,26.504353043668903,1311935,7.003273790241132,EXAFEL,28.79550697021362,100.0,10.0,exafel_f031,10.0,68.97464423238605,4,118,1,0.4161152131512956,9.9998779296875,9558,69.01009279705887,ok,spline/cr-first/cr,16220.8984375
pfpl,1,10.0,69.1517705820482,1,167.75927548933683,1506234,6.099875583740641,EXAFEL,161.30337078651687,100.0,10.0,exafel_f031,10.0,69.15112442907017,4,118,1,0.4161152131512956,9.99859619140625,9558,68.99918881501328,ok,,16220.8984375
cuszp3,1,10.0,69.1517705820482,1,134.98825,1548832,5.932108840726431,EXAFEL,135.11529,100.0,10.0,exafel_f031,10.0,69.15112442907017,4,118,1,0.4161152131512956,9.99859619140625,9558,68.99918881501328,ok,,16220.8984375
roibin_b1,1,99.99981689453125,42.86065822397194,1,87.965688,773696,11.875258499462321,EXAFEL,90.459989,100.0,10.0,exafel_f032,99.99981689453125,42.86338970259911,4,18,1,0.06347520200612984,9.98187255859375,1458,63.10260452035798,ok,,8131.31982421875
roibin_b2,n/a,3166.93359375,38.61664666993398,2,110.85715,169648,54.15825709704801,EXAFEL,99.280778,100.0,10.0,exafel_f032,3166.93359375,38.6193944191954,4,18,1,0.06347520200612984,9.98187255859375,1458,63.10260452035798,ok,,8131.31982421875
cuszhi,1,10.0,62.97419843562575,1,27.546730267901715,1344840,6.831920525861813,EXAFEL,28.60188275140709,100.0,10.0,exafel_f032,10.0,62.974297695786575,4,18,1,0.06347520200612984,9.994232177734375,1458,63.13345764171643,ok,spline/cr-first/cr,8131.31982421875
pfpl,1,9.999954223632812,63.1014164198001,1,175.01981103322157,1540673,5.9635237328102715,EXAFEL,139.04116222760294,100.0,10.0,exafel_f032,9.999954223632812,63.10141717384626,4,18,1,0.06347520200612984,9.98187255859375,1458,63.10260452035798,ok,,8131.31982421875
cuszp3,1,9.999954223632812,63.1014164198001,1,133.91791,1583728,5.801400240445329,EXAFEL,133.42007,100.0,10.0,exafel_f032,9.999954223632812,63.10141717384626,4,18,1,0.06347520200612984,9.98187255859375,1458,63.10260452035798,ok,,8131.31982421875
roibin_b1,1,99.99993896484375,48.66158024059496,1,88.974282,786656,11.67961599479315,EXAFEL,87.244001,100.0,10.0,exafel_f033,99.99993896484375,48.6660628430604,4,30,1,0.10413764279743662,9.99749755859375,2392,68.94691772768078,ok,,15917.3056640625
roibin_b2,n/a,2420.897216796875,44.13702373910385,2,111.28682,174192,52.74547625608524,EXAFEL,100.04181,100.0,10.0,exafel_f033,2420.897216796875,44.141533778646654,4,30,1,0.10413764279743662,9.99749755859375,2392,68.94691772768078,ok,,15917.3056640625
cuszhi,1,10.0,68.8107258267888,1,27.271591251448864,1364707,6.732463451861828,EXAFEL,29.076915286849967,100.0,10.0,exafel_f033,10.0,68.81079618953396,4,30,1,0.10413764279743662,9.993293762207031,2392,68.87882344867577,ok,spline/cr-first/cr,15917.3056640625
pfpl,1,9.999992370605469,68.91661233225283,1,175.50122249388752,1561612,5.883561345583923,EXAFEL,161.2128017967434,100.0,10.0,exafel_f033,9.999992370605469,68.91664378183513,4,30,1,0.10413764279743662,9.99749755859375,2392,68.94691772768078,ok,,15917.3056640625
cuszp3,1,9.999992370605469,68.91661233225283,1,135.68998,1603568,5.729622940841923,EXAFEL,132.80296,100.0,10.0,exafel_f033,9.999992370605469,68.91664378183513,4,30,1,0.10413764279743662,9.99749755859375,2392,68.94691772768078,ok,,15917.3056640625
roibin_b1,1,99.99993896484375,46.79731900872112,1,85.401547,835936,10.991080656892393,EXAFEL,89.306375,100.0,10.0,exafel_f034,99.99993896484375,46.80293617020199,4,37,1,0.13047680412371132,9.9981689453125,2997,67.08731255073215,ok,,12939.3798828125
roibin_b2,n/a,3529.94775390625,41.411195068435056,2,110.85715,189328,48.528690949040815,EXAFEL,99.383866,100.0,10.0,exafel_f034,3529.94775390625,41.41684994822705,4,37,1,0.13047680412371132,9.9981689453125,2997,67.08731255073215,ok,,12939.3798828125
cuszhi,1,10.0,67.01287631407978,1,26.56485415531227,1424329,6.450644478909016,EXAFEL,27.921812700573764,100.0,10.0,exafel_f034,10.0,67.01283978296024,4,37,1,0.13047680412371132,9.994369506835938,2997,66.98496788899084,ok,spline/cr-first/cr,12939.3798828125
pfpl,1,10.0,67.05365235265464,1,179.5622263914947,1627974,5.6437264968605145,EXAFEL,160.13385387618516,100.0,10.0,exafel_f034,10.0,67.05369610186739,4,37,1,0.13047680412371132,9.9981689453125,2997,67.08731255073215,ok,,12939.3798828125
cuszp3,1,10.0,67.05365235265464,1,134.54546,1663200,5.524194324194324,EXAFEL,128.46532,100.0,10.0,exafel_f034,10.0,67.05369610186739,4,37,1,0.13047680412371132,9.9981689453125,2997,67.08731255073215,ok,,12939.3798828125
roibin_b1,1,99.99992370605469,48.67270709182279,1,85.861242,818160,11.229881685733842,EXAFEL,87.509904,100.0,10.0,exafel_f035,99.99992370605469,48.69408545489206,4,141,1,0.49578573418779603,9.999462127685547,11388,68.86756856170939,ok,,16026.3681640625
roibin_b2,n/a,2783.11376953125,43.74067133396687,2,112.90601,191616,47.94923179692719,EXAFEL,102.03269,100.0,10.0,exafel_f035,2783.11376953125,43.76219012997936,4,141,1,0.49578573418779603,9.999462127685547,11388,68.86756856170939,ok,,16026.3681640625
cuszhi,1,10.0,68.86491929099095,1,26.681845110179236,1392078,6.600089937489135,EXAFEL,28.807063308919435,100.0,10.0,exafel_f035,10.0,68.86461115675823,4,141,1,0.49578573418779603,9.998954772949219,11388,68.80320694459849,ok,spline/cr-first/cr,16026.3681640625
pfpl,1,9.999984741210938,68.94452023561732,1,178.16940738442443,1592211,5.770491473805921,EXAFEL,158.41103448275862,100.0,10.0,exafel_f035,9.999984741210938,68.94413533720706,4,141,1,0.49578573418779603,9.999462127685547,11388,68.86756856170939,ok,,16026.3681640625
cuszp3,1,9.999984741210938,68.94452023561732,1,136.91942,1632080,5.629527964315475,EXAFEL,134.35658,100.0,10.0,exafel_f035,9.999984741210938,68.94413533720706,4,141,1,0.49578573418779603,9.999462127685547,11388,68.86756856170939,ok,,16026.3681640625
roibin_b1,1,99.99996948242188,48.763244331782786,1,88.208907,848672,10.826137777610196,EXAFEL,81.383218,100.0,10.0,exafel_f036,99.99996948242188,48.770480826657064,4,48,1,0.16809173864586235,9.9979248046875,3861,68.9665798671315,ok,,16220.5302734375
roibin_b2,n/a,10256.2421875,43.18077258343122,2,118.10778,194368,47.27033256503128,EXAFEL,105.48126,100.0,10.0,exafel_f036,10256.2421875,43.18805956068147,4,48,1,0.16809173864586235,9.9979248046875,3861,68.9665798671315,ok,,16220.5302734375
cuszhi,1,10.0,68.97057278876298,1,26.79115771425572,1432967,6.411759656712262,EXAFEL,27.973499610288393,100.0,10.0,exafel_f036,10.0,68.97052681675672,4,48,1,0.16809173864586235,9.997222900390625,3861,68.94330904532245,ok,spline/cr-first/cr,16220.5302734375
pfpl,1,9.999984741210938,69.01170208849437,1,176.52628343067937,1642281,5.594560248824653,EXAFEL,161.2580735748385,100.0,10.0,exafel_f036,9.999984741210938,69.01162584705384,4,48,1,0.16809173864586235,9.9979248046875,3861,68.9665798671315,ok,,16220.5302734375
cuszp3,1,9.999984741210938,69.01170208849437,1,135.05175,1675856,5.482475821311616,EXAFEL,130.15412,100.0,10.0,exafel_f036,9.999984741210938,69.01162584705384,4,48,1,0.16809173864586235,9.9979248046875,3861,68.9665798671315,ok,,16220.5302734375
roibin_b1,1,100.0,48.83918017126089,1,88.208907,872608,10.529172320217096,EXAFEL,90.175879,100.0,10.0,exafel_f037,100.0,48.8810490788426,4,275,1,0.9685845639453887,9.999267578125,22248,69.08654898007933,ok,,16374.4609375
roibin_b2,n/a,7235.3701171875,43.28135676479446,2,50.116948,219056,41.94288218537726,EXAFEL,50.055789,100.0,10.0,exafel_f037,7235.3701171875,43.323515311327355,4,275,1,0.9685845639453887,9.999267578125,22248,69.08654898007933,ok,,16374.4609375
cuszhi,1,10.0,69.05708555853387,1,26.243923060663708,1432133,6.415493533072697,EXAFEL,27.509820829740345,100.0,10.0,exafel_f037,10.0,69.05700301285606,4,275,1,0.9685845639453887,9.999908447265625,22248,69.04857152903057,ok,spline/cr-first/cr,16374.4609375
pfpl,1,10.0,69.09608977370155,1,176.25537139349294,1641183,5.5983031752095895,EXAFEL,160.62657342657343,100.0,10.0,exafel_f037,10.0,69.09599726245207,4,275,1,0.9685845639453887,9.999267578125,22248,69.08654898007933,ok,,16374.4609375
cuszp3,1,10.0,69.09608977370155,1,134.79813,1674992,5.485303810406259,EXAFEL,132.19153,100.0,10.0,exafel_f037,10.0,69.09599726245207,4,275,1,0.9685845639453887,9.999267578125,22248,69.08654898007933,ok,,16374.4609375
roibin_b1,1,100.0,48.80714882138103,1,87.643467,739664,12.421640096043609,EXAFEL,89.278606,100.0,10.0,exafel_f038,100.0,48.810455295582685,4,22,1,0.07688422959041516,9.995559692382812,1766,68.75113722868687,ok,,15826.498046875
roibin_b2,n/a,1258.64111328125,45.2692846836547,2,115.35556,153344,59.91652754590985,EXAFEL,105.75322,100.0,10.0,exafel_f038,1258.64111328125,45.27261001868148,4,22,1,0.07688422959041516,9.995559692382812,1766,68.75113722868687,ok,,15826.498046875
cuszhi,1,10.0,68.76016495403749,1,27.497141899454718,1286325,7.142704992906148,EXAFEL,29.28003263308179,100.0,10.0,exafel_f038,10.0,68.76008181222483,4,22,1,0.07688422959041516,9.99993896484375,1766,68.65334936174855,ok,spline/cr-first/cr,15826.498046875
pfpl,1,10.0,68.97399022704252,1,176.85247921157992,1481946,6.199848037647795,EXAFEL,162.1688788477831,100.0,10.0,exafel_f038,10.0,68.97381441960064,4,22,1,0.07688422959041516,9.995559692382812,1766,68.75113722868687,ok,,15826.498046875
cuszp3,1,10.0,68.97399022704252,1,136.65874,1523008,6.032693196621423,EXAFEL,134.16822,100.0,10.0,exafel_f038,10.0,68.97381441960064,4,22,1,0.07688422959041516,9.995559692382812,1766,68.75113722868687,ok,,15826.498046875
roibin_b1,1,99.99998474121094,42.621558172664294,1,89.893547,771712,11.905788688007961,EXAFEL,87.270519,100.0,10.0,exafel_f039,99.99998474121094,42.62550416407386,4,26,1,0.0916864028977431,9.999725341796875,2106,62.86012102244751,ok,,7893.443359375
roibin_b2,n/a,1521.9188232421875,38.44558047084355,2,113.84615,169312,54.26573426573427,EXAFEL,106.85523,100.0,10.0,exafel_f039,1521.9188232421875,38.449549765026234,4,26,1,0.0916864028977431,9.999725341796875,2106,62.86012102244751,ok,,7893.443359375
cuszhi,1,9.999984741210938,62.71618779490571,1,27.439042782417562,1339864,6.857292978988912,EXAFEL,28.495434696308052,100.0,10.0,exafel_f039,9.999984741210938,62.71623446227711,4,26,1,0.0916864028977431,9.996654510498047,2106,62.76738703540203,ok,spline/cr-first/cr,7893.443359375
pfpl,1,10.0,62.8482813962547,1,176.9614791987673,1536382,5.980179408506478,EXAFEL,161.43941523755973,100.0,10.0,exafel_f039,10.0,62.84829223681228,4,26,1,0.0916864028977431,9.999725341796875,2106,62.86012102244751,ok,,7893.443359375
cuszp3,1,10.0,62.8482813962547,1,133.42007,1579184,5.818093395069859,EXAFEL,129.0427,100.0,10.0,exafel_f039,10.0,62.84829223681228,4,26,1,0.0916864028977431,9.999725341796875,2106,62.86012102244751,ok,,7893.443359375
roibin_b1,1,99.99989318847656,49.09052246315697,1,86.900726,614864,14.942881677899504,EXAFEL,86.092953,100.0,10.0,exafel_f040,99.99989318847656,49.093854138444584,4,22,1,0.07758080245193648,9.996227264404297,1782,68.4671080595815,ok,,14931.1279296875
roibin_b2,n/a,2690.680908203125,46.26242543567447,2,118.35119,104144,88.22246120755877,EXAFEL,99.280778,100.0,10.0,exafel_f040,2690.680908203125,46.26577573894442,4,22,1,0.07758080245193648,9.996227264404297,1782,68.4671080595815,ok,,14931.1279296875
cuszhi,1,10.0,68.26424688082108,1,27.735577655988926,1133790,8.103652351846462,EXAFEL,30.780445969125214,100.0,10.0,exafel_f040,10.0,68.2641436979356,4,22,1,0.07758080245193648,9.999114990234375,1782,68.13324070015231,ok,spline/cr-first/cr,14931.1279296875
pfpl,1,9.999955177307129,68.90128794671745,1,178.2800372555107,1331896,6.898316385063098,EXAFEL,162.44413012729845,100.0,10.0,exafel_f040,9.999955177307129,68.90093370794308,4,22,1,0.07758080245193648,9.996227264404297,1782,68.4671080595815,ok,,14931.1279296875
cuszp3,1,9.999955177307129,68.90128794671745,1,138.30443,1379232,6.661562376742999,EXAFEL,130.56844,100.0,10.0,exafel_f040,9.999955177307129,68.90093370794308,4,22,1,0.07758080245193648,9.996227264404297,1782,68.4671080595815,ok,,14931.1279296875
roibin_b1,1,99.9998779296875,48.760388762475216,1,85.300059,879664,10.444715254915513,EXAFEL,91.149206,100.0,10.0,exafel_f041,99.9998779296875,48.79910321261035,4,255,1,0.8959668431317915,9.99969482421875,20580,68.99158699948941,ok,,16215.45703125
roibin_b2,n/a,10518.03125,43.138725020442834,2,111.98128,218608,42.028837005050136,EXAFEL,101.2055,100.0,10.0,exafel_f041,10518.03125,43.17770970872245,4,255,1,0.8959668431317915,9.99969482421875,20580,68.99158699948941,ok,,16215.45703125
cuszhi,1,10.0,68.97398759364961,1,25.928202349607876,1446904,6.349999723547658,EXAFEL,27.87166917439208,100.0,10.0,exafel_f041,10.0,68.97414399238352,4,255,1,0.8959668431317915,9.999176025390625,20580,68.9914783148626,ok,spline/cr-first/cr,16215.45703125
pfpl,1,10.0,69.00478047365367,1,177.72825750541628,1650181,5.5677771105109075,EXAFEL,161.30337078651687,100.0,10.0,exafel_f041,10.0,69.00466208637698,4,255,1,0.8959668431317915,9.99969482421875,20580,68.99158699948941,ok,,16215.45703125
cuszp3,1,10.0,69.00478047365367,1,135.75413,1686416,5.448145653267047,EXAFEL,130.866,100.0,10.0,exafel_f041,10.0,69.00466208637698,4,255,1,0.8959668431317915,9.99969482421875,20580,68.99158699948941,ok,,16215.45703125
roibin_b1,1,99.99990844726562,48.83437588320707,1,87.456592,837008,10.977003804025768,EXAFEL,88.836636,100.0,10.0,exafel_f042,99.99990844726562,48.873556874464036,4,259,1,0.9066766508776818,9.99951171875,20826,69.08498415011529,ok,,16338.49609375
roibin_b2,n/a,7734.333984375,43.78655911149252,2,113.39653,205600,44.68793774319066,EXAFEL,98.666665,100.0,10.0,exafel_f042,7734.333984375,43.825997860713635,4,259,1,0.9066766508776818,9.99951171875,20826,69.08498415011529,ok,,16338.49609375
cuszhi,1,10.000007629394531,69.03464615559913,1,26.278225702657327,1398210,6.571144534798063,EXAFEL,28.006242684354273,100.0,10.0,exafel_f042,10.000007629394531,69.03433241770573,4,259,1,0.9066766508776818,9.99945068359375,20826,69.00017897714525,ok,spline/cr-first/cr,16338.49609375
pfpl,1,9.999992370605469,69.105722315244,1,174.8599269183922,1599068,5.745746897567833,EXAFEL,161.3486934532172,100.0,10.0,exafel_f042,9.999992370605469,69.10553384158709,4,259,1,0.9066766508776818,9.99951171875,20826,69.08498415011529,ok,,16338.49609375
cuszp3,1,9.999992370605469,69.105722315244,1,133.85548,1640368,5.601084634667343,EXAFEL,131.88792,100.0,10.0,exafel_f042,9.999992370605469,69.10553384158709,4,259,1,0.9066766508776818,9.99951171875,20826,69.08498415011529,ok,,16338.49609375
roibin_b1,1,99.9999771118164,48.70686024517275,1,87.456592,866752,10.600310123310935,EXAFEL,90.717223,100.0,10.0,exafel_f043,99.9999771118164,48.711261887815496,4,29,1,0.10226560323209807,9.996414184570312,2349,68.95717650453685,ok,,16076.8544921875
roibin_b2,n/a,2237.4580078125,42.87535332011133,2,117.67213,196352,46.79269882659713,EXAFEL,102.94729,100.0,10.0,exafel_f043,2237.4580078125,42.87978597224631,4,29,1,0.10226560323209807,9.996414184570312,2349,68.95717650453685,ok,,16076.8544921875
cuszhi,1,10.0,68.89818945060365,1,26.999275638077634,1458253,6.300580214818691,EXAFEL,28.255670914727155,100.0,10.0,exafel_f043,10.0,68.8981434960811,4,29,1,0.10226560323209807,9.98785400390625,2349,68.85348366154143,ok,spline/cr-first/cr,16076.8544921875
pfpl,1,10.0,68.92104737068459,1,175.01981103322157,1663456,5.523344170209492,EXAFEL,149.38605619146722,100.0,10.0,exafel_f043,10.0,68.92108416525781,4,29,1,0.10226560323209807,9.996414184570312,2349,68.95717650453685,ok,,16076.8544921875
cuszp3,1,10.0,68.92104737068459,1,133.60632,1697504,5.412558674383094,EXAFEL,130.92568,100.0,10.0,exafel_f043,10.0,68.92108416525781,4,29,1,0.10226560323209807,9.996414184570312,2349,68.95717650453685,ok,,16076.8544921875
roibin_b1,1,99.99996948242188,49.027796283466245,1,83.977772,722976,12.70836099676891,EXAFEL,90.688569,100.0,10.0,exafel_f044,99.99996948242188,49.03829383075316,4,70,1,0.24393110894399556,9.996795654296875,5603,68.90711431689105,ok,,16017.3583984375
roibin_b2,n/a,1697.556396484375,45.742067510152324,2,120.03344,147472,62.30226754909407,EXAFEL,103.02117,100.0,10.0,exafel_f044,1697.556396484375,45.752623005933735,4,70,1,0.24393110894399556,9.996795654296875,5603,68.90711431689105,ok,,16017.3583984375
cuszhi,1,9.999992370605469,68.86828964942119,1,26.973910771403286,1252468,7.335788219738947,EXAFEL,29.284512213779387,100.0,10.0,exafel_f044,9.999992370605469,68.86819777751367,4,70,1,0.24393110894399556,9.999824523925781,5603,68.83078857298143,ok,spline/cr-first/cr,16017.3583984375
pfpl,1,9.999969482421875,69.15315208497248,1,174.91318915625953,1449966,6.336589961419785,EXAFEL,161.25807357483853,100.0,10.0,exafel_f044,9.999969482421875,69.15253464028171,4,70,1,0.24393110894399556,9.996795654296875,5603,68.90711431689105,ok,,16017.3583984375
cuszp3,1,9.999969482421875,69.15315208497248,1,136.98474,1487600,6.1762839472976605,EXAFEL,134.04295,100.0,10.0,exafel_f044,9.999969482421875,69.15253464028171,4,70,1,0.24393110894399556,9.996795654296875,5603,68.90711431689105,ok,,16017.3583984375
roibin_b1,1,100.00000762939453,48.78763863177444,1,56.968252,842496,10.905499848070495,EXAFEL,58.956881,100.0,10.0,exafel_f045,100.00000762939453,48.7965470784368,4,59,1,0.2068821398718306,9.996826171875,4752,69.00503331283427,ok,,16265.7548828125
roibin_b2,n/a,8670.54296875,43.31105872323664,2,111.80685,193216,47.55216959258033,EXAFEL,107.09437,100.0,10.0,exafel_f045,8670.54296875,43.32002854064904,4,59,1,0.2068821398718306,9.996826171875,4752,69.00503331283427,ok,,16265.7548828125
cuszhi,1,10.0,69.00026855904056,1,26.707517361060646,1429454,6.427517079948008,EXAFEL,28.32955106068081,100.0,10.0,exafel_f045,10.0,69.00021451043338,4,59,1,0.2068821398718306,9.999481201171875,4752,68.97422134983657,ok,spline/cr-first/cr,16265.7548828125
pfpl,1,10.0,69.04174620302118,1,174.91318915625953,1634163,5.622352237812263,EXAFEL,161.53023909985936,100.0,10.0,exafel_f045,10.0,69.04166992934145,4,59,1,0.2068821398718306,9.996826171875,4752,69.00503331283427,ok,,16265.7548828125
cuszp3,1,10.0,69.04174620302118,1,135.05175,1668608,5.506290273089905,EXAFEL,132.92593,100.0,10.0,exafel_f045,10.0,69.04166992934145,4,59,1,0.2068821398718306,9.996826171875,4752,69.00503331283427,ok,,16265.7548828125
roibin_b1,1,99.9998779296875,48.74447912447465,1,85.022206,843536,10.892054399575121,EXAFEL,89.417627,100.0,10.0,exafel_f046,99.9998779296875,48.76807978752887,4,156,1,0.547157982724993,9.99871826171875,12568,68.96013285243598,ok,,16193.599609375
roibin_b2,n/a,5014.626953125,43.45034214246327,2,110.13425,201104,45.68700771739995,EXAFEL,100.56742,100.0,10.0,exafel_f046,5014.626953125,43.474102970902706,4,156,1,0.547157982724993,9.99871826171875,12568,68.96013285243598,ok,,16193.599609375
cuszhi,1,10.0,68.95571383148432,1,26.698747566326677,1419743,6.47148110608751,EXAFEL,28.191860179684817,100.0,10.0,exafel_f046,10.0,68.95590495102341,4,156,1,0.547157982724993,9.998779296875,12568,68.99078377861123,ok,spline/cr-first/cr,16193.599609375
pfpl,1,9.999969482421875,69.0130146082241,1,177.78328173374612,1623068,5.660785623276412,EXAFEL,161.43941523755973,100.0,10.0,exafel_f046,9.999969482421875,69.01272350244895,4,156,1,0.547157982724993,9.99871826171875,12568,68.96013285243598,ok,,16193.599609375
cuszp3,1,9.999969482421875,69.0130146082241,1,135.05175,1659408,5.53681794953381,EXAFEL,133.23433,100.0,10.0,exafel_f046,9.999969482421875,69.01272350244895,4,156,1,0.547157982724993,9.99871826171875,12568,68.96013285243598,ok,,16193.599609375
roibin_b1,1,99.99994659423828,48.771822910134766,1,86.274039,881856,10.418753175121562,EXAFEL,89.306375,100.0,10.0,exafel_f047,99.99994659423828,48.78239949234914,4,70,1,0.24567254109779885,9.998138427734375,5643,68.8121100100332,ok,,16176.337890625
roibin_b2,n/a,3555.8857421875,42.788846949745356,2,116.05497,202912,45.279924302160545,EXAFEL,104.71189,100.0,10.0,exafel_f047,3555.8857421875,42.79950277729244,4,70,1,0.24567254109779885,9.998138427734375,5643,68.8121100100332,ok,,16176.337890625
cuszhi,1,10.0,68.9492254940828,1,26.623626126844027,1467484,6.260947308454471,EXAFEL,27.885203709998542,100.0,10.0,exafel_f047,10.0,68.94923705786968,4,70,1,0.24567254109779885,9.99993896484375,5643,68.95393503244388,ok,spline/cr-first/cr,16176.337890625
pfpl,1,10.0,68.97573915458935,1,164.35031482541498,1673836,5.489092121330883,EXAFEL,161.16755543081672,100.0,10.0,exafel_f047,10.0,68.97532951309637,4,70,1,0.24567254109779885,9.998138427734375,5643,68.8121100100332,ok,,16176.337890625
cuszp3,1,10.0,68.97573915458935,1,134.79813,1709904,5.373307507322049,EXAFEL,133.42007,100.0,10.0,exafel_f047,10.0,68.97532951309637,4,70,1,0.24567254109779885,9.998138427734375,5643,68.8121100100332,ok,,16176.337890625
roibin_b1,1,99.99996948242188,48.20852463062399,1,83.271463,763056,12.040846281269003,EXAFEL,84.273552,100.0,10.0,exafel_f048,99.99996948242188,48.213228234354126,4,31,1,0.10931840345500139,9.999786376953125,2511,68.2912687463053,ok,,14945.3330078125
roibin_b2,n/a,1362.2734375,44.271939128950635,2,114.0723,165376,55.55727554179567,EXAFEL,102.5795,100.0,10.0,exafel_f048,1362.2734375,44.27667052650102,4,31,1,0.10931840345500139,9.999786376953125,2511,68.2912687463053,ok,,14945.3330078125
cuszhi,1,10.0,68.26159604171816,1,27.35355411858574,1323128,6.944029602578133,EXAFEL,29.369885433715222,100.0,10.0,exafel_f048,10.0,68.26164188776286,4,31,1,0.10931840345500139,9.990710258483887,2511,68.30373770572936,ok,spline/cr-first/cr,14945.3330078125
pfpl,1,9.999969482421875,68.42376148957393,1,176.14723926380367,1518607,6.0501762470474585,EXAFEL,157.02488378452284,100.0,10.0,exafel_f048,9.999969482421875,68.42361442112976,4,31,1,0.10931840345500139,9.999786376953125,2511,68.2912687463053,ok,,14945.3330078125
cuszp3,1,9.999969482421875,68.42376148957393,1,136.72381,1561472,5.884088859742602,EXAFEL,135.30631,100.0,10.0,exafel_f048,9.999969482421875,68.42361442112976,4,31,1,0.10931840345500139,9.999786376953125,2511,68.2912687463053,ok,,14945.3330078125
roibin_b1,1,99.99996948242188,48.4653055332431,1,86.455889,855008,10.745911149369363,EXAFEL,88.535306,100.0,10.0,exafel_f049,99.99996948242188,48.47198410047092,4,44,1,0.15516160490387296,9.990768432617188,3564,68.61196957855952,ok,,15660.28125
roibin_b2,n/a,9859.9091796875,42.82354241299811,2,118.69367,194752,47.17712783437397,EXAFEL,107.73733,100.0,10.0,exafel_f049,9859.9091796875,42.83026842998658,4,44,1,0.15516160490387296,9.990768432617188,3564,68.61196957855952,ok,,15660.28125
cuszhi,1,10.0,68.67029578971382,1,27.21613327487944,1444066,6.362479277262951,EXAFEL,27.74374335684607,100.0,10.0,exafel_f049,10.0,68.67026292100456,4,44,1,0.15516160490387296,9.996795654296875,3564,68.64916367322365,ok,spline/cr-first/cr,15660.28125
pfpl,1,9.999969482421875,68.70354264128702,1,176.68923076923076,1649212,5.571048476484527,EXAFEL,161.12233445566778,100.0,10.0,exafel_f049,9.999969482421875,68.70339904886482,4,44,1,0.15516160490387296,9.990768432617188,3564,68.61196957855952,ok,,15660.28125
cuszp3,1,9.999969482421875,68.70354264128702,1,135.49787,1682864,5.45964498616644,EXAFEL,134.16822,100.0,10.0,exafel_f049,9.999969482421875,68.70339904886482,4,44,1,0.15516160490387296,9.990768432617188,3564,68.61196957855952,ok,,15660.28125
roibin_b1,1,99.99996948242188,48.7565899544669,1,86.48193,900080,10.207803750777709,EXAFEL,90.062734,100.0,10.0,exafel_f050,99.99996948242188,48.789789936218966,4,219,1,0.7689293675118417,9.998680114746094,17662,68.9313119349613,ok,,16135.328125
roibin_b2,n/a,4575.8134765625,42.751123698595045,2,114.7562,219440,41.86948596427269,EXAFEL,100.63792,100.0,10.0,exafel_f050,4575.8134765625,42.784565831366145,4,219,1,0.7689293675118417,9.998680114746094,17662,68.9313119349613,ok,,16135.328125
cuszhi,1,10.0,68.93055623922834,1,26.047466295471526,1471745,6.24282059731815,EXAFEL,27.50455024427627,100.0,10.0,exafel_f050,10.0,68.93090274341307,4,219,1,0.7689293675118417,9.998886108398438,17662,68.97585304551221,ok,spline/cr-first/cr,16135.328125
pfpl,1,10.0,68.94847875218322,1,176.68923076923076,1676747,5.479562510026856,EXAFEL,160.71648474671144,100.0,10.0,exafel_f050,10.0,68.94834649226743,4,219,1,0.7689293675118417,9.998680114746094,17662,68.9313119349613,ok,,16135.328125
cuszp3,1,10.0,68.94847875218322,1,134.73487,1714336,5.359416123793702,EXAFEL,136.01137,100.0,10.0,exafel_f050,10.0,68.94834649226743,4,219,1,0.7689293675118417,9.998680114746094,17662,68.9313119349613,ok,,16135.328125
roibin_b1,1,99.99996948242188,48.84519768767107,1,85.579733,897920,10.232359230220956,EXAFEL,88.699414,100.0,10.0,exafel_f051,99.99996948242188,48.910339959143705,4,427,1,1.5031171635553078,9.99957275390625,34526,69.04532396768045,ok,,16375.6767578125
roibin_b2,n/a,4107.23193359375,43.31012503531346,2,117.43149,236960,38.773801485482785,EXAFEL,101.2769,100.0,10.0,exafel_f051,4107.23193359375,43.375723230821784,4,427,1,1.5031171635553078,9.99957275390625,34526,69.04532396768045,ok,,16375.6767578125
cuszhi,1,10.0,69.05858119754306,1,26.26635600851928,1439533,6.382514329299849,EXAFEL,27.03705447525778,100.0,10.0,exafel_f051,10.0,69.05890231975671,4,427,1,1.5031171635553078,9.999908447265625,34526,69.07999687428949,ok,spline/cr-first/cr,16375.6767578125
pfpl,1,10.0,69.0968796336761,1,176.09322293774915,1648333,5.574019327405324,EXAFEL,161.3486934532172,100.0,10.0,exafel_f051,10.0,69.09610014359427,4,427,1,1.5031171635553078,9.99957275390625,34526,69.04532396768045,ok,,16375.6767578125
cuszp3,1,10.0,69.0968796336761,1,131.76686,1687072,5.446027199787561,EXAFEL,134.54546,100.0,10.0,exafel_f051,10.0,69.09610014359427,4,427,1,1.5031171635553078,9.99957275390625,34526,69.04532396768045,ok,,16375.6767578125
roibin_b1,1,99.99960327148438,49.10969723048093,1,87.965688,705504,13.023087041320814,EXAFEL,87.965688,100.0,10.0,exafel_f052,99.99960327148438,49.113284352552604,4,24,1,0.08341460016717749,9.982391357421875,1916,69.01688801497619,ok,,16054.494140625
roibin_b2,n/a,1510.6983642578125,45.94079408228234,2,117.28758,135248,67.93327812610907,EXAFEL,102.91039,100.0,10.0,exafel_f052,1510.6983642578125,45.94440038832174,4,24,1,0.08341460016717749,9.982391357421875,1916,69.01688801497619,ok,,16054.494140625
cuszhi,1,9.999996185302734,68.88626194759864,1,27.974564259953627,1226544,7.490836040125751,EXAFEL,29.21746209423019,100.0,10.0,exafel_f052,9.999996185302734,68.88622641603668,4,24,1,0.08341460016717749,9.999862670898438,1916,68.84387298077807,ok,spline/cr-first/cr,16054.494140625
pfpl,1,9.999977111816406,69.21281696394304,1,176.41781874039938,1431369,6.41891783320723,EXAFEL,163.04372515616126,100.0,10.0,exafel_f052,9.999977111816406,69.21264979114967,4,24,1,0.08341460016717749,9.982391357421875,1916,69.01688801497619,ok,,16054.494140625
cuszp3,1,9.999977111816406,69.21281696394304,1,134.98825,1465984,6.267353531825722,EXAFEL,132.43543,100.0,10.0,exafel_f052,9.999977111816406,69.21264979114967,4,24,1,0.08341460016717749,9.982391357421875,1916,69.01688801497619,ok,,16054.494140625
roibin_b1,1,100.00006103515625,48.74095789618439,1,85.198812,915328,10.037756957068941,EXAFEL,91.352213,100.0,10.0,exafel_f053,100.00006103515625,48.746219083028656,4,35,1,0.12224853719699082,9.99908447265625,2808,68.89979625513841,ok,,15999.2939453125
roibin_b2,n/a,7254.6123046875,42.145993050090176,2,109.12961,207680,44.240369799691834,EXAFEL,99.109426,100.0,10.0,exafel_f053,7254.6123046875,42.151294259658286,4,35,1,0.12224853719699082,9.99908447265625,2808,68.89979625513841,ok,,15999.2939453125
cuszhi,1,10.0,68.86099404612412,1,26.631922050705302,1499331,6.127959736709239,EXAFEL,27.590448277518863,100.0,10.0,exafel_f053,10.0,68.8609544892607,4,35,1,0.12224853719699082,9.999324798583984,2808,68.82875610778376,ok,spline/cr-first/cr,15999.2939453125
pfpl,1,10.0,68.86154141494599,1,176.30948725821307,1710500,5.371435252850044,EXAFEL,161.43941523755973,100.0,10.0,exafel_f053,10.0,68.86158797581241,4,35,1,0.12224853719699082,9.99908447265625,2808,68.89979625513841,ok,,15999.2939453125
cuszp3,1,10.0,68.86154141494599,1,133.85548,1751792,5.244823586361851,EXAFEL,131.4652,100.0,10.0,exafel_f053,10.0,68.86158797581241,4,35,1,0.12224853719699082,9.99908447265625,2808,68.89979625513841,ok,,15999.2939453125
roibin_b1,1,100.00003051757812,48.79786537941753,1,84.298295,922464,9.960106844277934,EXAFEL,92.85899,100.0,10.0,exafel_f054,100.00003051757812,48.83564471351787,4,248,1,0.8745472276400111,9.99951171875,20088,68.9632959979805,ok,,16149.466796875
roibin_b2,n/a,7020.220703125,42.47820024262106,2,93.099871,227616,40.365527906649795,EXAFEL,77.620979,100.0,10.0,exafel_f054,7020.220703125,42.516262328868045,4,248,1,0.8745472276400111,9.99951171875,20088,68.9632959979805,ok,,16149.466796875
cuszhi,1,10.0,68.9345166970501,1,26.27833844103359,1486156,6.182285036025828,EXAFEL,26.887671489441402,100.0,10.0,exafel_f054,10.0,68.93481820273229,4,248,1,0.8745472276400111,10.0,20088,68.96912869019069,ok,spline/cr-first/cr,16149.466796875
pfpl,1,9.999984741210938,68.94811342472349,1,173.3816425120773,1697052,5.414000278129368,EXAFEL,158.36734693877554,100.0,10.0,exafel_f054,9.999984741210938,68.94824597369816,4,248,1,0.8745472276400111,9.99951171875,20088,68.9632959979805,ok,,16149.466796875
cuszp3,1,9.999984741210938,68.94811342472349,1,131.82736,1735184,5.295023467251888,EXAFEL,127.60889,100.0,10.0,exafel_f054,9.999984741210938,68.94824597369816,4,248,1,0.8745472276400111,9.99951171875,20088,68.9632959979805,ok,,16149.466796875
roibin_b1,1,99.99996185302734,48.75815899769945,1,86.48193,698608,13.15163868721801,EXAFEL,89.557081,100.0,10.0,exafel_f055,99.99996185302734,48.79702245520628,4,256,1,0.9004945667316802,9.999771118164062,20684,68.47014468428029,ok,,15108.1494140625
roibin_b2,n/a,1511.759521484375,45.751457545875596,2,119.38462,146496,62.71734381826125,EXAFEL,108.46997,100.0,10.0,exafel_f055,1511.759521484375,45.790531659256295,4,256,1,0.9004945667316802,9.999771118164062,20684,68.47014468428029,ok,,15108.1494140625
cuszhi,1,9.999984741210938,68.35869837723268,1,25.838660235949206,1191701,7.7098533944336705,EXAFEL,29.16256157635468,100.0,10.0,exafel_f055,9.999984741210938,68.35848772189395,4,256,1,0.9004945667316802,9.999187469482422,20684,68.33536729792485,ok,spline/cr-first/cr,15108.1494140625
pfpl,1,9.99998664855957,68.80096739046559,1,161.4848143982002,1397980,6.572225639851786,EXAFEL,162.85876347135564,100.0,10.0,exafel_f055,9.99998664855957,68.79787305202726,4,256,1,0.9004945667316802,9.999771118164062,20684,68.47014468428029,ok,,15108.1494140625
cuszp3,1,9.99998664855957,68.80096739046559,1,138.03846,1435392,6.400927412163367,EXAFEL,134.73487,100.0,10.0,exafel_f055,9.99998664855957,68.79787305202726,4,256,1,0.9004945667316802,9.999771118164062,20684,68.47014468428029,ok,,15108.1494140625
roibin_b1,1,99.99990844726562,48.66815852404897,1,87.456592,758656,12.11067993926101,EXAFEL,91.468623,100.0,10.0,exafel_f056,99.99990844726562,48.704019835368,4,237,1,0.8307066731680133,9.999526977539062,19081,68.63573901994734,ok,,15534.18359375
roibin_b2,n/a,10098.1396484375,45.00112335719716,2,111.32997,172832,53.16052582855027,EXAFEL,104.40727,100.0,10.0,exafel_f056,10098.1396484375,45.037193634253875,4,237,1,0.8307066731680133,9.999526977539062,19081,68.63573901994734,ok,,15534.18359375
cuszhi,1,10.0,68.59852753004678,1,26.610864361297722,1273004,7.217447863478826,EXAFEL,29.33837429111531,100.0,10.0,exafel_f056,10.0,68.59867995571474,4,237,1,0.8307066731680133,9.999523162841797,19081,68.61691499403695,ok,spline/cr-first/cr,15534.18359375
pfpl,1,9.999984741210938,68.83854590418059,1,174.70033465165804,1475565,6.226658940812502,EXAFEL,151.1157894736842,100.0,10.0,exafel_f056,9.999984741210938,68.83682155991643,4,237,1,0.8307066731680133,9.999526977539062,19081,68.63573901994734,ok,,15534.18359375
cuszp3,1,9.999984741210938,68.83854590418059,1,136.07583,1515904,6.060964282698641,EXAFEL,132.74157,100.0,10.0,exafel_f056,9.999984741210938,68.83682155991643,4,237,1,0.8307066731680133,9.999526977539062,19081,68.63573901994734,ok,,15534.18359375
roibin_b1,1,99.99996185302734,48.90834310945814,1,87.032435,789120,11.643146796431468,EXAFEL,90.147566,100.0,10.0,exafel_f057,99.99996185302734,48.928816817924414,4,135,1,0.4748885483421566,9.998992919921875,10908,69.07182007882567,ok,,16325.21875
roibin_b2,n/a,2446.78271484375,44.631922984768465,2,112.90601,182544,50.33219388202296,EXAFEL,101.77951,100.0,10.0,exafel_f057,2446.78271484375,44.652521708438364,4,135,1,0.4748885483421566,9.998992919921875,10908,69.07182007882567,ok,,16325.21875
cuszhi,1,10.000007629394531,69.03336431159504,1,26.713418871259897,1349678,6.807431105789677,EXAFEL,28.054130636572378,100.0,10.0,exafel_f057,10.000007629394531,69.03324793993556,4,135,1,0.4748885483421566,9.999465942382812,10908,69.00892781448837,ok,spline/cr-first/cr,16325.21875
pfpl,1,9.999969482421875,69.15197022972261,1,175.12656297651722,1546574,5.940769727151756,EXAFEL,162.3522759400622,100.0,10.0,exafel_f057,9.999969482421875,69.15158608886208,4,135,1,0.4748885483421566,9.998992919921875,10908,69.07182007882567,ok,,16325.21875
cuszp3,1,9.999969482421875,69.15197022972261,1,134.48244,1590288,5.777469238276337,EXAFEL,131.52542,100.0,10.0,exafel_f057,9.999969482421875,69.15158608886208,4,135,1,0.4748885483421566,9.998992919921875,10908,69.07182007882567,ok,,16325.21875
roibin_b1,1,99.99990844726562,48.62639018033173,1,88.371805,849520,10.815331010452962,EXAFEL,90.545571,100.0,10.0,exafel_f058,99.99990844726562,48.628733470544056,4,16,1,0.05446329061019783,9.999481201171875,1251,68.81410921827758,ok,,15963.421875
roibin_b2,n/a,1426.917236328125,43.03634079839024,2,119.48398,191360,48.013377926421406,EXAFEL,101.8156,100.0,10.0,exafel_f058,1426.917236328125,43.03870049666195,4,16,1,0.05446329061019783,9.999481201171875,1251,68.81410921827758,ok,,15963.421875
cuszhi,1,10.0,68.83657078137348,1,27.417344428181153,1436317,6.396805162091655,EXAFEL,28.168350829000293,100.0,10.0,exafel_f058,10.0,68.83669031642873,4,16,1,0.05446329061019783,9.998779296875,1251,69.06178589212742,ok,spline/cr-first/cr,15963.421875
pfpl,1,9.999988555908203,68.86631293328176,1,177.07061362935553,1646564,5.5800078223500575,EXAFEL,161.39404159640247,100.0,10.0,exafel_f058,9.999988555908203,68.86628432994775,4,16,1,0.05446329061019783,9.999481201171875,1251,68.81410921827758,ok,,15963.421875
cuszp3,1,9.999988555908203,68.86631293328176,1,136.33428,1680336,5.467858809190543,EXAFEL,134.98825,100.0,10.0,exafel_f058,9.999988555908203,68.86628432994775,4,16,1,0.05446329061019783,9.999481201171875,1251,68.81410921827758,ok,,15963.421875
roibin_b1,1,99.99996948242188,49.239790877288506,1,88.290281,722912,12.709486078526847,EXAFEL,95.262113,100.0,10.0,exafel_f059,99.99996948242188,49.25134900959634,4,77,1,0.2684417665087768,9.99374008178711,6166,69.27986332314,ok,,16417.3671875
roibin_b2,n/a,7226.236328125,45.96843912640091,2,121.19881,146976,62.512519050729374,EXAFEL,105.98745,100.0,10.0,exafel_f059,7226.236328125,45.98005854743936,4,77,1,0.2684417665087768,9.99374008178711,6166,69.27986332314,ok,,16417.3671875
cuszhi,1,10.0,69.08206264994332,1,26.97236664034359,1250762,7.345794003975176,EXAFEL,29.410499359795136,100.0,10.0,exafel_f059,10.0,69.08223530949941,4,77,1,0.2684417665087768,9.998367309570312,6166,69.14686157730179,ok,spline/cr-first/cr,16417.3671875
pfpl,1,10.0,69.3706162399734,1,176.7436134195137,1448738,6.341961072326397,EXAFEL,161.89455878206937,100.0,10.0,exafel_f059,10.0,69.37037006498892,4,77,1,0.2684417665087768,9.99374008178711,6166,69.27986332314,ok,,16417.3671875
cuszp3,1,10.0,69.3706162399734,1,136.39905,1484576,6.18886469941586,EXAFEL,134.79813,100.0,10.0,exafel_f059,10.0,69.37037006498892,4,77,1,0.2684417665087768,9.99374008178711,6166,69.27986332314,ok,,16417.3671875
roibin_b1,1,100.0,48.755659253789645,1,83.054671,877392,10.471761766690374,EXAFEL,89.75305,100.0,10.0,exafel_f060,100.0,48.771801836707326,4,107,1,0.3745820562830872,9.9942626953125,8604,68.958021647209,ok,,16157.099609375
roibin_b2,n/a,3325.330078125,42.89888546809576,2,111.15756,205456,44.7192586247177,EXAFEL,106.06576,100.0,10.0,exafel_f060,3325.330078125,42.9151434428781,4,107,1,0.3745820562830872,9.9942626953125,8604,68.958021647209,ok,,16157.099609375
cuszhi,1,10.0,68.93772851710803,1,26.72204287002298,1461503,6.286569374130604,EXAFEL,27.972136976959423,100.0,10.0,exafel_f060,10.0,68.93743980843615,4,107,1,0.3745820562830872,9.998779296875,8604,68.86132706340167,ok,spline/cr-first/cr,16157.099609375
pfpl,1,10.0,68.95540009394529,1,174.9664838513102,1667286,5.510656240141164,EXAFEL,161.53023909985936,100.0,10.0,exafel_f060,10.0,68.95540991086129,4,107,1,0.3745820562830872,9.9942626953125,8604,68.958021647209,ok,,16157.099609375
cuszp3,1,10.0,68.95540009394529,1,135.62588,1701312,5.400443892713389,EXAFEL,133.73078,100.0,10.0,exafel_f060,10.0,68.95540991086129,4,107,1,0.3745820562830872,9.9942626953125,8604,68.958021647209,ok,,16157.099609375
roibin_b1,1,99.99999237060547,39.433403110933305,1,87.058824,618288,14.86012990709831,EXAFEL,89.306375,100.0,10.0,exafel_f061,99.99999237060547,39.44067809913061,4,48,1,0.1692672053496796,9.999992370605469,3888,58.94387356142201,ok,,4912.10205078125
roibin_b2,n/a,1462.56396484375,36.6225555328842,2,114.39044,106896,85.9512049094447,EXAFEL,104.2935,100.0,10.0,exafel_f061,1462.56396484375,36.62986979498277,4,48,1,0.1692672053496796,9.999992370605469,3888,58.94387356142201,ok,,4912.10205078125
cuszhi,1,9.999992370605469,58.60328546813083,1,27.726998382463,1137404,8.077903717588473,EXAFEL,31.208695652173912,100.0,10.0,exafel_f061,9.999992370605469,58.603300022874905,4,48,1,0.1692672053496796,9.997673034667969,3888,58.61189265654763,ok,spline/cr-first/cr,4912.10205078125
pfpl,1,9.999996185302734,59.25419090771984,1,178.2800372555107,1331785,6.898891337565749,EXAFEL,160.4022346368715,100.0,10.0,exafel_f061,9.999996185302734,59.253646455333914,4,48,1,0.1692672053496796,9.999992370605469,3888,58.94387356142201,ok,,4912.10205078125
cuszp3,1,9.999996185302734,59.25419090771984,1,139.51409,1379296,6.661253277034081,EXAFEL,133.66853,100.0,10.0,exafel_f061,9.999996185302734,59.253646455333914,4,48,1,0.1692672053496796,9.999992370605469,3888,58.94387356142201,ok,,4912.10205078125
roibin_b1,1,99.99989318847656,47.551859424590816,1,88.127689,730832,12.571753836723078,EXAFEL,88.919173,100.0,10.0,exafel_f062,99.99989318847656,47.55458927504217,4,18,1,0.06347520200612984,9.998291015625,1458,67.53089580694093,ok,,13623.302734375
roibin_b2,n/a,2940.59521484375,44.12667099687705,2,115.77419,148336,61.9393808650631,EXAFEL,106.10495,100.0,10.0,exafel_f062,2940.59521484375,44.12941596890904,4,18,1,0.06347520200612984,9.998291015625,1458,67.53089580694093,ok,,13623.302734375
cuszhi,1,10.0,67.45686463883847,1,27.564250452636994,1272074,7.222724464142809,EXAFEL,29.74258041124981,100.0,10.0,exafel_f062,10.0,67.45691667072862,4,18,1,0.06347520200612984,9.98040771484375,1458,67.53961960921072,ok,spline/cr-first/cr,13623.302734375
pfpl,1,9.999969482421875,67.69686392576536,1,175.17998779743746,1467824,6.2594970514176085,EXAFEL,151.67459059693607,100.0,10.0,exafel_f062,9.999969482421875,67.69675653962662,4,18,1,0.06347520200612984,9.998291015625,1458,67.53089580694093,ok,,13623.302734375
cuszp3,1,9.999969482421875,67.69686392576536,1,136.65874,1506192,6.100045678107439,EXAFEL,130.21315,100.0,10.0,exafel_f062,9.999969482421875,67.69675653962662,4,18,1,0.06347520200612984,9.998291015625,1458,67.53089580694093,ok,,13623.302734375
roibin_b1,1,99.99996185302734,43.93586790688855,1,86.848154,771728,11.905541848941596,EXAFEL,88.946719,100.0,10.0,exafel_f063,99.99996185302734,43.942950715796115,4,47,1,0.16456533853441072,9.999488830566406,3780,64.02950355494568,ok,,9170.880859375
roibin_b2,n/a,1526.8525390625,39.83079756874227,2,119.63333,170160,53.99529854254819,EXAFEL,97.295836,100.0,10.0,exafel_f063,1526.8525390625,39.837923212891255,4,47,1,0.16456533853441072,9.999488830566406,3780,64.02950355494568,ok,,9170.880859375
cuszhi,1,10.0,64.01910098997931,1,27.528613717805822,1330059,6.90784393775013,EXAFEL,28.314185691040876,100.0,10.0,exafel_f063,10.0,64.01912388425797,4,47,1,0.16456533853441072,9.996482849121094,3780,64.0330352522019,ok,spline/cr-first/cr,9170.880859375
pfpl,1,9.999961853027344,64.1599696856418,1,175.39401343921807,1531473,5.999348339800963,EXAFEL,161.43941523755973,100.0,10.0,exafel_f063,9.999961853027344,64.15975173161902,4,47,1,0.16456533853441072,9.999488830566406,3780,64.02950355494568,ok,,9170.880859375
cuszp3,1,9.999961853027344,64.1599696856418,1,133.85548,1575440,5.8319199715635,EXAFEL,133.29619,100.0,10.0,exafel_f063,9.999961853027344,64.15975173161902,4,47,1,0.16456533853441072,9.999488830566406,3780,64.02950355494568,ok,,9170.880859375
roibin_b1,1,100.0,47.946712043145276,1,86.664652,812800,11.303937007874016,EXAFEL,92.949174,100.0,10.0,exafel_f064,100.0,47.94998233627848,4,22,1,0.07601351351351351,9.996917724609375,1746,68.05992593699,ok,,14755.861328125
roibin_b2,n/a,1635.389404296875,42.89813647662462,2,70.99901,181584,50.598290598290596,EXAFEL,59.236643,100.0,10.0,exafel_f064,1635.389404296875,42.90142889161494,4,22,1,0.07601351351351351,9.996917724609375,1746,68.05992593699,ok,,14755.861328125
cuszhi,1,10.0,68.14775204877566,1,27.21585110999536,1393438,6.593648228338828,EXAFEL,28.67758689572513,100.0,10.0,exafel_f064,10.0,68.14770075896521,4,22,1,0.07601351351351351,9.998825073242188,1746,68.08079585760133,ok,spline/cr-first/cr,14755.861328125
pfpl,1,10.0,68.21749575382144,1,175.4476015887565,1599677,5.743559481070241,EXAFEL,161.71219374823994,100.0,10.0,exafel_f064,10.0,68.21737378184824,4,22,1,0.07601351351351351,9.996917724609375,1746,68.05992593699,ok,,14755.861328125
cuszp3,1,10.0,68.21749575382144,1,133.9804,1638064,5.608962775569209,EXAFEL,130.03623,100.0,10.0,exafel_f064,10.0,68.21737378184824,4,22,1,0.07601351351351351,9.996917724609375,1746,68.05992593699,ok,,14755.861328125
roibin_b1,1,99.99987030029297,48.85798212027232,1,88.263139,795152,11.554822222669376,EXAFEL,87.48324,100.0,10.0,exafel_f065,99.99987030029297,48.875814455772584,4,118,1,0.4137642797436612,9.99932861328125,9504,69.0033823167405,ok,,16271.96875
roibin_b2,n/a,3631.34423828125,44.39289400201399,2,120.79092,184000,49.93391304347826,EXAFEL,104.14218,100.0,10.0,exafel_f065,3631.34423828125,44.410838420450865,4,118,1,0.4137642797436612,9.99932861328125,9504,69.0033823167405,ok,,16271.96875
cuszhi,1,10.0,68.99901623957123,1,26.173721558941747,1361302,6.749303240574098,EXAFEL,28.198782164604204,100.0,10.0,exafel_f065,10.0,68.9992302043399,4,118,1,0.4137642797436612,9.999557495117188,9504,69.05103703860246,ok,spline/cr-first/cr,16271.96875
pfpl,1,10.0,69.11387094749792,1,175.66228204343835,1558067,5.896947948964968,EXAFEL,161.5756893640968,100.0,10.0,exafel_f065,10.0,69.11340794473753,4,118,1,0.4137642797436612,9.99932861328125,9504,69.0033823167405,ok,,16271.96875
cuszp3,1,10.0,69.11387094749792,1,135.24257,1601488,5.737064529987112,EXAFEL,133.85548,100.0,10.0,exafel_f065,10.0,69.11340794473753,4,118,1,0.4137642797436612,9.99932861328125,9504,69.0033823167405,ok,,16271.96875
roibin_b1,1,99.99991607666016,49.091651358779814,1,87.589993,759648,12.094864990100678,EXAFEL,87.270519,100.0,10.0,exafel_f066,99.99991607666016,49.13307467180932,4,273,1,0.9589631512956255,9.999008178710938,22027,69.04623913909919,ok,,16272.5634765625
roibin_b2,n/a,9983.4150390625,45.62152794174606,2,118.89027,176992,51.91104682697523,EXAFEL,109.25419,100.0,10.0,exafel_f066,9983.4150390625,45.66318504591583,4,273,1,0.9589631512956255,9.999008178710938,22027,69.04623913909919,ok,,16272.5634765625
cuszhi,1,9.999996185302734,69.00309859938815,1,26.018477745290298,1267815,7.24698792804944,EXAFEL,28.681884021777133,100.0,10.0,exafel_f066,9.999996185302734,69.00332262629956,4,273,1,0.9589631512956255,9.999618530273438,22027,69.02652242010149,ok,spline/cr-first/cr,16272.5634765625
pfpl,1,9.999984741210938,69.24921672102384,1,176.09322293774915,1471075,6.245663885253981,EXAFEL,159.8663697104677,100.0,10.0,exafel_f066,9.999984741210938,69.24722449419306,4,273,1,0.9589631512956255,9.999008178710938,22027,69.04623913909919,ok,,16272.5634765625
cuszp3,1,9.999984741210938,69.24921672102384,1,136.01137,1509984,6.0847267255811985,EXAFEL,125.70929,100.0,10.0,exafel_f066,9.999984741210938,69.24722449419306,4,273,1,0.9589631512956255,9.999008178710938,22027,69.04623913909919,ok,,16272.5634765625
roibin_b1,1,99.9999771118164,48.70906208721314,1,86.769415,826608,11.115111395002225,EXAFEL,94.045203,100.0,10.0,exafel_f067,99.9999771118164,48.7192318986554,4,68,1,0.23609466425188072,9.99652099609375,5423,69.01557324846381,ok,,16127.5107421875
roibin_b2,n/a,1887.8818359375,43.514618879267886,2,89.8373,189248,48.54920527561718,EXAFEL,86.403854,100.0,10.0,exafel_f067,1887.8818359375,43.524855503172496,4,68,1,0.23609466425188072,9.99652099609375,5423,69.01557324846381,ok,,16127.5107421875
cuszhi,1,10.0,68.92107236064803,1,26.857137010907607,1411068,6.5112666434218625,EXAFEL,28.205707549486707,100.0,10.0,exafel_f067,10.0,68.9211526694885,4,68,1,0.23609466425188072,9.998992919921875,5423,68.95522147973558,ok,spline/cr-first/cr,16127.5107421875
pfpl,1,9.999992370605469,68.97833448356172,1,176.79802955665025,1613195,5.695430496623161,EXAFEL,159.06925207756234,100.0,10.0,exafel_f067,9.999992370605469,68.9784220273246,4,68,1,0.23609466425188072,9.99652099609375,5423,69.01557324846381,ok,,16127.5107421875
cuszp3,1,9.999992370605469,68.97833448356172,1,134.92482,1649056,5.571575495313683,EXAFEL,133.73078,100.0,10.0,exafel_f067,9.999992370605469,68.9784220273246,4,68,1,0.23609466425188072,9.99652099609375,5423,69.01557324846381,ok,,16127.5107421875
roibin_b1,1,100.0,48.695333321013685,1,84.298295,830608,11.061583803671528,EXAFEL,88.208907,100.0,10.0,exafel_f068,100.0,48.70768977044604,4,82,1,0.2868138757314015,9.99945068359375,6588,68.95692320143957,ok,,16090.7568359375
roibin_b2,n/a,3125.9453125,43.438490142913686,2,83.247319,192080,47.833402748854645,EXAFEL,81.568181,100.0,10.0,exafel_f068,3125.9453125,43.450929150534805,4,82,1,0.2868138757314015,9.99945068359375,6588,68.95692320143957,ok,,16090.7568359375
cuszhi,1,10.0,68.90309088118677,1,26.753127634266612,1413674,6.499263620891379,EXAFEL,27.92860269442148,100.0,10.0,exafel_f068,10.0,68.9031944372967,4,82,1,0.2868138757314015,9.999298095703125,6588,68.93934705242208,ok,spline/cr-first/cr,16090.7568359375
pfpl,1,10.0,68.96240942548557,1,176.90696241528033,1617157,5.681476813939525,EXAFEL,158.8053097345133,100.0,10.0,exafel_f068,10.0,68.96239368031934,4,82,1,0.2868138757314015,9.99945068359375,6588,68.95692320143957,ok,,16090.7568359375
cuszp3,1,10.0,68.96240942548557,1,134.23095,1652240,5.560838619086815,EXAFEL,133.85548,100.0,10.0,exafel_f068,10.0,68.96239368031934,4,82,1,0.2868138757314015,9.99945068359375,6588,68.95692320143957,ok,,16090.7568359375
roibin_b1,1,99.99998474121094,48.83498820150957,1,91.033607,853104,10.769894409122452,EXAFEL,85.097805,100.0,10.0,exafel_f069,99.99998474121094,48.874793261057235,4,265,1,0.9211305377542491,9.999847412109375,21158,69.04689481355459,ok,,16376.1591796875
roibin_b2,n/a,9636.922607421875,43.25457531438879,2,108.42901,214000,42.93383177570094,EXAFEL,106.06576,100.0,10.0,exafel_f069,9636.922607421875,43.29465850340466,4,265,1,0.9211305377542491,9.999847412109375,21158,69.04689481355459,ok,,16376.1591796875
cuszhi,1,10.0,69.05977792576368,1,26.10144742262184,1416565,6.485999583499522,EXAFEL,27.470340604668962,100.0,10.0,exafel_f069,10.0,69.0600194100835,4,265,1,0.9211305377542491,9.999267578125,21158,69.08607271885757,ok,spline/cr-first/cr,16376.1591796875
pfpl,1,10.0,69.1150986852773,1,175.12656297651722,1617655,5.6797277540637525,EXAFEL,161.3940415964025,100.0,10.0,exafel_f069,10.0,69.11446552566053,4,265,1,0.9211305377542491,9.999847412109375,21158,69.04689481355459,ok,,16376.1591796875
cuszp3,1,10.0,69.1150986852773,1,137.11556,1653200,5.557609484635858,EXAFEL,134.35658,100.0,10.0,exafel_f069,10.0,69.11446552566053,4,265,1,0.9211305377542491,9.999847412109375,21158,69.04689481355459,ok,,16376.1591796875
roibin_b1,1,99.99996948242188,48.90638668010457,1,74.229574,764336,12.02068200372611,EXAFEL,77.286673,100.0,10.0,exafel_f070,99.99996948242188,48.92355570069544,4,113,1,0.39848321259403735,9.99981689453125,9153,68.9640102329626,ok,,16133.228515625
roibin_b2,n/a,3540.125,45.11392173594522,2,116.66802,169888,54.08174797513656,EXAFEL,102.76306,100.0,10.0,exafel_f070,3540.125,45.131190613936354,4,113,1,0.39848321259403735,9.99981689453125,9153,68.9640102329626,ok,,16133.228515625
cuszhi,1,10.0,68.929342285457,1,26.85297680719326,1305608,7.037211781790552,EXAFEL,28.79117573326649,100.0,10.0,exafel_f070,10.0,68.92926042970669,4,113,1,0.39848321259403735,9.999992370605469,9153,68.90884868930583,ok,spline/cr-first/cr,16133.228515625
pfpl,1,10.0,69.11008146261027,1,175.55487618465304,1505511,6.102804961239074,EXAFEL,158.3236834849738,100.0,10.0,exafel_f070,10.0,69.10948953424683,4,113,1,0.39848321259403735,9.99981689453125,9153,68.9640102329626,ok,,16133.228515625
cuszp3,1,10.0,69.11008146261027,1,134.67167,1548976,5.931557364349093,EXAFEL,135.11529,100.0,10.0,exafel_f070,10.0,69.10948953424683,4,113,1,0.39848321259403735,9.99981689453125,9153,68.9640102329626,ok,,16133.228515625
roibin_b1,1,99.99981689453125,44.99463326892442,1,88.236015,799264,11.495375745686031,EXAFEL,92.025641,100.0,10.0,exafel_f071,99.99981689453125,44.99970767523989,4,34,1,0.11793849261632766,9.998504638671875,2709,65.05089985346896,ok,,10480.15625
roibin_b2,n/a,2111.89697265625,40.18224696178253,2,114.48166,178816,51.381531853972795,EXAFEL,105.24926,100.0,10.0,exafel_f071,2111.89697265625,40.18735527399544,4,34,1,0.11793849261632766,9.998504638671875,2709,65.05089985346896,ok,,10480.15625
cuszhi,1,10.0,65.18068802204343,1,27.30214293461546,1377609,6.669410551179617,EXAFEL,28.724926216797552,100.0,10.0,exafel_f071,10.0,65.18090730358442,4,34,1,0.11793849261632766,9.995895385742188,2709,65.3707091771,ok,spline/cr-first/cr,10480.15625
pfpl,1,10.0,65.25765817054479,1,177.78328173374612,1582156,5.807164400981951,EXAFEL,160.5367626502656,100.0,10.0,exafel_f071,10.0,65.25740843232983,4,34,1,0.11793849261632766,9.998504638671875,2709,65.05089985346896,ok,,10480.15625
cuszp3,1,10.0,65.25765817054479,1,134.98825,1621232,5.667196305032222,EXAFEL,134.10556,100.0,10.0,exafel_f071,10.0,65.25740843232983,4,34,1,0.11793849261632766,9.998504638671875,2709,65.05089985346896,ok,,10480.15625
roibin_b1,1,99.9999771118164,40.1080626041645,1,84.771185,781600,11.755168884339815,EXAFEL,88.589941,100.0,10.0,exafel_f072,99.9999771118164,40.1113173077221,4,22,1,0.07562169127890778,9.991630554199219,1737,60.39758686596865,ok,,5939.1611328125
roibin_b2,n/a,1403.5426025390625,35.67355575176918,2,115.49477,172224,53.34819769602378,EXAFEL,105.24926,100.0,10.0,exafel_f072,1403.5426025390625,35.67683012720398,4,22,1,0.07562169127890778,9.991630554199219,1737,60.39758686596865,ok,,5939.1611328125
cuszhi,1,10.0,60.24618967445457,1,27.82524424739096,1359416,6.758666956987412,EXAFEL,28.993234373422194,100.0,10.0,exafel_f072,10.0,60.246202915984114,4,22,1,0.07562169127890778,9.9827880859375,1737,60.26373526902846,ok,spline/cr-first/cr,5939.1611328125
pfpl,1,10.0,60.35903157131254,1,175.87748851454825,1555257,5.907602409119522,EXAFEL,162.44413012729845,100.0,10.0,exafel_f072,10.0,60.35906059853795,4,22,1,0.07562169127890778,9.991630554199219,1737,60.39758686596865,ok,,5939.1611328125
cuszp3,1,10.0,60.35903157131254,1,136.46388,1597136,5.75269732821751,EXAFEL,131.4652,100.0,10.0,exafel_f072,10.0,60.35906059853795,4,22,1,0.07562169127890778,9.991630554199219,1737,60.39758686596865,ok,,5939.1611328125
roibin_b1,1,99.99981689453125,48.77450804821577,1,88.290281,820864,11.19288944331826,EXAFEL,93.768778,100.0,10.0,exafel_f073,99.99981689453125,48.79196887412882,4,115,1,0.40514419058233486,9.999908447265625,9306,68.9388931910725,ok,,16224.8056640625
roibin_b2,n/a,1961.495361328125,43.76045767757845,2,121.76421,191280,48.033458803847765,EXAFEL,105.01828,100.0,10.0,exafel_f073,1961.495361328125,43.778034987697026,4,115,1,0.40514419058233486,9.999908447265625,9306,68.9388931910725,ok,,16224.8056640625
cuszhi,1,10.0,68.97676257887204,1,26.629837937166055,1399101,6.566959783460951,EXAFEL,27.96396396396397,100.0,10.0,exafel_f073,10.0,68.97666429599963,4,115,1,0.40514419058233486,9.998992919921875,9306,68.9525710675005,ok,spline/cr-first/cr,16224.8056640625
pfpl,1,10.0,69.04036458793324,1,153.3351134846462,1599390,5.744590124985151,EXAFEL,159.5111111111111,100.0,10.0,exafel_f073,10.0,69.03994866208913,4,115,1,0.40514419058233486,9.999908447265625,9306,68.9388931910725,ok,,16224.8056640625
cuszp3,1,10.0,69.04036458793324,1,136.07583,1638048,5.6090175623669145,EXAFEL,134.73487,100.0,10.0,exafel_f073,10.0,69.03994866208913,4,115,1,0.40514419058233486,9.999908447265625,9306,68.9388931910725,ok,,16224.8056640625
roibin_b1,1,99.9999771118164,48.8798863963989,1,88.344614,739056,12.431859020155441,EXAFEL,94.665346,100.0,10.0,exafel_f074,99.9999771118164,48.88528213193691,4,36,1,0.12538311507383673,9.997245788574219,2880,69.00273658219135,ok,,15920.998046875
roibin_b2,n/a,1544.29736328125,45.38923173588141,2,112.33177,152544,60.23075309418922,EXAFEL,106.30137,100.0,10.0,exafel_f074,1544.29736328125,45.394656746427934,4,36,1,0.12538311507383673,9.997245788574219,2880,69.00273658219135,ok,,15920.998046875
cuszhi,1,10.0,68.81175330718726,1,27.017297782090584,1280848,7.173247723383259,EXAFEL,29.39694890959353,100.0,10.0,exafel_f074,10.0,68.81163513435379,4,36,1,0.12538311507383673,9.997993469238281,2880,68.71851078028607,ok,spline/cr-first/cr,15920.998046875
pfpl,1,9.999984741210938,69.04192236849495,1,175.98528961078762,1476388,6.223187942464989,EXAFEL,161.75774647887323,100.0,10.0,exafel_f074,9.999984741210938,69.04187301409047,4,36,1,0.12538311507383673,9.997245788574219,2880,69.00273658219135,ok,,15920.998046875
cuszp3,1,9.999984741210938,69.04192236849495,1,135.81835,1515280,6.063460218573465,EXAFEL,132.92593,100.0,10.0,exafel_f074,9.999984741210938,69.04187301409047,4,36,1,0.12538311507383673,9.997245788574219,2880,69.00273658219135,ok,,15920.998046875
roibin_b1,1,99.99995422363281,51.648336311370436,1,85.528747,419040,21.925925925925927,EXAFEL,93.493973,100.0,10.0,exafel_f075,99.99995422363281,51.651190663696404,4,19,1,0.0670016021175815,9.999439239501953,1539,68.77207917253632,ok,,15016.50390625
roibin_b2,n/a,1612.97119140625,50.06469096752095,2,120.79092,48448,189.64332892998678,EXAFEL,102.46967,100.0,10.0,exafel_f075,1612.97119140625,50.06756257331229,4,19,1,0.0670016021175815,9.999439239501953,1539,68.77207917253632,ok,,15016.50390625
cuszhi,1,10.0,68.38303894432109,1,28.06912922472497,961174,9.55897683457938,EXAFEL,31.966154531284793,100.0,10.0,exafel_f075,10.0,68.38303088438062,4,19,1,0.0670016021175815,9.994876384735107,1539,68.37102608840294,ok,spline/cr-first/cr,15016.50390625
pfpl,1,9.999996185302734,69.89943288492104,1,176.63488157490002,1126297,8.157564123850104,EXAFEL,163.13636363636363,100.0,10.0,exafel_f075,9.999996185302734,69.89857052490915,4,19,1,0.0670016021175815,9.999439239501953,1539,68.77207917253632,ok,,15016.50390625
cuszp3,1,9.999996185302734,69.89943288492104,1,138.83946,1239056,7.415193502150024,EXAFEL,136.59372,100.0,10.0,exafel_f075,9.999996185302734,69.89857052490915,4,19,1,0.0670016021175815,9.999439239501953,1539,68.77207917253632,ok,,15016.50390625
roibin_b1,1,99.99996948242188,44.88115858917489,1,88.781696,674704,13.617586378619364,EXAFEL,89.949872,100.0,10.0,exafel_f076,99.99996948242188,44.88540391996897,4,28,1,0.09873920312064642,9.991546630859375,2268,64.678283192587,ok,,9657.7314453125
roibin_b2,n/a,822.1029052734375,41.879450150407,2,111.02862,122560,74.96605744125327,EXAFEL,103.50397,100.0,10.0,exafel_f076,822.1029052734375,41.883717924995075,4,28,1,0.09873920312064642,9.991546630859375,2268,64.678283192587,ok,,9657.7314453125
cuszhi,1,9.999996528029442,64.47314560468439,1,27.418203521336913,1196092,7.68154957979821,EXAFEL,30.09643605870021,100.0,10.0,exafel_f076,9.999996528029442,64.47315379145758,4,28,1,0.09873920312064642,9.99365234375,2268,64.48144483135154,ok,spline/cr-first/cr,9657.7314453125
pfpl,1,9.999977111816406,64.90462697439192,1,176.20128873887697,1393633,6.592725631496958,EXAFEL,160.71648474671142,100.0,10.0,exafel_f076,9.999977111816406,64.90439756401669,4,28,1,0.09873920312064642,9.991546630859375,2268,64.678283192587,ok,,9657.7314453125
cuszp3,1,9.999977111816406,64.90462697439192,1,104.63557,1429328,6.428083686879429,EXAFEL,76.95524,100.0,10.0,exafel_f076,9.999977111816406,64.90439756401669,4,28,1,0.09873920312064642,9.991546630859375,2268,64.678283192587,ok,,9657.7314453125
roibin_b1,1,99.99996185302734,48.61700827162252,1,89.195401,822496,11.170680465315332,EXAFEL,89.696972,100.0,10.0,exafel_f077,99.99996185302734,48.62002678612216,4,20,1,0.07013617999442742,9.98924446105957,1611,68.90432393152668,ok,,15954.283203125
roibin_b2,n/a,2827.3115234375,43.3785862701336,2,120.48678,184320,49.84722222222222,EXAFEL,104.17997,100.0,10.0,exafel_f077,2827.3115234375,43.3816247744126,4,20,1,0.07013617999442742,9.98924446105957,1611,68.90432393152668,ok,,15954.283203125
cuszhi,1,10.0,68.82637340160106,1,27.23577826228084,1406461,6.532594931533828,EXAFEL,28.32955106068081,100.0,10.0,exafel_f077,10.0,68.8264511053546,4,20,1,0.07013617999442742,9.983795166015625,1611,68.93859985648008,ok,spline/cr-first/cr,15954.283203125
pfpl,1,10.0,68.88280152713271,1,178.0037197768134,1614628,5.690375739798888,EXAFEL,160.8515406162465,100.0,10.0,exafel_f077,10.0,68.88281658480956,4,20,1,0.07013617999442742,9.98924446105957,1611,68.90432393152668,ok,,15954.283203125
cuszp3,1,10.0,68.88280152713271,1,136.20493,1651008,5.564988176919797,EXAFEL,135.1789,100.0,10.0,exafel_f077,10.0,68.88281658480956,4,20,1,0.07013617999442742,9.98924446105957,1611,68.90432393152668,ok,,15954.283203125
roibin_b1,1,99.99993896484375,46.49417905347337,1,86.848154,834464,11.01046899566668,EXAFEL,93.585395,100.0,10.0,exafel_f078,99.99993896484375,46.505976738310096,4,78,1,0.27388374198941207,9.99481201171875,6291,66.71902407456221,ok,,12496.296875
roibin_b2,n/a,2309.113525390625,41.17419010635439,2,112.81729,191456,47.98930302523817,EXAFEL,100.92091,100.0,10.0,exafel_f078,2309.113525390625,41.186067774363956,4,78,1,0.27388374198941207,9.99481201171875,6291,66.71902407456221,ok,,12496.296875
cuszhi,1,10.0,66.70694065528201,1,26.32928223659513,1412494,6.504693117280498,EXAFEL,28.008974734172277,100.0,10.0,exafel_f078,10.0,66.70703903790069,4,78,1,0.27388374198941207,9.9996337890625,6291,66.74301093180303,ok,spline/cr-first/cr,12496.296875
pfpl,1,10.0,66.76176446255812,1,172.18590704647673,1622943,5.661221620229423,EXAFEL,161.2128017967434,100.0,10.0,exafel_f078,10.0,66.76164682727463,4,78,1,0.27388374198941207,9.99481201171875,6291,66.71902407456221,ok,,12496.296875
cuszp3,1,10.0,66.76176446255812,1,136.72381,1658192,5.540878257765084,EXAFEL,134.86144,100.0,10.0,exafel_f078,10.0,66.76164682727463,4,78,1,0.27388374198941207,9.99481201171875,6291,66.71902407456221,ok,,12496.296875
roibin_b1,1,100.00000762939453,45.716657990914534,1,86.690819,759216,12.101747065393775,EXAFEL,90.574135,100.0,10.0,exafel_f079,100.00000762939453,45.72134530245994,4,31,1,0.10892658122039565,9.9998779296875,2502,65.85354982301102,ok,,11191.0654296875
roibin_b2,n/a,2918.397705078125,41.832862306827735,2,112.37574,163840,56.078125,EXAFEL,103.91603,100.0,10.0,exafel_f079,2918.397705078125,41.83757674262388,4,31,1,0.10892658122039565,9.9998779296875,2502,65.85354982301102,ok,,11191.0654296875
cuszhi,1,10.0,65.75117975051431,1,27.379679144385026,1316546,6.978745900257188,EXAFEL,29.581702039975273,100.0,10.0,exafel_f079,10.0,65.75119516965141,4,31,1,0.10892658122039565,9.9990234375,2502,65.76535837709251,ok,spline/cr-first/cr,11191.0654296875
pfpl,1,10.0,65.92155609537004,1,166.5429234338747,1512356,6.075183356299707,EXAFEL,161.53023909985936,100.0,10.0,exafel_f079,10.0,65.92148143607906,4,31,1,0.10892658122039565,9.9998779296875,2502,65.85354982301102,ok,,11191.0654296875
cuszp3,1,10.0,65.92155609537004,1,137.37799,1555712,5.905874609182162,EXAFEL,133.91791,100.0,10.0,exafel_f079,10.0,65.92148143607906,4,31,1,0.10892658122039565,9.9998779296875,2502,65.85354982301102,ok,,11191.0654296875
roibin_b1,1,99.99993896484375,43.75054708473975,1,88.181815,822480,11.170897772590214,EXAFEL,92.291869,100.0,10.0,exafel_f080,99.99993896484375,43.75631539219094,4,38,1,0.134003204235163,9.995697021484375,3078,63.979615700277364,ok,,9110.5146484375
roibin_b2,n/a,3319.88134765625,38.55859461359377,2,120.74012,185392,49.55898852161906,EXAFEL,98.127138,100.0,10.0,exafel_f080,3319.88134765625,38.564401476086466,4,38,1,0.134003204235163,9.995697021484375,3078,63.979615700277364,ok,,9110.5146484375
cuszhi,1,10.0,63.963696281177164,1,27.307660871464805,1404322,6.542545085813653,EXAFEL,28.745056815337637,100.0,10.0,exafel_f080,10.0,63.96366377408579,4,38,1,0.134003204235163,9.998722076416016,3078,63.93950524666426,ok,spline/cr-first/cr,9110.5146484375
pfpl,1,9.999969482421875,64.0203767434743,1,175.87748851454825,1611648,5.700897466444285,EXAFEL,161.43941523755973,100.0,10.0,exafel_f080,9.999969482421875,64.02032186558796,4,38,1,0.134003204235163,9.995697021484375,3078,63.979615700277364,ok,,9110.5146484375
cuszp3,1,9.999969482421875,64.0203767434743,1,136.07583,1648176,5.574550290745648,EXAFEL,136.33428,100.0,10.0,exafel_f080,9.999969482421875,64.02032186558796,4,38,1,0.134003204235163,9.995697021484375,3078,63.979615700277364,ok,,9110.5146484375
roibin_b1,1,99.9999008178711,48.79868047221385,1,85.325408,874064,10.511633015431364,EXAFEL,88.426238,100.0,10.0,exafel_f081,99.9999008178711,48.891277060203954,4,618,1,2.129815059905266,9.999481201171875,48921,69.0138357109372,ok,,16281.19140625
roibin_b2,n/a,8478.7783203125,43.781562610999025,2,117.14402,241712,38.01151783941219,EXAFEL,100.53221,100.0,10.0,exafel_f081,8478.7783203125,43.87477522916334,4,618,1,2.129815059905266,9.999481201171875,48921,69.0138357109372,ok,,16281.19140625
cuszhi,1,9.999984741210938,69.0035352195392,1,26.271312930869335,1396689,6.578300537915026,EXAFEL,27.727667793336554,100.0,10.0,exafel_f081,9.999984741210938,69.00378015201802,4,618,1,2.129815059905266,9.999664306640625,48921,69.01505032356253,ok,spline/cr-first/cr,16281.19140625
pfpl,1,10.0,69.08090931599105,1,176.30948725821307,1595146,5.759874017801505,EXAFEL,160.3574420552918,100.0,10.0,exafel_f081,10.0,69.0794699223897,4,618,1,2.129815059905266,9.999481201171875,48921,69.0138357109372,ok,,16281.19140625
cuszp3,1,10.0,69.08090931599105,1,132.9875,1641296,5.597917743051832,EXAFEL,134.29373,100.0,10.0,exafel_f081,10.0,69.0794699223897,4,618,1,2.129815059905266,9.999481201171875,48921,69.0138357109372,ok,,16281.19140625
roibin_b1,1,99.99996948242188,48.77361448898049,1,72.249623,884160,10.391603329714078,EXAFEL,77.224316,100.0,10.0,exafel_f082,99.99996948242188,48.79536053405391,4,143,1,0.5042752159375871,9.996826171875,11583,68.9828664338256,ok,,16185.599609375
roibin_b2,n/a,7945.2626953125,42.84864289505129,2,79.052865,209744,43.80501945228469,EXAFEL,84.447058,100.0,10.0,exafel_f082,7945.2626953125,42.87054508776787,4,143,1,0.5042752159375871,9.996826171875,11583,68.9828664338256,ok,,16185.599609375
cuszhi,1,10.0,68.95825295550948,1,26.17722644208031,1459297,6.296072698018293,EXAFEL,27.353879864716816,100.0,10.0,exafel_f082,10.0,68.95818495239402,4,143,1,0.5042752159375871,9.99798583984375,11583,68.94478842590873,ok,spline/cr-first/cr,16185.599609375
pfpl,1,9.999969482421875,68.98042128744235,1,175.71603427172582,1671642,5.496296455820086,EXAFEL,161.2128017967434,100.0,10.0,exafel_f082,9.999969482421875,68.98043361425663,4,143,1,0.5042752159375871,9.996826171875,11583,68.9828664338256,ok,,16185.599609375
cuszp3,1,9.999969482421875,68.98042128744235,1,135.43396,1704944,5.388939460768213,EXAFEL,133.3581,100.0,10.0,exafel_f082,9.999969482421875,68.98043361425663,4,143,1,0.5042752159375871,9.996826171875,11583,68.9828664338256,ok,,16185.599609375
roibin_b1,1,99.99984741210938,48.76674193504901,1,81.893898,672112,13.670102601947294,EXAFEL,85.861242,100.0,10.0,exafel_f083,99.99984741210938,48.77902900641849,4,81,1,0.2856384090275843,9.997276306152344,6561,68.38617815424527,ok,,15019.5458984375
roibin_b2,n/a,2328.770751953125,45.78830372916293,2,112.15625,125600,73.1515923566879,EXAFEL,108.06172,100.0,10.0,exafel_f083,2328.770751953125,45.800658198942706,4,81,1,0.2856384090275843,9.997276306152344,6561,68.38617815424527,ok,,15019.5458984375
cuszhi,1,9.999992370605469,68.30701592291493,1,27.105131567496286,1181428,7.776893725220665,EXAFEL,29.776510241120043,100.0,10.0,exafel_f083,9.999992370605469,68.30721189984888,4,81,1,0.2856384090275843,9.998687744140625,6561,68.37617222798113,ok,spline/cr-first/cr,15019.5458984375
pfpl,1,9.999977111816406,68.77832634600047,1,178.77957658779576,1385250,6.632622270348312,EXAFEL,161.30337078651687,100.0,10.0,exafel_f083,9.999977111816406,68.77715425008101,4,81,1,0.2856384090275843,9.997276306152344,6561,68.38617815424527,ok,,15019.5458984375
cuszp3,1,9.999977111816406,68.77832634600047,1,138.03846,1422160,6.460482646115768,EXAFEL,135.11529,100.0,10.0,exafel_f083,9.999977111816406,68.77715425008101,4,81,1,0.2856384090275843,9.997276306152344,6561,68.38617815424527,ok,,15019.5458984375
roibin_b1,1,99.99981689453125,47.40660695909041,1,82.862913,841216,10.922093730979915,EXAFEL,84.997037,100.0,10.0,exafel_f084,99.99981689453125,47.41310159378337,4,43,1,0.15085156032320982,9.993377685546875,3465,67.67279499064983,ok,,13881.078125
roibin_b2,n/a,5678.01025390625,41.950181024713316,2,110.30349,191408,48.00133745715957,EXAFEL,107.81825,100.0,10.0,exafel_f084,5678.01025390625,41.95671980294799,4,43,1,0.15085156032320982,9.993377685546875,3465,67.67279499064983,ok,,13881.078125
cuszhi,1,10.000003814697266,67.61750843051487,1,26.933978650023672,1424430,6.450187092380812,EXAFEL,28.125581623157174,100.0,10.0,exafel_f084,10.000003814697266,67.61759782111932,4,43,1,0.15085156032320982,9.999237060546875,3465,67.67717312443747,ok,spline/cr-first/cr,13881.078125
pfpl,1,10.0,67.65869255681638,1,175.87748851454825,1634806,5.62014086075045,EXAFEL,148.30578512396696,100.0,10.0,exafel_f084,10.0,67.65871379610705,4,43,1,0.15085156032320982,9.993377685546875,3465,67.67279499064983,ok,,13881.078125
cuszp3,1,10.0,67.65869255681638,1,134.04295,1668656,5.506131880986854,EXAFEL,131.40503,100.0,10.0,exafel_f084,10.0,67.65871379610705,4,43,1,0.15085156032320982,9.993377685546875,3465,67.67279499064983,ok,,13881.078125
roibin_b1,1,99.99972534179688,49.159733191277326,1,88.181815,729888,12.588013503441625,EXAFEL,93.615909,100.0,10.0,exafel_f085,99.99972534179688,49.170724778672714,4,73,1,0.25538102535525214,9.998847961425781,5866,69.06458732132116,ok,,16347.5419921875
roibin_b2,n/a,7973.2109375,45.727944389627666,2,116.57329,150928,60.87564931623026,EXAFEL,103.28058,100.0,10.0,exafel_f085,7973.2109375,45.738998060712056,4,73,1,0.25538102535525214,9.998847961425781,5866,69.06458732132116,ok,,16347.5419921875
cuszhi,1,10.000015258789062,69.04172067867441,1,26.3279996332126,1261589,7.282752148282841,EXAFEL,28.79117573326648,100.0,10.0,exafel_f085,10.000015258789062,69.04184183360555,4,73,1,0.25538102535525214,9.99896240234375,5866,69.08942187684308,ok,spline/cr-first/cr,16347.5419921875
pfpl,1,10.0,69.31592475549823,1,178.72393401805166,1457761,6.30270668511505,EXAFEL,162.3522759400622,100.0,10.0,exafel_f085,10.0,69.31526400082737,4,73,1,0.25538102535525214,9.998847961425781,5866,69.06458732132116,ok,,16347.5419921875
cuszp3,1,10.0,69.31592475549823,1,136.39905,1495296,6.144495805512754,EXAFEL,131.94853,100.0,10.0,exafel_f085,10.0,69.31526400082737,4,73,1,0.25538102535525214,9.998847961425781,5866,69.06458732132116,ok,,16347.5419921875
roibin_b1,1,99.99996948242188,45.66039428855252,1,86.979703,721024,12.742765844132789,EXAFEL,89.001863,100.0,10.0,exafel_f086,99.99996948242188,45.66327498363575,4,19,1,0.0670016021175815,9.998153686523438,1539,65.51303441325669,ok,,10892.25
roibin_b2,n/a,930.85888671875,42.35914780195831,2,111.63297,142336,64.55035971223022,EXAFEL,105.6365,100.0,10.0,exafel_f086,930.85888671875,42.362044534356514,4,19,1,0.0670016021175815,9.998153686523438,1539,65.51303441325669,ok,,10892.25
cuszhi,1,9.999989032745361,65.52059935316285,1,27.544376658222536,1256668,7.311270757272406,EXAFEL,29.043091240137567,100.0,10.0,exafel_f086,9.999989032745361,65.52063297674147,4,19,1,0.0670016021175815,9.9971923828125,1539,65.57107459205648,ok,spline/cr-first/cr,10892.25
pfpl,1,9.999996185302734,65.78941601440148,1,175.71603427172582,1452819,6.324146366477861,EXAFEL,161.75774647887323,100.0,10.0,exafel_f086,9.999996185302734,65.78922481914204,4,19,1,0.0670016021175815,9.998153686523438,1539,65.51303441325669,ok,,10892.25
cuszp3,1,9.999996185302734,65.78941601440148,1,136.91942,1489008,6.170443677938601,EXAFEL,132.92593,100.0,10.0,exafel_f086,9.999996185302734,65.78922481914204,4,19,1,0.0670016021175815,9.998153686523438,1539,65.51303441325669,ok,,10892.25
roibin_b1,1,99.99986267089844,40.57085165139468,1,84.298295,768512,11.955363091272485,EXAFEL,88.019622,100.0,10.0,exafel_f087,99.99986267089844,40.57343091963702,4,17,1,0.05994880189467819,9.986785888671875,1377,60.73999985718943,ok,,6224.681640625
roibin_b2,n/a,1588.18310546875,36.4485239697354,2,121.66101,167232,54.940681209337924,EXAFEL,102.32359,100.0,10.0,exafel_f087,1588.18310546875,36.45111859594161,4,17,1,0.05994880189467819,9.986785888671875,1377,60.73999985718943,ok,,6224.681640625
cuszhi,1,10.0,60.65308751383488,1,27.59869453618637,1334847,6.883065999324267,EXAFEL,28.51949341941892,100.0,10.0,exafel_f087,10.0,60.65314961255225,4,17,1,0.05994880189467819,9.9669189453125,1377,60.757928359167174,ok,spline/cr-first/cr,6224.681640625
pfpl,1,10.0,60.78841814262579,1,176.96147919876734,1531947,5.997492080339594,EXAFEL,162.26052557219552,100.0,10.0,exafel_f087,10.0,60.78838895413646,4,17,1,0.05994880189467819,9.986785888671875,1377,60.73999985718943,ok,,6224.681640625
cuszp3,1,10.0,60.78841814262579,1,136.33428,1574928,5.833815895075839,EXAFEL,134.60854,100.0,10.0,exafel_f087,10.0,60.78838895413646,4,17,1,0.05994880189467819,9.986785888671875,1377,60.73999985718943,ok,,6224.681640625
roibin_b1,1,99.99995422363281,48.70833343061082,1,85.707465,675392,13.60371458353075,EXAFEL,89.781116,100.0,10.0,exafel_f088,99.99995422363281,48.72502724274331,4,110,1,0.38790401225968235,9.999176025390625,8910,68.30901817506195,ok,,14932.6884765625
roibin_b2,n/a,4377.98681640625,45.722551789443415,2,115.72753,127904,71.83387540655491,EXAFEL,96.803776,100.0,10.0,exafel_f088,4377.98681640625,45.73933777768053,4,110,1,0.38790401225968235,9.999176025390625,8910,68.30901817506195,ok,,14932.6884765625
cuszhi,1,10.0,68.25613269248204,1,26.86212310364083,1188108,7.733169038504917,EXAFEL,30.368607541382406,100.0,10.0,exafel_f088,10.0,68.25598876985254,4,110,1,0.38790401225968235,9.999290466308594,8910,68.21918703352343,ok,spline/cr-first/cr,14932.6884765625
pfpl,1,9.999969482421875,68.71946923888888,1,177.94855903315775,1386592,6.626202949389582,EXAFEL,160.22321428571428,100.0,10.0,exafel_f088,9.999969482421875,68.71779973916023,4,110,1,0.38790401225968235,9.999176025390625,8910,68.30901817506195,ok,,14932.6884765625
cuszp3,1,9.999969482421875,68.71946923888888,1,136.14035,1423744,6.453294974377416,EXAFEL,136.33428,100.0,10.0,exafel_f088,9.999969482421875,68.71779973916023,4,110,1,0.38790401225968235,9.999176025390625,8910,68.30901817506195,ok,,14932.6884765625
roibin_b1,1,99.99996185302734,48.98194058805355,1,72.651825,740192,12.412779386969868,EXAFEL,71.690387,100.0,10.0,exafel_f089,99.99996185302734,48.99332593653989,4,75,1,0.2644800083588743,9.997801780700684,6075,68.94726179767184,ok,,16068.681640625
roibin_b2,n/a,2511.717529296875,45.51643192095643,2,116.57329,154976,59.28556679743961,EXAFEL,103.02117,100.0,10.0,exafel_f089,2511.717529296875,45.52788108929025,4,75,1,0.2644800083588743,9.997801780700684,6075,68.94726179767184,ok,,16068.681640625
cuszhi,1,10.0,68.89605281417181,1,27.086672670964013,1275525,7.203183003077164,EXAFEL,29.227871939736346,100.0,10.0,exafel_f089,10.0,68.89614804675074,4,75,1,0.2644800083588743,9.999862670898438,6075,68.93220999310404,ok,spline/cr-first/cr,16068.681640625
pfpl,1,10.0,69.13432745297463,1,175.87748851454825,1472313,6.240412194961261,EXAFEL,137.93898630795096,100.0,10.0,exafel_f089,10.0,69.1338219211647,4,75,1,0.2644800083588743,9.997801780700684,6075,68.94726179767184,ok,,16068.681640625
cuszp3,1,10.0,69.13432745297463,1,137.37799,1512816,6.073336083172045,EXAFEL,135.81835,100.0,10.0,exafel_f089,10.0,69.1338219211647,4,75,1,0.2644800083588743,9.997801780700684,6075,68.94726179767184,ok,,16068.681640625
roibin_b1,1,100.0,48.796357611972766,1,89.445483,899888,10.20998168660989,EXAFEL,91.556125,100.0,10.0,exafel_f090,100.0,48.79908849427902,4,18,1,0.06347520200612984,9.990997314453125,1458,68.94015605090571,ok,,16147.5810546875
roibin_b2,n/a,5119.0205078125,42.42224506330178,2,111.37315,203440,45.16240660637043,EXAFEL,102.94729,100.0,10.0,exafel_f090,5119.0205078125,42.42499648161076,4,18,1,0.06347520200612984,9.990997314453125,1458,68.94015605090571,ok,,16147.5810546875
cuszhi,1,10.0,68.93514191101895,1,26.839053430743927,1487059,6.178530912357882,EXAFEL,27.226779194917263,100.0,10.0,exafel_f090,10.0,68.93521784203327,4,18,1,0.06347520200612984,9.991500854492188,1458,69.05644230640603,ok,spline/cr-first/cr,16147.5810546875
pfpl,1,10.0,68.94303976804461,1,175.12656297651722,1697599,5.412255780075271,EXAFEL,161.53023909985936,100.0,10.0,exafel_f090,10.0,68.94303793699189,4,18,1,0.06347520200612984,9.990997314453125,1458,68.94015605090571,ok,,16147.5810546875
cuszp3,1,10.0,68.94303976804461,1,132.86442,1737152,5.289024794606344,EXAFEL,132.06992,100.0,10.0,exafel_f090,10.0,68.94303793699189,4,18,1,0.06347520200612984,9.990997314453125,1458,68.94015605090571,ok,,16147.5810546875
roibin_b1,1,99.99996948242188,48.71292792004266,1,85.554233,831376,11.051365447162295,EXAFEL,92.679146,100.0,10.0,exafel_f091,99.99996948242188,48.723373799904664,4,69,1,0.24253796322095292,9.995025634765625,5571,68.94019848777573,ok,,16126.5888671875
roibin_b2,n/a,1594.8125,43.43980209801186,2,121.97111,190768,48.16237524113059,EXAFEL,101.42,100.0,10.0,exafel_f091,1594.8125,43.45031842602128,4,69,1,0.24253796322095292,9.995025634765625,5571,68.94019848777573,ok,,16126.5888671875
cuszhi,1,9.999984741210938,68.92388467921327,1,26.804288527459704,1416227,6.487547547109326,EXAFEL,28.1269592476489,100.0,10.0,exafel_f091,9.999984741210938,68.92387321959801,4,69,1,0.24253796322095292,9.99737548828125,5571,68.91916236645012,ok,spline/cr-first/cr,16126.5888671875
pfpl,1,10.0,68.97995892653772,1,175.98528961078762,1619568,5.67301897790028,EXAFEL,160.80649677961355,100.0,10.0,exafel_f091,10.0,68.97986205067363,4,69,1,0.24253796322095292,9.995025634765625,5571,68.94019848777573,ok,,16126.5888671875
cuszp3,1,10.0,68.97995892653772,1,137.24665,1655680,5.549284885968303,EXAFEL,132.43543,100.0,10.0,exafel_f091,10.0,68.97986205067363,4,69,1,0.24253796322095292,9.995025634765625,5571,68.94019848777573,ok,,16126.5888671875
roibin_b1,1,99.99993133544922,48.78795117656348,1,82.982658,848960,10.82246513381078,EXAFEL,87.08523,100.0,10.0,exafel_f092,99.99993133544922,48.81435883057661,4,174,1,0.6120263304541654,9.999755859375,14058,69.01197674102846,ok,,16276.544921875
roibin_b2,n/a,9445.2353515625,43.365032879218006,2,110.43077,204816,44.85899539098508,EXAFEL,104.10442,100.0,10.0,exafel_f092,9445.2353515625,43.3916216510261,4,174,1,0.6120263304541654,9.999755859375,14058,69.01197674102846,ok,,16276.544921875
cuszhi,1,10.0,69.00278837983313,1,26.273829660375956,1421722,6.4624729729159425,EXAFEL,27.83923983128909,100.0,10.0,exafel_f092,10.0,69.00292103660423,4,174,1,0.6120263304541654,9.99993896484375,14058,69.0245173266589,ok,spline/cr-first/cr,16276.544921875
pfpl,1,9.999977111816406,69.05847438087335,1,175.98528961078762,1624564,5.6555728183069425,EXAFEL,162.5821064552661,100.0,10.0,exafel_f092,9.999977111816406,69.05818828363394,4,174,1,0.6120263304541654,9.999755859375,14058,69.01197674102846,ok,,16276.544921875
cuszp3,1,9.999977111816406,69.05847438087335,1,134.16822,1658976,5.538259745770885,EXAFEL,130.62785,100.0,10.0,exafel_f092,9.999977111816406,69.05818828363394,4,174,1,0.6120263304541654,9.999755859375,14058,69.01197674102846,ok,,16276.544921875
roibin_b1,1,99.99994659423828,45.49578956234487,1,87.191013,788400,11.653779807204465,EXAFEL,89.057069,100.0,10.0,exafel_f093,99.99994659423828,45.50108637286367,4,35,1,0.12303218166620229,9.999114990234375,2826,65.81567565567829,ok,,11063.61328125
roibin_b2,n/a,2056.275146484375,40.93743561273025,2,112.37574,175600,52.32255125284738,EXAFEL,105.05671,100.0,10.0,exafel_f093,2056.275146484375,40.94276472358778,4,35,1,0.12303218166620229,9.999114990234375,2826,65.81567565567829,ok,,11063.61328125
cuszhi,1,10.0,65.64979964194936,1,27.286858541250258,1367006,6.721140945979754,EXAFEL,28.419281401563893,100.0,10.0,exafel_f093,10.0,65.64973508588675,4,35,1,0.12303218166620229,9.9923095703125,2826,65.59764282418769,ok,spline/cr-first/cr,11063.61328125
pfpl,1,10.0,65.74627913300758,1,164.16237850200113,1564273,5.873552762209665,EXAFEL,161.5756893640968,100.0,10.0,exafel_f093,10.0,65.7463638353584,4,35,1,0.12303218166620229,9.999114990234375,2826,65.81567565567829,ok,,11063.61328125
cuszp3,1,10.0,65.74627913300758,1,134.86144,1605824,5.721573472559882,EXAFEL,131.70642,100.0,10.0,exafel_f093,10.0,65.7463638353584,4,35,1,0.12303218166620229,9.999114990234375,2826,65.81567565567829,ok,,11063.61328125
roibin_b1,1,100.0,48.86643436803081,1,86.848154,908624,10.111817429431756,EXAFEL,90.403024,100.0,10.0,exafel_f094,100.0,48.89081163998076,4,161,1,0.565138269713012,9.9991455078125,12981,69.06144979554658,ok,,16316.353515625
roibin_b2,n/a,3958.66845703125,42.66839710174942,2,95.802469,216688,42.40124049324374,EXAFEL,77.958184,100.0,10.0,exafel_f094,3958.66845703125,42.69295372416141,4,161,1,0.565138269713012,9.9991455078125,12981,69.06144979554658,ok,,16316.353515625
cuszhi,1,10.0,69.03019824195798,1,26.26444133491319,1479352,6.210719287904434,EXAFEL,27.2746271492353,100.0,10.0,exafel_f094,10.0,69.03013060627939,4,161,1,0.565138269713012,9.9981689453125,12981,69.01824662136858,ok,spline/cr-first/cr,16316.353515625
pfpl,1,10.0,69.03731492236993,1,175.76981940618302,1689755,5.4373799752035055,EXAFEL,161.80332488024794,100.0,10.0,exafel_f094,10.0,69.03745094161334,4,161,1,0.565138269713012,9.9991455078125,12981,69.06144979554658,ok,,16316.353515625
cuszp3,1,10.0,69.03731492236993,1,131.70642,1729136,5.313543873934728,EXAFEL,131.34492,100.0,10.0,exafel_f094,10.0,69.03745094161334,4,161,1,0.565138269713012,9.9991455078125,12981,69.06144979554658,ok,,16316.353515625
roibin_b1,1,100.0,47.94929602600225,1,85.80992,789104,11.64338287475415,EXAFEL,88.919173,100.0,10.0,exafel_f095,100.0,47.96626720569131,4,112,1,0.39378134577876844,9.998580932617188,9045,68.14070689184048,ok,,14636.05859375
roibin_b2,n/a,3683.91162109375,43.5924426785251,2,114.29936,180368,50.939412756143,EXAFEL,104.06669,100.0,10.0,exafel_f095,3683.91162109375,43.60951790004771,4,112,1,0.39378134577876844,9.998580932617188,9045,68.14070689184048,ok,,14636.05859375
cuszhi,1,10.0,68.07612006389212,1,26.732655694681455,1353546,6.787977652772791,EXAFEL,28.311393778040717,100.0,10.0,exafel_f095,10.0,68.07623267740169,4,112,1,0.39378134577876844,9.999950408935547,9045,68.10481224364229,ok,spline/cr-first/cr,14636.05859375
pfpl,1,10.0,68.19217770132404,1,176.7436134195137,1549849,5.928216232678151,EXAFEL,161.03196859226023,100.0,10.0,exafel_f095,10.0,68.19197381784988,4,112,1,0.39378134577876844,9.998580932617188,9045,68.14070689184048,ok,,14636.05859375
cuszp3,1,10.0,68.19217770132404,1,136.26958,1594896,5.7607768782415905,EXAFEL,134.41948,100.0,10.0,exafel_f095,10.0,68.19197381784988,4,112,1,0.39378134577876844,9.998580932617188,9045,68.14070689184048,ok,,14636.05859375
roibin_b1,1,99.9999008178711,48.811208828545695,1,87.616722,857216,10.718232044198896,EXAFEL,88.019622,100.0,10.0,exafel_f096,99.9999008178711,48.863220459714995,4,342,1,1.2018929367511841,9.999603271484375,27607,69.03179829730641,ok,,16320.7578125
roibin_b2,n/a,10333.62109375,43.59860849643144,2,115.30923,219760,41.8085183836913,EXAFEL,105.05671,100.0,10.0,exafel_f096,10333.62109375,43.65097105098711,4,342,1,1.2018929367511841,9.999603271484375,27607,69.03179829730641,ok,,16320.7578125
cuszhi,1,10.0,69.02999678232351,1,26.511312517493216,1405700,6.536131464750658,EXAFEL,27.676884518989777,100.0,10.0,exafel_f096,10.0,69.03029857593961,4,342,1,1.2018929367511841,9.99981689453125,27607,69.05517863393787,ok,spline/cr-first/cr,16320.7578125
pfpl,1,9.999916076660156,69.08867221468307,1,177.2892868169188,1611928,5.699907191884501,EXAFEL,161.43941523755973,100.0,10.0,exafel_f096,9.999916076660156,69.08798421011117,4,342,1,1.2018929367511841,9.999603271484375,27607,69.03179829730641,ok,,16320.7578125
cuszp3,1,9.999916076660156,69.08867221468307,1,136.39905,1651360,5.563801957174692,EXAFEL,134.79813,100.0,10.0,exafel_f096,9.999916076660156,69.08798421011117,4,342,1,1.2018929367511841,9.999603271484375,27607,69.03179829730641,ok,,16320.7578125
roibin_b1,1,99.99998474121094,48.85347751538657,1,87.323604,787472,11.667513257614239,EXAFEL,91.673049,100.0,10.0,exafel_f097,99.99998474121094,48.875647677549935,4,147,1,0.5141578434104207,9.996490478515625,11810,68.99933702868707,ok,,16213.5224609375
roibin_b2,n/a,5843.787109375,44.685188327908655,2,109.54598,184064,49.916550764951324,EXAFEL,107.25439,100.0,10.0,exafel_f097,5843.787109375,44.707492402501856,4,147,1,0.5141578434104207,9.996490478515625,11810,68.99933702868707,ok,,16213.5224609375
cuszhi,1,10.0,68.96692701988745,1,26.2241852964472,1336294,6.87561270199522,EXAFEL,27.93811423567189,100.0,10.0,exafel_f097,10.0,68.96653379326288,4,147,1,0.5141578434104207,9.999755859375,11810,68.8911094746102,ok,spline/cr-first/cr,16213.5224609375
pfpl,1,9.999984741210938,69.0987702935521,1,176.9614791987673,1538797,5.9707940683533955,EXAFEL,162.0773355913068,100.0,10.0,exafel_f097,9.999984741210938,69.09825318293102,4,147,1,0.5141578434104207,9.996490478515625,11810,68.99933702868707,ok,,16213.5224609375
cuszp3,1,9.999984741210938,69.0987702935521,1,135.30631,1582256,5.8067973829772175,EXAFEL,133.91791,100.0,10.0,exafel_f097,9.999984741210938,69.09825318293102,4,147,1,0.5141578434104207,9.996490478515625,11810,68.99933702868707,ok,,16213.5224609375
roibin_b1,1,100.0,48.805609464382,1,73.639397,874896,10.501636765969899,EXAFEL,78.000541,100.0,10.0,exafel_f098,100.0,48.820990938825176,4,102,1,0.35695005572582894,9.993911743164062,8199,69.01055656536442,ok,,16254.6171875
roibin_b2,n/a,7072.845703125,42.96223487476899,2,120.48678,204976,44.82397939270939,EXAFEL,104.44525,100.0,10.0,exafel_f098,7072.845703125,42.97772610564949,4,102,1,0.35695005572582894,9.993911743164062,8199,69.01055656536442,ok,,16254.6171875
cuszhi,1,10.0,68.98711596771595,1,26.063574329144878,1453930,6.319313859676876,EXAFEL,27.966687770905367,100.0,10.0,exafel_f098,10.0,68.9871549446801,4,102,1,0.35695005572582894,9.996826171875,8199,68.99804911375789,ok,spline/cr-first/cr,16254.6171875
pfpl,1,10.0,69.01778547348286,1,176.47203441917642,1664760,5.5190177563132226,EXAFEL,160.58165548098435,100.0,10.0,exafel_f098,10.0,69.01775964848089,4,102,1,0.35695005572582894,9.993911743164062,8199,69.01055656536442,ok,,16254.6171875
cuszp3,1,10.0,69.01778547348286,1,130.27223,1698288,5.410060013378178,EXAFEL,128.12137,100.0,10.0,exafel_f098,10.0,69.01775964848089,4,102,1,0.35695005572582894,9.993911743164062,8199,69.01055656536442,ok,,16254.6171875
roibin_b1,1,100.0,48.97631775988473,1,85.784282,1006176,9.13144420061699,EXAFEL,88.644644,100.0,10.0,exafel_f099,100.0,49.02643183710491,4,330,1,1.158879562552243,9.999267578125,26619,68.97496528530394,ok,,16276.4384765625
roibin_b2,n/a,9300.685546875,41.424153566040644,2,116.43147,256912,35.76259575263125,EXAFEL,101.7074,100.0,10.0,exafel_f099,9300.685546875,41.47468747284835,4,330,1,1.158879562552243,9.999267578125,26619,68.97496528530394,ok,,16276.4384765625
cuszhi,1,10.0,69.00163895624361,1,26.415312407909205,1567104,5.862942089357183,EXAFEL,26.510318083190988,100.0,10.0,exafel_f099,10.0,69.00132283388473,4,330,1,1.158879562552243,10.0,26619,68.97444500533554,ok,spline/cr-first/cr,16276.4384765625
pfpl,1,10.0,69.00103015000414,1,173.85407205570692,1768044,5.196612753981236,EXAFEL,160.22321428571428,100.0,10.0,exafel_f099,10.0,69.00072719193385,4,330,1,1.158879562552243,9.999267578125,26619,68.97496528530394,ok,,16276.4384765625
cuszp3,1,10.0,69.00103015000414,1,135.30631,1829232,5.022785518731358,EXAFEL,133.23433,100.0,10.0,exafel_f099,10.0,69.00072719193385,4,330,1,1.158879562552243,9.999267578125,26619,68.97496528530394,ok,,16276.4384765625
roibin_b1,1,99.99999237060547,48.7496585268304,1,89.306375,863632,10.638605331900624,EXAFEL,87.804282,100.0,10.0,exafel_f100,99.99999237060547,48.77628943864572,4,175,1,0.6171200195040402,9.99853515625,14175,69.02143837265072,ok,,16201.85546875
roibin_b2,n/a,5497.7265625,43.291138306833616,2,118.54665,208464,44.07398879422826,EXAFEL,102.79985,100.0,10.0,exafel_f100,5497.7265625,43.31795044928854,4,175,1,0.6171200195040402,9.99853515625,14175,69.02143837265072,ok,,16201.85546875
cuszhi,1,10.0,68.96323263336782,1,26.520725089481587,1433022,6.411513570622084,EXAFEL,27.695572489630557,100.0,10.0,exafel_f100,10.0,68.96292620779174,4,175,1,0.6171200195040402,9.99932861328125,14175,68.91385848123062,ok,spline/cr-first/cr,16201.85546875
pfpl,1,10.0,68.99869970748222,1,175.9313725490196,1641072,5.598681837238098,EXAFEL,161.2580735748385,100.0,10.0,exafel_f100,10.0,68.99883966787824,4,175,1,0.6171200195040402,9.99853515625,14175,69.02143837265072,ok,,16201.85546875
cuszp3,1,10.0,68.99869970748222,1,134.29373,1677344,5.4776122250414945,EXAFEL,130.15412,100.0,10.0,exafel_f100,10.0,68.99883966787824,4,175,1,0.6171200195040402,9.99853515625,14175,69.02143837265072,ok,,16201.85546875
roibin_b1,1,99.99992370605469,47.09178734793714,1,86.612366,592080,15.517902986082962,EXAFEL,88.67202,100.0,10.0,exafel_f101,99.99992370605469,47.106334664529435,4,96,1,0.3385344106993592,9.999740600585938,7776,66.2278448943119,ok,,11475.53515625
roibin_b2,n/a,1127.451171875,44.420212120833334,2,117.47954,105440,87.1380880121396,EXAFEL,104.86487,100.0,10.0,exafel_f101,1127.451171875,44.43484213080241,4,96,1,0.3385344106993592,9.999740600585938,7776,66.2278448943119,ok,,11475.53515625
cuszhi,1,10.0,65.98552122995446,1,27.146776264180435,1114094,8.24691632842471,EXAFEL,30.164416662289227,100.0,10.0,exafel_f101,10.0,65.98551435310875,4,96,1,0.3385344106993592,9.998870849609375,7776,65.98349034530857,ok,spline/cr-first/cr,11475.53515625
pfpl,1,9.999984741210938,66.74952239408695,1,167.7102803738318,1301143,7.061360665199751,EXAFEL,161.66666666666666,100.0,10.0,exafel_f101,9.999984741210938,66.7476462937491,4,96,1,0.3385344106993592,9.999740600585938,7776,66.2278448943119,ok,,11475.53515625
cuszp3,1,9.999984741210938,66.74952239408695,1,138.10486,1360288,6.754334376249735,EXAFEL,132.86442,100.0,10.0,exafel_f101,9.999984741210938,66.7476462937491,4,96,1,0.3385344106993592,9.999740600585938,7776,66.2278448943119,ok,,11475.53515625
roibin_b1,1,99.99993896484375,48.697488233914406,1,88.208907,892624,10.293068526053522,EXAFEL,87.884911,100.0,10.0,exafel_f102,99.99993896484375,48.70902590640542,4,76,1,0.2678758010587908,9.9993896484375,6153,68.88823463721565,ok,,16005.873046875
roibin_b2,n/a,8042.84765625,42.53194940936732,2,115.6809,206080,44.58385093167702,EXAFEL,101.88786,100.0,10.0,exafel_f102,8042.84765625,42.543571724299326,4,76,1,0.2678758010587908,9.9993896484375,6153,68.88823463721565,ok,,16005.873046875
cuszhi,1,10.0,68.85598330863178,1,26.777298354368217,1472457,6.239801909325705,EXAFEL,27.670216354262035,100.0,10.0,exafel_f102,10.0,68.85615594523821,4,76,1,0.2678758010587908,9.999755859375,6153,68.92091147521396,ok,spline/cr-first/cr,16005.873046875
pfpl,1,10.0,68.87332377070307,1,176.58056580565807,1684058,5.455774088540894,EXAFEL,161.03196859226023,100.0,10.0,exafel_f102,10.0,68.87336364499909,4,76,1,0.2678758010587908,9.9993896484375,6153,68.88823463721565,ok,,16005.873046875
cuszp3,1,10.0,68.87332377070307,1,135.1789,1721744,5.33635662444591,EXAFEL,133.7931,100.0,10.0,exafel_f102,10.0,68.87336364499909,4,76,1,0.2678758010587908,9.9993896484375,6153,68.88823463721565,ok,,16005.873046875
roibin_b1,1,99.99999237060547,48.80616363735519,1,88.535306,890512,10.317480281006882,EXAFEL,92.440441,100.0,10.0,exafel_f103,99.99999237060547,48.827942966309415,4,144,1,0.5050588604067986,9.999908447265625,11601,69.00314514441125,ok,,16231.4814453125
roibin_b2,n/a,8478.630859375,42.814957146542625,2,109.96553,212208,43.296388449068836,EXAFEL,102.54286,100.0,10.0,exafel_f103,8478.630859375,42.83689412442252,4,144,1,0.5050588604067986,9.999908447265625,11601,69.00314514441125,ok,,16231.4814453125
cuszhi,1,10.0,68.98006896458855,1,26.097740409879137,1465629,6.2688715902864915,EXAFEL,27.579847269583592,100.0,10.0,exafel_f103,10.0,68.9799032556682,4,144,1,0.5050588604067986,10.0,11601,68.94738183407196,ok,spline/cr-first/cr,16231.4814453125
pfpl,1,10.0,69.0030290810503,1,176.7436134195137,1677096,5.478422225084312,EXAFEL,161.71219374823994,100.0,10.0,exafel_f103,10.0,69.00302966723079,4,144,1,0.5050588604067986,9.999908447265625,11601,69.00314514441125,ok,,16231.4814453125
cuszp3,1,10.0,69.0030290810503,1,134.60854,1711040,5.369740041144567,EXAFEL,134.48244,100.0,10.0,exafel_f103,10.0,69.00302966723079,4,144,1,0.5050588604067986,9.999908447265625,11601,69.00314514441125,ok,,16231.4814453125
roibin_b1,1,99.99990844726562,48.907845207097004,1,88.344614,757424,12.130378757472696,EXAFEL,88.617284,100.0,10.0,exafel_f104,99.99990844726562,48.92060005427486,4,84,1,0.29621760936193925,9.998550415039062,6804,68.91507301404036,ok,,16079.994140625
roibin_b2,n/a,1795.248779296875,45.181546958137844,2,112.81729,165424,55.54115485056582,EXAFEL,103.72833,100.0,10.0,exafel_f104,1795.248779296875,45.19437599967727,4,84,1,0.29621760936193925,9.998550415039062,6804,68.91507301404036,ok,,16079.994140625
cuszhi,1,10.0,68.89720829937947,1,26.839915868193508,1305445,7.038090459575088,EXAFEL,28.66756527382557,100.0,10.0,exafel_f104,10.0,68.8971653083519,4,84,1,0.29621760936193925,9.998947143554688,6804,68.8827190982489,ok,spline/cr-first/cr,16079.994140625
pfpl,1,10.0,69.08789124934935,1,175.50122249388752,1500493,6.123214170276036,EXAFEL,162.3063877897117,100.0,10.0,exafel_f104,10.0,69.08736904090132,4,84,1,0.29621760936193925,9.998550415039062,6804,68.91507301404036,ok,,16079.994140625
cuszp3,1,10.0,69.08789124934935,1,136.33428,1542592,5.956105049164004,EXAFEL,133.7931,100.0,10.0,exafel_f104,10.0,69.08736904090132,4,84,1,0.29621760936193925,9.998550415039062,6804,68.91507301404036,ok,,16079.994140625
roibin_b1,1,100.0,48.674438199910945,1,86.927036,848432,10.829200218756483,EXAFEL,86.743201,100.0,10.0,exafel_f105,100.0,48.70208122447142,4,185,1,0.6405422819726944,9.999969482421875,14713,68.91553692909912,ok,,16068.9921875
roibin_b2,n/a,3690.0244140625,43.3805191802459,2,111.67639,203856,45.07024566360568,EXAFEL,110.64355,100.0,10.0,exafel_f105,3690.0244140625,43.408348780746465,4,185,1,0.6405422819726944,9.999969482421875,14713,68.91553692909912,ok,,16068.9921875
cuszhi,1,10.0,68.88836363773243,1,26.532021340340897,1421183,6.464923940125938,EXAFEL,27.615658362989326,100.0,10.0,exafel_f105,10.0,68.88827418277197,4,185,1,0.6405422819726944,9.999420166015625,14713,68.87442039623065,ok,spline/cr-first/cr,16068.9921875
pfpl,1,10.0,68.93683162358167,1,176.09322293774915,1623222,5.660248567355543,EXAFEL,161.2128017967434,100.0,10.0,exafel_f105,10.0,68.93669488925723,4,185,1,0.6405422819726944,9.999969482421875,14713,68.91553692909912,ok,,16068.9921875
cuszp3,1,10.0,68.93683162358167,1,136.65874,1661296,5.530525565582533,EXAFEL,134.48244,100.0,10.0,exafel_f105,10.0,68.93669488925723,4,185,1,0.6405422819726944,9.999969482421875,14713,68.91553692909912,ok,,16068.9921875
roibin_b1,1,99.9997787475586,46.27994162250125,1,87.297053,805712,11.403379867744306,EXAFEL,94.137707,100.0,10.0,exafel_f106,99.9997787475586,46.2828252689383,4,19,1,0.0670016021175815,9.9967041015625,1539,66.5804093665084,ok,,12166.5693359375
roibin_b2,n/a,1499.930908203125,41.31988524791791,2,113.35176,179552,51.17091427553021,EXAFEL,104.86487,100.0,10.0,exafel_f106,1499.930908203125,41.32278739401228,4,19,1,0.0670016021175815,9.9967041015625,1539,66.5804093665084,ok,,12166.5693359375
cuszhi,1,10.0,66.47491659743373,1,27.360722326118808,1387081,6.623866955138165,EXAFEL,28.604732254047324,100.0,10.0,exafel_f106,10.0,66.47494256937496,4,19,1,0.0670016021175815,9.9998779296875,1539,66.51385367249709,ok,spline/cr-first/cr,12166.5693359375
pfpl,1,10.0,66.5496046383382,1,177.12523133867984,1592042,5.771104028662561,EXAFEL,161.2128017967434,100.0,10.0,exafel_f106,10.0,66.54962520502198,4,19,1,0.0670016021175815,9.9967041015625,1539,66.5804093665084,ok,,12166.5693359375
cuszp3,1,10.0,66.5496046383382,1,133.4821,1631760,5.630631955679757,EXAFEL,132.00919,100.0,10.0,exafel_f106,10.0,66.54962520502198,4,19,1,0.0670016021175815,9.9967041015625,1539,66.5804093665084,ok,,12166.5693359375
roibin_b1,1,99.99996948242188,45.03094971510955,1,85.707465,777488,11.81733994608277,EXAFEL,85.579733,100.0,10.0,exafel_f107,99.99996948242188,45.04269403559129,4,78,1,0.2727082752855949,9.99835205078125,6264,65.15446448667606,ok,,10411.1484375
roibin_b2,n/a,6522.5146484375,40.850591799471744,2,115.21669,173552,52.939983405549924,EXAFEL,104.63557,100.0,10.0,exafel_f107,6522.5146484375,40.862407464191456,4,78,1,0.2727082752855949,9.99835205078125,6264,65.15446448667606,ok,,10411.1484375
cuszhi,1,10.0,65.12027088399404,1,26.958872918741996,1338596,6.863788626292026,EXAFEL,28.388372552896975,100.0,10.0,exafel_f107,10.0,65.12032813487494,4,78,1,0.2727082752855949,9.996337890625,6264,65.14131510141203,ok,spline/cr-first/cr,10411.1484375
pfpl,1,9.999977111816406,65.26038713513384,1,174.01212121212123,1535463,5.983758644786621,EXAFEL,161.48481439820023,100.0,10.0,exafel_f107,9.999977111816406,65.26009473374954,4,78,1,0.2727082752855949,9.99835205078125,6264,65.15446448667606,ok,,10411.1484375
cuszp3,1,9.999977111816406,65.26038713513384,1,138.30443,1580512,5.813204834888947,EXAFEL,133.73078,100.0,10.0,exafel_f107,9.999977111816406,65.26009473374954,4,78,1,0.2727082752855949,9.99835205078125,6264,65.15446448667606,ok,,10411.1484375
roibin_b1,1,100.0,48.653798530334015,1,84.174731,881872,10.418564145363499,EXAFEL,90.006267,100.0,10.0,exafel_f108,100.0,48.66334681774007,4,63,1,0.22177138478684869,9.99755859375,5094,68.77747047878555,ok,,15945.72265625
roibin_b2,n/a,8730.498046875,42.61060000141438,2,113.17304,202720,45.32280978689818,EXAFEL,100.53221,100.0,10.0,exafel_f108,8730.498046875,42.62021877320673,4,63,1,0.22177138478684869,9.99755859375,5094,68.77747047878555,ok,,15945.72265625
cuszhi,1,10.0,68.82752446398327,1,26.773943032985734,1464631,6.273143201256835,EXAFEL,27.672883234542912,100.0,10.0,exafel_f108,10.0,68.82744256441865,4,63,1,0.22177138478684869,9.99505615234375,5094,68.79075052211417,ok,spline/cr-first/cr,15945.72265625
pfpl,1,10.0,68.84098297636831,1,173.80145278450362,1676945,5.478915527939199,EXAFEL,160.80649677961355,100.0,10.0,exafel_f108,10.0,68.8408410911671,4,63,1,0.22177138478684869,9.99755859375,5094,68.77747047878555,ok,,15945.72265625
cuszp3,1,10.0,68.84098297636831,1,133.7931,1710864,5.37029243703766,EXAFEL,129.50835,100.0,10.0,exafel_f108,10.0,68.8408410911671,4,63,1,0.22177138478684869,9.99755859375,5094,68.77747047878555,ok,,15945.72265625
roibin_b1,1,99.99993896484375,43.68242972331001,1,84.347824,915584,10.034950370473927,EXAFEL,87.992647,100.0,10.0,exafel_f109,99.99993896484375,43.68667754424239,4,28,1,0.09873920312064642,9.996963500976562,2268,63.72691519366773,ok,,8935.009765625
roibin_b2,n/a,3094.75390625,37.085296715665784,2,120.94356,207024,44.38055491150784,EXAFEL,102.50625,100.0,10.0,exafel_f109,3094.75390625,37.08957772199291,4,28,1,0.09873920312064642,9.996963500976562,2268,63.72691519366773,ok,,8935.009765625
cuszhi,1,10.0,63.80067612383843,1,26.799089375119408,1504909,6.10524623083522,EXAFEL,27.520368062877402,100.0,10.0,exafel_f109,10.0,63.8006699105223,4,28,1,0.09873920312064642,9.9993896484375,2268,63.79438802006484,ok,spline/cr-first/cr,8935.009765625
pfpl,1,10.0,63.79886672703186,1,175.2334452242905,1711063,5.3696678614405196,EXAFEL,160.58165548098435,100.0,10.0,exafel_f109,10.0,63.7987950914763,4,28,1,0.09873920312064642,9.996963500976562,2268,63.72691519366773,ok,,8935.009765625
cuszp3,1,10.0,63.79886672703186,1,133.54418,1753312,5.24027668777719,EXAFEL,129.80108,100.0,10.0,exafel_f109,10.0,63.7987950914763,4,28,1,0.09873920312064642,9.996963500976562,2268,63.72691519366773,ok,,8935.009765625
roibin_b1,1,100.0,48.863474062985645,1,88.535306,943872,9.734201247626796,EXAFEL,92.055146,100.0,10.0,exafel_f110,100.0,48.896558895531705,4,218,1,0.7664478266926721,9.99951171875,17605,68.93700926505643,ok,,16205.296875
roibin_b2,n/a,6271.2578125,42.15405914891946,2,118.84106,231344,39.71505636627706,EXAFEL,103.69087,100.0,10.0,exafel_f110,6271.2578125,42.187403414722795,4,218,1,0.7664478266926721,9.99951171875,17605,68.93700926505643,ok,,16205.296875
cuszhi,1,10.0,68.96679864602369,1,26.33777320397367,1515333,6.063248144137296,EXAFEL,27.145693485865557,100.0,10.0,exafel_f110,10.0,68.96694847274496,4,218,1,0.7664478266926721,9.99896240234375,17605,68.98639063006068,ok,spline/cr-first/cr,16205.296875
pfpl,1,10.0,68.97792422046015,1,173.12028941814896,1719949,5.34192583617305,EXAFEL,162.0773355913068,100.0,10.0,exafel_f110,10.0,68.97760915827564,4,218,1,0.7664478266926721,9.99951171875,17605,68.93700926505643,ok,,16205.296875
cuszp3,1,10.0,68.97792422046015,1,134.60854,1764448,5.207203612687934,EXAFEL,134.92482,100.0,10.0,exafel_f110,10.0,68.97760915827564,4,218,1,0.7664478266926721,9.99951171875,17605,68.93700926505643,ok,,16205.296875
roibin_b1,1,100.00003051757812,48.783220689330065,1,83.030653,927648,9.904446514195039,EXAFEL,94.261329,100.0,10.0,exafel_f111,100.00003051757812,48.81559468665932,4,213,1,0.7499477570353859,9.999755859375,17226,68.911963518754,ok,,16111.8115234375
roibin_b2,n/a,10455.4072265625,42.326497060748,2,111.37315,225616,40.723352953691226,EXAFEL,101.59943,100.0,10.0,exafel_f111,10455.4072265625,42.3591175868997,4,213,1,0.7499477570353859,9.999755859375,17226,68.911963518754,ok,,16111.8115234375
cuszhi,1,10.0,68.9135527186993,1,26.20664476086163,1494083,6.149484332530388,EXAFEL,27.1585319712448,100.0,10.0,exafel_f111,10.0,68.91364735795679,4,213,1,0.7499477570353859,9.99993896484375,17226,68.92619039748291,ok,spline/cr-first/cr,16111.8115234375
pfpl,1,10.0,68.92766365549699,1,175.17998779743746,1704534,5.390235689050497,EXAFEL,163.36842105263156,100.0,10.0,exafel_f111,10.0,68.92754570119331,4,213,1,0.7499477570353859,9.999755859375,17226,68.911963518754,ok,,16111.8115234375
cuszp3,1,10.0,68.92766365549699,1,134.98825,1744640,5.266324284666178,EXAFEL,132.61894,100.0,10.0,exafel_f111,10.0,68.92754570119331,4,213,1,0.7499477570353859,9.999755859375,17226,68.911963518754,ok,,16111.8115234375
roibin_b1,1,99.9999771118164,48.60030661233792,1,88.073622,897136,10.241301207397763,EXAFEL,90.090993,100.0,10.0,exafel_f112,99.9999771118164,48.60825360496333,4,53,1,0.18454827249930342,9.994232177734375,4239,68.88264587154728,ok,,15806.83203125
roibin_b2,n/a,6416.3232421875,42.35157705762127,2,116.00808,205248,44.76457748674774,EXAFEL,103.28058,100.0,10.0,exafel_f112,6416.3232421875,42.359581444020186,4,53,1,0.18454827249930342,9.994232177734375,4239,68.88264587154728,ok,,15806.83203125
cuszhi,1,10.0,68.7511891011895,1,26.71392372675611,1485111,6.186635207738681,EXAFEL,27.40609936524603,100.0,10.0,exafel_f112,10.0,68.75115789082619,4,53,1,0.18454827249930342,9.995513916015625,4239,68.73431012198486,ok,spline/cr-first/cr,15806.83203125
pfpl,1,10.0,68.76412291356351,1,174.70033465165804,1690730,5.434244379646661,EXAFEL,162.26052557219552,100.0,10.0,exafel_f112,10.0,68.76433869326321,4,53,1,0.18454827249930342,9.994232177734375,4239,68.88264587154728,ok,,15806.83203125
cuszp3,1,10.0,68.76412291356351,1,135.24257,1727968,5.317135502509306,EXAFEL,134.16822,100.0,10.0,exafel_f112,10.0,68.76433869326321,4,53,1,0.18454827249930342,9.994232177734375,4239,68.88264587154728,ok,,15806.83203125
roibin_b1,1,99.9999771118164,48.756836464514244,1,86.664652,920672,9.979493239720552,EXAFEL,90.459989,100.0,10.0,exafel_f113,99.9999771118164,48.7673125516132,4,69,1,0.24332160769016442,9.996513366699219,5589,68.83195491723401,ok,,16017.900390625
roibin_b2,n/a,3364.12890625,42.13733801239615,2,115.86763,211712,43.39782345828295,EXAFEL,103.02117,100.0,10.0,exafel_f113,3364.12890625,42.14789553706116,4,69,1,0.24332160769016442,9.996513366699219,5589,68.83195491723401,ok,,16017.900390625
cuszhi,1,10.0,68.86112021456113,1,26.66345507863796,1501617,6.118630782682934,EXAFEL,27.233235322014608,100.0,10.0,exafel_f113,10.0,68.86133680352063,4,69,1,0.24332160769016442,9.999267578125,5589,68.951056273176,ok,spline/cr-first/cr,16017.900390625
pfpl,1,9.999977111816406,68.87466216857314,1,177.12523133867984,1713158,5.363101360178104,EXAFEL,162.76643990929705,100.0,10.0,exafel_f113,9.999977111816406,68.87455774123949,4,69,1,0.24332160769016442,9.996513366699219,5589,68.83195491723401,ok,,16017.900390625
cuszp3,1,9.999977111816406,68.87466216857314,1,132.80296,1754928,5.235451254980261,EXAFEL,133.42007,100.0,10.0,exafel_f113,9.999977111816406,68.87455774123949,4,69,1,0.24332160769016442,9.996513366699219,5589,68.83195491723401,ok,,16017.900390625
roibin_b1,1,99.99998474121094,43.741958323211364,1,85.528747,885872,10.37152094207741,EXAFEL,89.223118,100.0,10.0,exafel_f114,99.99998474121094,43.74529634442594,4,22,1,0.07758080245193648,9.993255615234375,1782,63.8914723468483,ok,,9047.517578125
roibin_b2,n/a,3172.82763671875,37.5861207066246,2,111.63297,200640,45.792663476874004,EXAFEL,100.1465,100.0,10.0,exafel_f114,3172.82763671875,37.58948341092241,4,22,1,0.07758080245193648,9.993255615234375,1782,63.8914723468483,ok,,9047.517578125
cuszhi,1,10.000007629394531,63.901735080892436,1,27.12417615670182,1473084,6.237146014755438,EXAFEL,27.512456880030662,100.0,10.0,exafel_f114,10.000007629394531,63.90173520075373,4,22,1,0.07758080245193648,9.999267578125,1782,63.901889582282735,ok,spline/cr-first/cr,9047.517578125
pfpl,1,10.0,63.917819925030734,1,176.85247921157992,1685205,5.452060728516709,EXAFEL,161.66666666666666,100.0,10.0,exafel_f114,10.0,63.917799422286734,4,22,1,0.07758080245193648,9.993255615234375,1782,63.8914723468483,ok,,9047.517578125
cuszp3,1,10.0,63.917819925030734,1,135.49787,1719488,5.343358022853314,EXAFEL,135.30631,100.0,10.0,exafel_f114,10.0,63.917799422286734,4,22,1,0.07758080245193648,9.993255615234375,1782,63.8914723468483,ok,,9047.517578125
roibin_b1,1,99.99996948242188,48.787186571739,1,85.148278,808768,11.360291208356413,EXAFEL,90.34613,100.0,10.0,exafel_f115,99.99996948242188,48.794570493559625,4,49,1,0.17148753134577877,9.99853515625,3939,69.05882033689709,ok,,16241.0849609375
roibin_b2,n/a,5838.04150390625,43.81331357690461,2,116.95315,182864,50.244115845655784,EXAFEL,102.83667,100.0,10.0,exafel_f115,5838.04150390625,43.82074528377918,4,49,1,0.17148753134577877,9.99853515625,3939,69.05882033689709,ok,,16241.0849609375
cuszhi,1,10.0,68.98735137847034,1,26.88653060268958,1386842,6.625008472486412,EXAFEL,28.755132699048573,100.0,10.0,exafel_f115,10.0,68.98740043265758,4,49,1,0.17148753134577877,9.999931335449219,3939,69.01605094062431,ok,spline/cr-first/cr,16241.0849609375
pfpl,1,10.0,69.05105302938503,1,175.6085626911315,1592223,5.770447983730922,EXAFEL,161.43941523755973,100.0,10.0,exafel_f115,10.0,69.05106633746513,4,49,1,0.17148753134577877,9.99853515625,3939,69.05882033689709,ok,,16241.0849609375
cuszp3,1,10.0,69.05105302938503,1,136.59372,1631904,5.630135105986627,EXAFEL,133.04913,100.0,10.0,exafel_f115,10.0,69.05106633746513,4,49,1,0.17148753134577877,9.99853515625,3939,69.05882033689709,ok,,16241.0849609375
roibin_b1,1,99.99998474121094,48.832713360625334,1,87.589993,917440,10.01464945936519,EXAFEL,90.803286,100.0,10.0,exafel_f116,99.99998474121094,48.88096318230807,4,317,1,1.115517901922541,10.0,25623,69.0244354147283,ok,,16271.4580078125
roibin_b2,n/a,3506.2646484375,42.80038839321017,2,114.61876,232960,39.43956043956044,EXAFEL,102.87352,100.0,10.0,exafel_f116,3506.2646484375,42.84899008520147,4,317,1,1.115517901922541,10.0,25623,69.0244354147283,ok,,16271.4580078125
cuszhi,1,10.0,68.99832089767443,1,25.573813384177527,1478461,6.214462200896743,EXAFEL,27.28110599078341,100.0,10.0,exafel_f116,10.0,68.99854846720778,4,317,1,1.115517901922541,9.99957275390625,25623,69.01876877301711,ok,spline/cr-first/cr,16271.4580078125
pfpl,1,10.0,69.01852660659935,1,177.94855903315775,1683484,5.457634286990551,EXAFEL,160.76147816349385,100.0,10.0,exafel_f116,10.0,69.01859247609204,4,317,1,1.115517901922541,10.0,25623,69.0244354147283,ok,,16271.4580078125
cuszp3,1,10.0,69.01852660659935,1,135.75413,1719840,5.342264396688064,EXAFEL,135.11529,100.0,10.0,exafel_f116,10.0,69.01859247609204,4,317,1,1.115517901922541,10.0,25623,69.0244354147283,ok,,16271.4580078125
roibin_b1,1,99.99991607666016,48.73623678883302,1,86.274039,815072,11.272427466530564,EXAFEL,88.644644,100.0,10.0,exafel_f117,99.99991607666016,48.746486554222386,4,68,1,0.23796670381721927,9.999130249023438,5466,69.00781225148656,ok,,16159.7802734375
roibin_b2,n/a,9223.044921875,43.69014224564221,2,112.64025,186368,49.29945054945055,EXAFEL,103.28058,100.0,10.0,exafel_f117,9223.044921875,43.700458875911195,4,68,1,0.23796670381721927,9.999130249023438,5466,69.00781225148656,ok,,16159.7802734375
cuszhi,1,10.0,68.94430709053921,1,26.728261818181817,1398580,6.569406111913512,EXAFEL,28.272364728472258,100.0,10.0,exafel_f117,10.0,68.94445253867423,4,68,1,0.23796670381721927,9.99969482421875,5466,69.00586144371582,ok,spline/cr-first/cr,16159.7802734375
pfpl,1,10.0,69.01213654960436,1,139.7517644195668,1598045,5.74942507876812,EXAFEL,160.67151650811417,100.0,10.0,exafel_f117,10.0,69.01212625410207,4,68,1,0.23796670381721927,9.999130249023438,5466,69.00781225148656,ok,,16159.7802734375
cuszp3,1,10.0,69.01213654960436,1,135.94697,1636672,5.613733234270519,EXAFEL,133.73078,100.0,10.0,exafel_f117,10.0,69.01212625410207,4,68,1,0.23796670381721927,9.999130249023438,5466,69.00781225148656,ok,,16159.7802734375
roibin_b1,1,100.00006103515625,48.835553822888855,1,89.001863,913120,10.062029087086035,EXAFEL,89.417627,100.0,10.0,exafel_f118,100.00006103515625,48.83995471888778,4,29,1,0.10226560323209807,9.9976806640625,2349,69.00928564318973,ok,,16179.431640625
roibin_b2,n/a,4478.681640625,42.260797296720696,2,115.91441,206960,44.394279087746426,EXAFEL,105.40382,100.0,10.0,exafel_f118,4478.681640625,42.26523150837741,4,29,1,0.10226560323209807,9.9976806640625,2349,69.00928564318973,ok,,16179.431640625
cuszhi,1,10.0,68.9505681210358,1,27.093621770817823,1503893,6.109370812950123,EXAFEL,27.455892899832655,100.0,10.0,exafel_f118,10.0,68.95052566056545,4,29,1,0.10226560323209807,9.997299194335938,2349,68.9092453381097,ok,spline/cr-first/cr,16179.431640625
pfpl,1,9.99993896484375,68.96377812410097,1,174.43499392466586,1709272,5.375294277329764,EXAFEL,161.48481439820023,100.0,10.0,exafel_f118,9.99993896484375,68.96382441990916,4,29,1,0.10226560323209807,9.9976806640625,2349,69.00928564318973,ok,,16179.431640625
cuszp3,1,9.99993896484375,68.96377812410097,1,131.28487,1750544,5.248562732499154,EXAFEL,130.92568,100.0,10.0,exafel_f118,9.99993896484375,68.96382441990916,4,29,1,0.10226560323209807,9.9976806640625,2349,69.00928564318973,ok,,16179.431640625
roibin_b1,1,99.99995422363281,48.77755994393886,1,87.164543,875872,10.48993460231632,EXAFEL,88.535306,100.0,10.0,exafel_f119,99.99995422363281,48.84142153830926,4,419,1,1.4736434243521872,9.999969482421875,33849,69.02058635852376,ok,,16270.0166015625
roibin_b2,n/a,6890.96484375,43.49476764399682,2,116.76291,231040,39.767313019390585,EXAFEL,103.50397,100.0,10.0,exafel_f119,6890.96484375,43.55906142763861,4,419,1,1.4736434243521872,9.999969482421875,33849,69.02058635852376,ok,,16270.0166015625
cuszhi,1,10.0,68.99409886462173,1,26.14010006131138,1422363,6.459560604430796,EXAFEL,27.41525828320443,100.0,10.0,exafel_f119,10.0,68.99411716524469,4,419,1,1.4736434243521872,9.999969482421875,33849,68.99534090195,ok,spline/cr-first/cr,16270.0166015625
pfpl,1,9.999969482421875,69.05360637837214,1,176.7436134195137,1624446,5.655983639960946,EXAFEL,160.22321428571428,100.0,10.0,exafel_f119,9.999969482421875,69.05311795395588,4,419,1,1.4736434243521872,9.999969482421875,33849,69.02058635852376,ok,,16270.0166015625
cuszp3,1,9.999969482421875,69.05360637837214,1,133.9804,1663376,5.523609815219169,EXAFEL,132.68023,100.0,10.0,exafel_f119,9.999969482421875,69.05311795395588,4,419,1,1.4736434243521872,9.999969482421875,33849,69.02058635852376,ok,,16270.0166015625
roibin_b1,1,99.99982452392578,47.75857685954135,1,87.297053,910416,10.091914026115534,EXAFEL,94.478444,100.0,10.0,exafel_f120,99.99982452392578,47.76140940875796,4,19,1,0.06582613541376428,9.997467041015625,1512,67.97998022634928,ok,,14297.4453125
roibin_b2,n/a,1859.8896484375,41.21144873506863,2,105.6365,205584,44.69141567437155,EXAFEL,98.396158,100.0,10.0,exafel_f120,1859.8896484375,41.21430244887642,4,19,1,0.06582613541376428,9.997467041015625,1512,67.97998022634928,ok,,14297.4453125
cuszhi,1,10.000015258789062,67.87968172549057,1,27.119252407067417,1502632,6.114497761261573,EXAFEL,27.577198290352015,100.0,10.0,exafel_f120,10.000015258789062,67.87967239725825,4,19,1,0.06582613541376428,9.999298095703125,1512,67.86553376392327,ok,spline/cr-first/cr,14297.4453125
pfpl,1,9.99993896484375,67.88206677549158,1,175.554876184653,1708090,5.379013986382451,EXAFEL,161.5756893640968,100.0,10.0,exafel_f120,9.99993896484375,67.88213050747403,4,19,1,0.06582613541376428,9.997467041015625,1512,67.97998022634928,ok,,14297.4453125
cuszp3,1,9.99993896484375,67.88206677549158,1,114.7562,1748576,5.25446992295445,EXAFEL,89.585025,100.0,10.0,exafel_f120,9.99993896484375,67.88213050747403,4,19,1,0.06582613541376428,9.997467041015625,1512,67.97998022634928,ok,,14297.4453125
roibin_b1,1,99.99996948242188,48.958570477932426,1,86.900726,970000,9.472,EXAFEL,87.965688,100.0,10.0,exafel_f121,99.99996948242188,48.97100457421526,4,82,1,0.2887729869044302,10.0,6633,68.97503459567992,ok,,16257.3994140625
roibin_b2,n/a,8678.8330078125,41.51861901754015,2,116.71544,225520,40.740688187300464,EXAFEL,98.463646,100.0,10.0,exafel_f121,8678.8330078125,41.5311558198517,4,82,1,0.2887729869044302,10.0,6633,68.97503459567992,ok,,16257.3994140625
cuszhi,1,10.0,68.99235129154053,1,26.364489387161292,1548775,5.932327161789156,EXAFEL,26.732461244821003,100.0,10.0,exafel_f121,10.0,68.99227181338813,4,82,1,0.2887729869044302,9.99603271484375,6633,68.96491517470812,ok,spline/cr-first/cr,16257.3994140625
pfpl,1,10.0,68.99197572298158,1,175.6085626911315,1757586,5.2275336740278995,EXAFEL,161.3940415964025,100.0,10.0,exafel_f121,10.0,68.99192670631743,4,82,1,0.2887729869044302,10.0,6633,68.97503459567992,ok,,16257.3994140625
cuszp3,1,10.0,68.99197572298158,1,134.73487,1815424,5.060988507367976,EXAFEL,131.52542,100.0,10.0,exafel_f121,10.0,68.99192670631743,4,82,1,0.2887729869044302,10.0,6633,68.97503459567992,ok,,16257.3994140625
roibin_b1,1,99.99996948242188,48.729656144686864,1,85.528747,842864,10.900738434670362,EXAFEL,88.699414,100.0,10.0,exafel_f122,99.99996948242188,48.745833305738316,4,107,1,0.3753657007522987,9.999176025390625,8622,68.9527587268314,ok,,16166.388671875
roibin_b2,n/a,7168.2138671875,43.35573236672307,2,111.76333,196944,46.65204322040783,EXAFEL,104.63557,100.0,10.0,exafel_f122,7168.2138671875,43.3720198656381,4,107,1,0.3753657007522987,9.999176025390625,8622,68.9527587268314,ok,,16166.388671875
cuszhi,1,9.999990463256836,68.94279618467895,1,26.625014851499493,1418670,6.4763757603953,EXAFEL,27.6355936281823,100.0,10.0,exafel_f122,9.999990463256836,68.94291577463221,4,107,1,0.3753657007522987,9.998870849609375,8622,68.97477276214923,ok,spline/cr-first/cr,16166.388671875
pfpl,1,9.999990463256836,68.9959211300201,1,175.50122249388752,1628069,5.643397177883738,EXAFEL,162.0316027088036,100.0,10.0,exafel_f122,9.999990463256836,68.99575830843818,4,107,1,0.3753657007522987,9.999176025390625,8622,68.9527587268314,ok,,16166.388671875
cuszp3,1,9.999990463256836,68.9959211300201,1,134.67167,1663360,5.523662947287418,EXAFEL,132.25242,100.0,10.0,exafel_f122,9.999990463256836,68.99575830843818,4,107,1,0.3753657007522987,9.999176025390625,8622,68.9527587268314,ok,,16166.388671875
roibin_b1,1,100.00000762939453,49.124083026494525,1,86.743201,618320,14.859360848751455,EXAFEL,89.029454,100.0,10.0,exafel_f123,100.00000762939453,49.12862786714862,4,30,1,0.10579200334354974,9.990493774414062,2430,68.58434152147697,ok,,14998.888671875
roibin_b2,n/a,1482.430908203125,46.32647722976434,2,122.3349,105552,87.04562680006063,EXAFEL,100.2514,100.0,10.0,exafel_f123,1482.430908203125,46.331046803148986,4,30,1,0.10579200334354974,9.990493774414062,2430,68.58434152147697,ok,,14998.888671875
cuszhi,1,10.0,68.3038856564996,1,27.465331440101643,1138167,8.072488483675945,EXAFEL,31.056787452677124,100.0,10.0,exafel_f123,10.0,68.30378972082477,4,30,1,0.10579200334354974,9.996612548828125,2430,68.2141351645854,ok,spline/cr-first/cr,14998.888671875
pfpl,1,9.999984741210938,68.94054890152451,1,176.68923076923076,1332386,6.8957794513001485,EXAFEL,136.4963156643689,100.0,10.0,exafel_f123,9.999984741210938,68.94015619491151,4,30,1,0.10579200334354974,9.990493774414062,2430,68.58434152147697,ok,,14998.888671875
cuszp3,1,9.999984741210938,68.94054890152451,1,135.75413,1379840,6.658627087198516,EXAFEL,132.55771,100.0,10.0,exafel_f123,9.999984741210938,68.94015619491151,4,30,1,0.10579200334354974,9.990493774414062,2430,68.58434152147697,ok,,14998.888671875
roibin_b1,1,100.0,48.75056774061587,1,88.263139,922096,9.964081830959033,EXAFEL,94.261329,100.0,10.0,exafel_f124,100.0,48.75360206714035,4,20,1,0.07052800222903316,9.995849609375,1620,68.88074107855061,ok,,15987.396484375
roibin_b2,n/a,2083.25146484375,42.004677342614926,2,117.23969,208336,44.101067506335916,EXAFEL,99.937348,100.0,10.0,exafel_f124,2083.25146484375,42.007735122651056,4,20,1,0.07052800222903316,9.995849609375,1620,68.88074107855061,ok,,15987.396484375
cuszhi,1,10.0,68.84581152186874,1,26.720682860861285,1514069,6.068309964737407,EXAFEL,27.611674760782805,100.0,10.0,exafel_f124,10.0,68.8458267425997,4,20,1,0.07052800222903316,9.998382568359375,1620,68.86744640039393,ok,spline/cr-first/cr,15987.396484375
pfpl,1,10.0,68.85714948746707,1,177.12523133867984,1718682,5.345863865450386,EXAFEL,161.80332488024794,100.0,10.0,exafel_f124,10.0,68.85716608106637,4,20,1,0.07052800222903316,9.995849609375,1620,68.88074107855061,ok,,15987.396484375
cuszp3,1,10.0,68.85714948746707,1,132.19153,1762240,5.213727982567641,EXAFEL,133.04913,100.0,10.0,exafel_f124,10.0,68.85716608106637,4,20,1,0.07052800222903316,9.995849609375,1620,68.88074107855061,ok,,15987.396484375
roibin_b1,1,99.99998474121094,48.86477083901841,1,84.496762,752512,12.209559448885864,EXAFEL,89.445483,100.0,10.0,exafel_f125,99.99998474121094,48.87291648701815,4,54,1,0.1892501393145723,9.99932861328125,4347,68.927302633964,ok,,16018.0400390625
roibin_b2,n/a,1881.060546875,45.155149400216736,2,114.16302,161616,56.84981684981685,EXAFEL,104.94152,100.0,10.0,exafel_f125,1881.060546875,45.16334166816774,4,54,1,0.1892501393145723,9.99932861328125,4347,68.927302633964,ok,,16018.0400390625
cuszhi,1,10.0,68.86272302945979,1,27.179661638676965,1302880,7.0519464570797,EXAFEL,28.73930233722036,100.0,10.0,exafel_f125,10.0,68.86271284428395,4,54,1,0.1892501393145723,9.996561050415039,4347,68.85734449595728,ok,spline/cr-first/cr,16018.0400390625
pfpl,1,10.0,69.05032652607483,1,175.87748851454825,1497526,6.135345897166393,EXAFEL,160.94170403587444,100.0,10.0,exafel_f125,10.0,69.05009038062688,4,54,1,0.1892501393145723,9.99932861328125,4347,68.927302633964,ok,,16018.0400390625
cuszp3,1,10.0,69.05032652607483,1,135.30631,1539808,5.966873792057192,EXAFEL,125.48951,100.0,10.0,exafel_f125,10.0,69.05009038062688,4,54,1,0.1892501393145723,9.99932861328125,4347,68.927302633964,ok,,16018.0400390625
roibin_b1,1,100.0,47.5221901003924,1,89.140016,918464,10.003484077764616,EXAFEL,88.371805,100.0,10.0,exafel_f126,100.0,47.52441482205607,4,15,1,0.05172053496795765,9.99298095703125,1188,67.60408396486703,ok,,13891.33984375
roibin_b2,n/a,2843.57861328125,40.837963678620014,2,114.52732,206736,44.44238062069499,EXAFEL,107.89929,100.0,10.0,exafel_f126,2843.57861328125,40.840205721822606,4,15,1,0.05172053496795765,9.99298095703125,1188,67.60408396486703,ok,,13891.33984375
cuszhi,1,10.0,67.62695629602862,1,27.112610180094844,1510542,6.0824790042249735,EXAFEL,27.272036474164135,100.0,10.0,exafel_f126,10.0,67.62693581082824,4,15,1,0.05172053496795765,9.9984130859375,1188,67.58752824243626,ok,spline/cr-first/cr,13891.33984375
pfpl,1,10.0,67.63262604666879,1,173.90672319806177,1715233,5.356613358068554,EXAFEL,161.30337078651687,100.0,10.0,exafel_f126,10.0,67.63261123596146,4,15,1,0.05172053496795765,9.99298095703125,1188,67.60408396486703,ok,,13891.33984375
cuszp3,1,10.0,67.63262604666879,1,135.43396,1757424,5.22801555003232,EXAFEL,133.11081,100.0,10.0,exafel_f126,10.0,67.63261123596146,4,15,1,0.05172053496795765,9.99298095703125,1188,67.60408396486703,ok,,13891.33984375
roibin_b1,1,100.00003051757812,48.74262608522287,1,86.429864,857888,10.709836249020851,EXAFEL,88.236015,100.0,10.0,exafel_f127,100.00003051757812,48.747629502900395,4,33,1,0.11624059626636947,9.99517822265625,2670,68.98628450174033,ok,,16152.9755859375
roibin_b2,n/a,1747.55615234375,43.037398247042404,2,111.15756,194672,47.19651516396811,EXAFEL,100.35652,100.0,10.0,exafel_f127,1747.55615234375,43.04243660263148,4,33,1,0.11624059626636947,9.99517822265625,2670,68.98628450174033,ok,,16152.9755859375
cuszhi,1,9.999969482421875,68.94057426004467,1,26.682155054248078,1443492,6.365009296899463,EXAFEL,27.852742882087597,100.0,10.0,exafel_f127,9.999969482421875,68.9405834706076,4,33,1,0.11624059626636947,9.997894287109375,2670,68.94850519468896,ok,spline/cr-first/cr,16152.9755859375
pfpl,1,10.0,68.97031672621684,1,174.43499392466586,1654161,5.554380740447876,EXAFEL,144.97349154253976,100.0,10.0,exafel_f127,10.0,68.97033525321379,4,33,1,0.11624059626636947,9.99517822265625,2670,68.98628450174033,ok,,16152.9755859375
cuszp3,1,10.0,68.97031672621684,1,135.11529,1688192,5.4424141329896125,EXAFEL,132.61894,100.0,10.0,exafel_f127,10.0,68.97033525321379,4,33,1,0.11624059626636947,9.99517822265625,2670,68.98628450174033,ok,,16152.9755859375
roibin_b1,1,99.99996185302734,48.7880893086032,1,88.046614,890608,10.316368144009486,EXAFEL,90.374568,100.0,10.0,exafel_f128,99.99996185302734,48.81313975388726,4,165,1,0.5806805516857063,9.999862670898438,13338,68.99779632337975,ok,,16208.0927734375
roibin_b2,n/a,8742.7021484375,42.79704175490133,2,110.64355,212736,43.18892900120337,EXAFEL,101.1342,100.0,10.0,exafel_f128,8742.7021484375,42.822273057749406,4,165,1,0.5806805516857063,9.999862670898438,13338,68.99779632337975,ok,,16208.0927734375
cuszhi,1,10.0,68.97194825919851,1,26.52953150942034,1468726,6.255652858327557,EXAFEL,27.77192049136722,100.0,10.0,exafel_f128,10.0,68.97205593699515,4,165,1,0.5806805516857063,9.998260498046875,13338,68.99053110857292,ok,spline/cr-first/cr,16208.0927734375
pfpl,1,9.999969482421875,68.99167131935448,1,176.90696241528033,1674731,5.486158672646533,EXAFEL,161.03196859226023,100.0,10.0,exafel_f128,9.999969482421875,68.9917068611384,4,165,1,0.5806805516857063,9.999862670898438,13338,68.99779632337975,ok,,16208.0927734375
cuszp3,1,9.999969482421875,68.99167131935448,1,133.11081,1708176,5.378743174005489,EXAFEL,133.66853,100.0,10.0,exafel_f128,9.999969482421875,68.9917068611384,4,165,1,0.5806805516857063,9.999862670898438,13338,68.99779632337975,ok,,16208.0927734375
roibin_b1,1,100.0,48.846340064810434,1,82.29292,892080,10.299345350192807,EXAFEL,90.374568,100.0,10.0,exafel_f129,100.0,48.849223268670364,4,19,1,0.0670016021175815,9.99774169921875,1539,69.07663820744841,ok,,16273.12890625
roibin_b2,n/a,6295.63671875,42.612429641539684,2,112.81729,201312,45.63980289302178,EXAFEL,101.85172,100.0,10.0,exafel_f129,6295.63671875,42.61533388677056,4,19,1,0.0670016021175815,9.99774169921875,1539,69.07663820744841,ok,,16273.12890625
cuszhi,1,10.0,69.00402442178418,1,26.81113259164691,1483072,6.1951408967332675,EXAFEL,27.47691277094598,100.0,10.0,exafel_f129,10.0,69.00401267464954,4,19,1,0.0670016021175815,9.99810791015625,1539,68.98652707556735,ok,spline/cr-first/cr,16273.12890625
pfpl,1,9.999969482421875,69.01758716246681,1,174.38202247191015,1689511,5.438165244262985,EXAFEL,162.3981900452489,100.0,10.0,exafel_f129,9.999969482421875,69.01762646002204,4,19,1,0.0670016021175815,9.99774169921875,1539,69.07663820744841,ok,,16273.12890625
cuszp3,1,9.999969482421875,69.01758716246681,1,132.55771,1725488,5.324777686080691,EXAFEL,132.68023,100.0,10.0,exafel_f129,9.999969482421875,69.01762646002204,4,19,1,0.0670016021175815,9.99774169921875,1539,69.07663820744841,ok,,16273.12890625
